0	建具材の袋	27	47	100	1	100	18	-1	-1	-1	0	0	-1	0	0	-1	0	0	75	100	1	3	76	70	1	3	2	15	1	3	-1	0	0	-1	0	0	-1	0	0	-1	0	0	0
1	建具材の袋	27	47	100	10	500	45	-1	-1	-1	0	0	-1	0	0	-1	0	0	75	100	1	3	76	70	1	3	2	15	1	3	-1	0	0	-1	0	0	-1	0	0	-1	0	0	0
2	建具材の袋	27	47	100	50	999	165	-1	-1	-1	0	0	-1	0	0	-1	0	0	75	100	1	3	76	70	1	3	2	15	1	3	-1	0	0	-1	0	0	-1	0	0	-1	0	0	0
3	建具材の袋	27	47	100	100	999	315	-1	-1	-1	0	0	-1	0	0	-1	0	0	75	100	1	3	76	70	1	3	2	15	1	3	-1	0	0	-1	0	0	-1	0	0	-1	0	0	0
4	建具材の袋	27	47	100	200	999	615	-1	-1	-1	0	0	-1	0	0	-1	0	0	75	100	1	3	76	70	1	3	2	15	1	3	-1	0	0	-1	0	0	-1	0	0	-1	0	0	0
5	野草の袋	27	50	100	1	999	18	-1	-1	-1	0	0	-1	0	0	-1	0	0	85	100	1	3	77	70	1	3	1	15	1	3	-1	0	0	-1	0	0	-1	0	0	-1	0	0	0
6	野草の袋	27	50	100	50	999	165	-1	-1	-1	0	0	-1	0	0	-1	0	0	86	100	1	3	77	70	1	3	1	15	1	3	-1	0	0	-1	0	0	-1	0	0	-1	0	0	0
7	野草の袋	27	50	100	150	999	465	-1	-1	-1	0	0	-1	0	0	-1	0	0	87	100	1	3	77	70	1	3	1	15	1	3	-1	0	0	-1	0	0	-1	0	0	-1	0	0	0
8	お野菜の袋	27	53	100	1	999	18	-1	-1	-1	0	0	-1	0	0	-1	0	0	96	100	1	3	97	70	1	3	1	15	1	3	-1	0	0	-1	0	0	-1	0	0	-1	0	0	0
9	お野菜の袋	27	53	100	50	999	165	-1	-1	-1	0	0	-1	0	0	-1	0	0	99	100	1	3	100	70	1	3	1	15	1	3	-1	0	0	-1	0	0	-1	0	0	-1	0	0	0
10	お野菜の袋	27	53	100	150	999	465	-1	-1	-1	0	0	-1	0	0	-1	0	0	101	100	1	3	102	70	1	3	1	15	1	3	-1	0	0	-1	0	0	-1	0	0	-1	0	0	0
11	種の袋	27	52	100	1	999	18	-1	-1	-1	0	0	-1	0	0	-1	0	0	71	100	1	3	72	70	1	3	1	15	1	3	-1	0	0	-1	0	0	-1	0	0	-1	0	0	0
12	種の袋	27	52	100	50	999	165	-1	-1	-1	0	0	-1	0	0	-1	0	0	71	100	1	3	72	70	1	3	1	15	1	3	-1	0	0	-1	0	0	-1	0	0	-1	0	0	0
13	種の袋	27	52	100	150	999	465	-1	-1	-1	0	0	-1	0	0	-1	0	0	71	100	1	3	72	70	1	3	1	15	1	3	-1	0	0	-1	0	0	-1	0	0	-1	0	0	0
14	種の袋	27	52	100	200	999	615	-1	-1	-1	0	0	-1	0	0	-1	0	0	71	100	1	3	72	70	1	3	1	15	1	3	-1	0	0	-1	0	0	-1	0	0	-1	0	0	0
15	木箱	27	66	100	1	100	18	-1	-1	-1	0	0	-1	0	0	-1	0	0	75	100	1	3	76	70	1	3	12	15	1	3	99	5	3	-1	0	0	-1	0	0	-1	0	0	0
16	木箱	27	66	100	10	500	45	-1	-1	-1	0	0	-1	0	0	-1	0	0	75	100	1	3	76	70	1	3	12	15	1	3	99	5	3	-1	0	0	-1	0	0	-1	0	0	0
17	木箱	27	66	100	50	999	165	-1	-1	-1	0	0	-1	0	0	-1	0	0	75	100	1	3	76	70	1	3	12	15	1	3	99	5	3	-1	0	0	-1	0	0	-1	0	0	0
18	木箱	27	66	100	100	999	315	-1	-1	-1	0	0	-1	0	0	-1	0	0	4	100	1	3	75	70	1	3	12	15	1	3	99	5	3	-1	0	0	-1	0	0	-1	0	0	0
19	金の樽	27	65	100	200	999	615	-1	-1	-1	0	0	-1	0	0	-1	0	0	5	100	1	3	133	70	1	3	13	15	1	3	99	5	3	-1	0	0	-1	0	0	-1	0	0	0
20	果物の袋	27	48	101	1	999	18	-1	-1	-1	0	0	-1	0	0	-1	0	0	108	100	1	3	109	70	1	3	3	15	1	3	-1	0	0	-1	0	0	-1	0	0	-1	0	0	0
21	果物の袋	27	48	101	25	999	90	-1	-1	-1	0	0	-1	0	0	-1	0	0	110	100	1	3	111	70	1	3	3	15	1	3	-1	0	0	-1	0	0	-1	0	0	-1	0	0	0
22	果物の袋	27	48	101	50	999	165	-1	-1	-1	0	0	-1	0	0	-1	0	0	112	100	1	3	113	70	1	3	3	15	1	3	-1	0	0	-1	0	0	-1	0	0	-1	0	0	0
23	果物の袋	27	48	101	75	999	240	-1	-1	-1	0	0	-1	0	0	-1	0	0	114	100	1	3	115	70	1	3	3	15	1	3	-1	0	0	-1	0	0	-1	0	0	-1	0	0	0
24	建具材の袋	27	47	100	1	100	18	-1	-1	-1	0	0	-1	0	0	-1	0	0	75	100	1	3	76	70	1	3	2	15	1	3	-1	0	0	-1	0	0	-1	0	0	-1	0	0	0
25	建具材の袋	27	47	100	10	500	45	-1	-1	-1	0	0	-1	0	0	-1	0	0	75	100	1	3	76	70	1	3	2	15	1	3	-1	0	0	-1	0	0	-1	0	0	-1	0	0	0
26	お野菜の袋	27	53	101	1	999	18	-1	-1	-1	0	0	-1	0	0	-1	0	0	103	100	1	3	104	70	1	3	1	15	1	3	-1	0	0	-1	0	0	-1	0	0	-1	0	0	0
27	お野菜の袋	27	53	101	40	999	135	-1	-1	-1	0	0	-1	0	0	-1	0	0	105	100	1	3	106	70	1	3	1	15	1	3	-1	0	0	-1	0	0	-1	0	0	-1	0	0	0
28	種の袋	27	52	101	1	999	18	-1	-1	-1	0	0	-1	0	0	-1	0	0	71	100	1	3	72	70	1	3	1	15	1	3	-1	0	0	-1	0	0	-1	0	0	-1	0	0	0
29	種の袋	27	52	101	25	999	90	-1	-1	-1	0	0	-1	0	0	-1	0	0	71	100	1	3	72	70	1	3	1	15	1	3	-1	0	0	-1	0	0	-1	0	0	-1	0	0	0
30	種の袋	27	52	101	50	999	165	-1	-1	-1	0	0	-1	0	0	-1	0	0	71	100	1	3	72	70	1	3	1	15	1	3	-1	0	0	-1	0	0	-1	0	0	-1	0	0	0
31	種の袋	27	52	101	80	999	255	-1	-1	-1	0	0	-1	0	0	-1	0	0	71	100	1	3	72	70	1	3	1	15	1	3	-1	0	0	-1	0	0	-1	0	0	-1	0	0	0
32	野草の袋	27	50	101	1	999	18	-1	-1	-1	0	0	-1	0	0	-1	0	0	85	100	1	3	77	70	1	3	1	15	1	3	-1	0	0	-1	0	0	-1	0	0	-1	0	0	0
33	野草の袋	27	50	101	25	999	90	-1	-1	-1	0	0	-1	0	0	-1	0	0	88	100	1	3	77	70	1	3	1	15	1	3	-1	0	0	-1	0	0	-1	0	0	-1	0	0	0
34	野草の袋	27	50	101	50	999	165	-1	-1	-1	0	0	-1	0	0	-1	0	0	85	100	1	3	77	70	1	3	1	15	1	3	-1	0	0	-1	0	0	-1	0	0	-1	0	0	0
35	野草の袋	27	50	101	75	999	240	-1	-1	-1	0	0	-1	0	0	-1	0	0	88	100	1	3	77	70	1	3	1	15	1	3	-1	0	0	-1	0	0	-1	0	0	-1	0	0	0
36	木箱	27	67	101	1	999	18	-1	-1	-1	0	0	-1	0	0	-1	0	0	75	100	1	3	76	70	1	3	12	15	1	3	99	5	3	-1	0	0	-1	0	0	-1	0	0	0
37	木箱	27	67	101	25	999	90	-1	-1	-1	0	0	-1	0	0	-1	0	0	75	100	1	3	76	70	1	3	12	15	1	3	99	5	3	-1	0	0	-1	0	0	-1	0	0	0
38	木箱	27	67	101	50	999	165	-1	-1	-1	0	0	-1	0	0	-1	0	0	4	100	1	3	75	70	1	3	12	15	1	3	99	5	3	-1	0	0	-1	0	0	-1	0	0	0
39	金の樽	27	65	101	120	999	375	-1	-1	-1	0	0	-1	0	0	-1	0	0	5	100	1	3	133	70	1	3	13	15	1	3	99	5	3	-1	0	0	-1	0	0	-1	0	0	0
40	野草の袋	27	50	102	1	100	18	-1	-1	-1	0	0	-1	0	0	-1	0	0	85	100	1	3	77	70	1	3	1	15	1	3	-1	0	0	-1	0	0	-1	0	0	-1	0	0	0
41	野草の袋	27	50	102	40	999	135	-1	-1	-1	0	0	-1	0	0	-1	0	0	89	100	1	3	77	70	1	3	1	15	1	3	-1	0	0	-1	0	0	-1	0	0	-1	0	0	0
42	野草の袋	27	50	102	120	999	375	-1	-1	-1	0	0	-1	0	0	-1	0	0	85	100	1	3	77	70	1	3	1	15	1	3	-1	0	0	-1	0	0	-1	0	0	-1	0	0	0
43	野草の袋	27	50	102	200	999	615	-1	-1	-1	0	0	-1	0	0	-1	0	0	90	100	1	3	77	70	1	3	1	15	1	3	-1	0	0	-1	0	0	-1	0	0	-1	0	0	0
44	種の袋	27	52	102	1	100	18	-1	-1	-1	0	0	-1	0	0	-1	0	0	71	100	1	3	72	70	1	3	1	15	1	3	-1	0	0	-1	0	0	-1	0	0	-1	0	0	0
45	種の袋	27	52	102	20	999	75	-1	-1	-1	0	0	-1	0	0	-1	0	0	71	100	1	3	72	70	1	3	1	15	1	3	-1	0	0	-1	0	0	-1	0	0	-1	0	0	0
46	種の袋	27	52	102	50	999	165	-1	-1	-1	0	0	-1	0	0	-1	0	0	71	100	1	3	72	70	1	3	1	15	1	3	-1	0	0	-1	0	0	-1	0	0	-1	0	0	0
47	種の袋	27	52	102	80	999	255	-1	-1	-1	0	0	-1	0	0	-1	0	0	71	100	1	3	72	70	1	3	1	15	1	3	-1	0	0	-1	0	0	-1	0	0	-1	0	0	0
48	種の袋	27	52	102	150	999	465	-1	-1	-1	0	0	-1	0	0	-1	0	0	71	100	1	3	72	70	1	3	1	15	1	3	-1	0	0	-1	0	0	-1	0	0	-1	0	0	0
49	建具材の袋	27	47	102	1	100	18	-1	-1	-1	0	0	-1	0	0	-1	0	0	76	100	1	3	78	70	1	3	2	15	1	3	-1	0	0	-1	0	0	-1	0	0	-1	0	0	0
50	建具材の袋	27	47	102	20	999	75	-1	-1	-1	0	0	-1	0	0	-1	0	0	76	100	1	3	79	70	1	3	2	15	1	3	-1	0	0	-1	0	0	-1	0	0	-1	0	0	0
51	建具材の袋	27	47	102	50	999	165	-1	-1	-1	0	0	-1	0	0	-1	0	0	78	100	1	3	79	70	1	3	2	15	1	3	-1	0	0	-1	0	0	-1	0	0	-1	0	0	0
52	建具材の袋	27	47	102	80	999	255	-1	-1	-1	0	0	-1	0	0	-1	0	0	76	100	1	3	79	70	1	3	2	15	1	3	-1	0	0	-1	0	0	-1	0	0	-1	0	0	0
53	建具材の袋	27	47	102	150	999	465	-1	-1	-1	0	0	-1	0	0	-1	0	0	78	100	1	3	81	70	1	3	2	15	1	3	-1	0	0	-1	0	0	-1	0	0	-1	0	0	0
54	建具材の袋	27	47	102	200	999	615	-1	-1	-1	0	0	-1	0	0	-1	0	0	76	100	1	3	81	70	1	3	2	15	1	3	-1	0	0	-1	0	0	-1	0	0	-1	0	0	0
55	木箱	27	68	102	1	999	18	-1	-1	-1	0	0	-1	0	0	-1	0	0	82	100	1	3	83	70	1	3	12	15	1	3	99	5	3	-1	0	0	-1	0	0	-1	0	0	0
56	木箱	27	68	102	20	999	75	-1	-1	-1	0	0	-1	0	0	-1	0	0	82	100	1	3	83	70	1	3	12	15	1	3	99	5	3	-1	0	0	-1	0	0	-1	0	0	0
57	木箱	27	68	102	50	999	165	-1	-1	-1	0	0	-1	0	0	-1	0	0	82	100	1	3	84	70	1	3	12	15	1	3	99	5	3	-1	0	0	-1	0	0	-1	0	0	0
58	木箱	27	68	102	120	999	375	-1	-1	-1	0	0	-1	0	0	-1	0	0	4	100	1	3	75	70	1	3	12	15	1	3	99	5	3	-1	0	0	-1	0	0	-1	0	0	0
59	金の樽	27	65	102	200	999	615	-1	-1	-1	0	0	-1	0	0	-1	0	0	5	100	1	3	133	70	1	3	13	15	1	3	99	5	3	-1	0	0	-1	0	0	-1	0	0	0
60	建具材の袋	27	47	103	1	999	18	-1	-1	-1	0	0	-1	0	0	-1	0	0	79	100	1	3	75	70	1	3	2	15	1	3	-1	0	0	-1	0	0	-1	0	0	-1	0	0	0
61	建具材の袋	27	47	103	20	999	75	-1	-1	-1	0	0	-1	0	0	-1	0	0	79	100	1	3	80	70	1	3	2	15	1	3	-1	0	0	-1	0	0	-1	0	0	-1	0	0	0
62	建具材の袋	27	47	103	30	999	105	-1	-1	-1	0	0	-1	0	0	-1	0	0	79	100	1	3	80	70	1	3	2	15	1	3	-1	0	0	-1	0	0	-1	0	0	-1	0	0	0
63	建具材の袋	27	47	103	45	999	150	-1	-1	-1	0	0	-1	0	0	-1	0	0	79	100	1	3	81	70	1	3	2	15	1	3	-1	0	0	-1	0	0	-1	0	0	-1	0	0	0
64	果物の袋	27	48	103	1	999	18	-1	-1	-1	0	0	-1	0	0	-1	0	0	111	100	1	3	112	70	1	3	3	15	1	3	-1	0	0	-1	0	0	-1	0	0	-1	0	0	0
65	果物の袋	27	48	103	20	999	75	-1	-1	-1	0	0	-1	0	0	-1	0	0	113	100	1	3	114	70	1	3	3	15	1	3	-1	0	0	-1	0	0	-1	0	0	-1	0	0	0
66	果物の袋	27	48	103	30	999	105	-1	-1	-1	0	0	-1	0	0	-1	0	0	115	100	1	3	116	70	1	3	3	15	1	3	-1	0	0	-1	0	0	-1	0	0	-1	0	0	0
67	果物の袋	27	48	103	45	999	150	-1	-1	-1	0	0	-1	0	0	-1	0	0	110	100	1	3	111	70	1	3	3	15	1	3	-1	0	0	-1	0	0	-1	0	0	-1	0	0	0
68	お肉の袋	27	49	103	1	999	18	-1	-1	-1	0	0	-1	0	0	-1	0	0	128	100	1	3	129	70	1	3	3	15	1	3	-1	0	0	-1	0	0	-1	0	0	-1	0	0	0
69	お肉の袋	27	49	103	20	999	75	-1	-1	-1	0	0	-1	0	0	-1	0	0	128	100	1	3	129	70	1	3	3	15	1	3	-1	0	0	-1	0	0	-1	0	0	-1	0	0	0
70	お肉の袋	27	49	103	30	999	105	-1	-1	-1	0	0	-1	0	0	-1	0	0	128	100	1	3	129	70	1	3	3	15	1	3	-1	0	0	-1	0	0	-1	0	0	-1	0	0	0
71	お肉の袋	27	49	103	45	999	150	-1	-1	-1	0	0	-1	0	0	-1	0	0	128	100	1	3	129	70	1	3	3	15	1	3	-1	0	0	-1	0	0	-1	0	0	-1	0	0	0
72	野草の袋	27	50	103	1	999	18	-1	-1	-1	0	0	-1	0	0	-1	0	0	91	100	1	3	77	70	1	3	1	15	1	3	-1	0	0	-1	0	0	-1	0	0	-1	0	0	0
73	野草の袋	27	50	103	20	999	75	-1	-1	-1	0	0	-1	0	0	-1	0	0	92	100	1	3	77	70	1	3	1	15	1	3	-1	0	0	-1	0	0	-1	0	0	-1	0	0	0
74	野草の袋	27	50	103	30	999	105	-1	-1	-1	0	0	-1	0	0	-1	0	0	91	100	1	3	77	70	1	3	1	15	1	3	-1	0	0	-1	0	0	-1	0	0	-1	0	0	0
75	野草の袋	27	50	103	45	999	150	-1	-1	-1	0	0	-1	0	0	-1	0	0	95	100	1	3	77	70	1	3	1	15	1	3	-1	0	0	-1	0	0	-1	0	0	-1	0	0	0
76	木箱	27	69	103	1	999	18	-1	-1	-1	0	0	-1	0	0	-1	0	0	75	100	1	3	76	70	1	3	12	15	1	3	100	5	3	-1	0	0	-1	0	0	-1	0	0	0
77	木箱	27	69	103	20	999	75	-1	-1	-1	0	0	-1	0	0	-1	0	0	75	100	1	3	76	70	1	3	12	15	1	3	100	5	3	-1	0	0	-1	0	0	-1	0	0	0
78	木箱	27	69	103	30	999	105	-1	-1	-1	0	0	-1	0	0	-1	0	0	4	100	1	3	75	70	1	3	12	15	1	3	100	5	3	-1	0	0	-1	0	0	-1	0	0	0
79	金の樽	27	65	103	45	999	150	-1	-1	-1	0	0	-1	0	0	-1	0	0	5	100	1	3	133	70	1	3	13	15	1	3	100	5	3	-1	0	0	-1	0	0	-1	0	0	0
80	建具材の袋	27	47	104	1	999	18	-1	-1	-1	0	0	-1	0	0	-1	0	0	78	100	1	3	80	70	1	3	2	15	1	3	-1	0	0	-1	0	0	-1	0	0	-1	0	0	0
81	建具材の袋	27	47	104	80	999	255	-1	-1	-1	0	0	-1	0	0	-1	0	0	78	100	1	3	79	70	1	3	2	15	1	3	-1	0	0	-1	0	0	-1	0	0	-1	0	0	0
82	建具材の袋	27	47	104	140	999	435	-1	-1	-1	0	0	-1	0	0	-1	0	0	78	100	1	3	79	70	1	3	2	15	1	3	-1	0	0	-1	0	0	-1	0	0	-1	0	0	0
83	建具材の袋	27	47	104	180	999	555	-1	-1	-1	0	0	-1	0	0	-1	0	0	78	100	1	3	80	70	1	3	2	15	1	3	-1	0	0	-1	0	0	-1	0	0	-1	0	0	0
84	建具材の袋	27	47	104	200	999	615	-1	-1	-1	0	0	-1	0	0	-1	0	0	78	100	1	3	81	70	1	3	2	15	1	3	-1	0	0	-1	0	0	-1	0	0	-1	0	0	0
85	野草の袋	27	50	104	1	999	18	-1	-1	-1	0	0	-1	0	0	-1	0	0	93	100	1	3	77	70	1	3	1	15	1	3	-1	0	0	-1	0	0	-1	0	0	-1	0	0	0
86	野草の袋	27	50	104	80	999	255	-1	-1	-1	0	0	-1	0	0	-1	0	0	94	100	1	3	77	70	1	3	1	15	1	3	-1	0	0	-1	0	0	-1	0	0	-1	0	0	0
87	野草の袋	27	50	104	140	999	435	-1	-1	-1	0	0	-1	0	0	-1	0	0	93	100	1	3	77	70	1	3	1	15	1	3	-1	0	0	-1	0	0	-1	0	0	-1	0	0	0
88	野草の袋	27	50	104	180	999	555	-1	-1	-1	0	0	-1	0	0	-1	0	0	94	100	1	3	77	70	1	3	1	15	1	3	-1	0	0	-1	0	0	-1	0	0	-1	0	0	0
89	野草の袋	27	50	104	200	999	615	-1	-1	-1	0	0	-1	0	0	-1	0	0	93	100	1	3	77	70	1	3	1	15	1	3	-1	0	0	-1	0	0	-1	0	0	-1	0	0	0
90	お野菜の袋	27	53	104	100	999	315	-1	-1	-1	0	0	-1	0	0	-1	0	0	98	100	1	3	99	70	1	3	1	15	1	3	-1	0	0	-1	0	0	-1	0	0	-1	0	0	0
91	お野菜の袋	27	53	104	200	999	615	-1	-1	-1	0	0	-1	0	0	-1	0	0	102	100	1	3	106	70	1	3	1	15	1	3	-1	0	0	-1	0	0	-1	0	0	-1	0	0	0
92	海産の袋	27	51	104	80	999	255	-1	-1	-1	0	0	-1	0	0	-1	0	0	118	100	1	3	119	70	1	3	120	15	1	3	-1	0	0	-1	0	0	-1	0	0	-1	0	0	0
93	海産の袋	27	51	104	160	999	495	-1	-1	-1	0	0	-1	0	0	-1	0	0	118	100	1	3	119	70	1	3	120	15	1	3	-1	0	0	-1	0	0	-1	0	0	-1	0	0	0
94	海産の袋	27	51	104	210	999	645	-1	-1	-1	0	0	-1	0	0	-1	0	0	118	100	1	3	119	70	1	3	120	15	1	3	-1	0	0	-1	0	0	-1	0	0	-1	0	0	0
95	木箱	27	70	104	90	999	285	-1	-1	-1	0	0	-1	0	0	-1	0	0	75	100	1	3	76	70	1	3	12	15	1	3	101	5	3	-1	0	0	-1	0	0	-1	0	0	0
96	木箱	27	70	104	130	999	405	-1	-1	-1	0	0	-1	0	0	-1	0	0	75	100	1	3	76	70	1	3	12	15	1	3	101	5	3	-1	0	0	-1	0	0	-1	0	0	0
97	木箱	27	70	104	170	999	525	-1	-1	-1	0	0	-1	0	0	-1	0	0	75	100	1	3	76	70	1	3	12	15	1	3	101	5	3	-1	0	0	-1	0	0	-1	0	0	0
98	木箱	27	70	104	200	999	615	-1	-1	-1	0	0	-1	0	0	-1	0	0	4	100	1	3	75	70	1	3	12	15	1	3	101	5	3	-1	0	0	-1	0	0	-1	0	0	0
99	金の樽	27	65	104	200	999	615	-1	-1	-1	0	0	-1	0	0	-1	0	0	5	100	1	3	133	70	1	3	13	15	1	3	101	5	3	-1	0	0	-1	0	0	-1	0	0	0
100	建具材の袋	27	47	105	1	999	18	-1	-1	-1	0	0	-1	0	0	-1	0	0	83	100	1	3	82	70	1	3	2	15	1	3	-1	0	0	-1	0	0	-1	0	0	-1	0	0	0
101	建具材の袋	27	47	105	60	999	195	-1	-1	-1	0	0	-1	0	0	-1	0	0	82	100	1	3	76	70	1	3	2	15	1	3	-1	0	0	-1	0	0	-1	0	0	-1	0	0	0
102	建具材の袋	27	47	105	120	999	375	-1	-1	-1	0	0	-1	0	0	-1	0	0	84	100	1	3	83	70	1	3	2	15	1	3	-1	0	0	-1	0	0	-1	0	0	-1	0	0	0
103	建具材の袋	27	47	105	180	999	555	-1	-1	-1	0	0	-1	0	0	-1	0	0	82	100	1	3	84	70	1	3	2	15	1	3	-1	0	0	-1	0	0	-1	0	0	-1	0	0	0
104	野草の袋	27	50	105	1	999	18	-1	-1	-1	0	0	-1	0	0	-1	0	0	95	100	1	3	77	70	1	3	1	15	1	3	-1	0	0	-1	0	0	-1	0	0	-1	0	0	0
105	野草の袋	27	50	105	80	999	255	-1	-1	-1	0	0	-1	0	0	-1	0	0	95	100	1	3	77	70	1	3	1	15	1	3	-1	0	0	-1	0	0	-1	0	0	-1	0	0	0
106	野草の袋	27	50	105	130	999	405	-1	-1	-1	0	0	-1	0	0	-1	0	0	95	100	1	3	77	70	1	3	1	15	1	3	-1	0	0	-1	0	0	-1	0	0	-1	0	0	0
107	種の袋	27	52	105	1	999	18	-1	-1	-1	0	0	-1	0	0	-1	0	0	71	100	1	3	72	70	1	3	1	15	1	3	-1	0	0	-1	0	0	-1	0	0	-1	0	0	0
108	種の袋	27	52	105	150	999	465	-1	-1	-1	0	0	-1	0	0	-1	0	0	71	100	1	3	72	70	1	3	1	15	1	3	-1	0	0	-1	0	0	-1	0	0	-1	0	0	0
109	種の袋	27	52	105	200	999	615	-1	-1	-1	0	0	-1	0	0	-1	0	0	71	100	1	3	72	70	1	3	1	15	1	3	-1	0	0	-1	0	0	-1	0	0	-1	0	0	0
110	お肉の袋	27	49	105	1	999	18	-1	-1	-1	0	0	-1	0	0	-1	0	0	128	100	1	3	129	70	1	3	3	15	1	3	-1	0	0	-1	0	0	-1	0	0	-1	0	0	0
111	お肉の袋	27	49	105	60	999	195	-1	-1	-1	0	0	-1	0	0	-1	0	0	128	100	1	3	129	70	1	3	3	15	1	3	-1	0	0	-1	0	0	-1	0	0	-1	0	0	0
112	お肉の袋	27	49	105	180	999	555	-1	-1	-1	0	0	-1	0	0	-1	0	0	128	100	1	3	129	70	1	3	3	15	1	3	-1	0	0	-1	0	0	-1	0	0	-1	0	0	0
113	お肉の袋	27	49	105	240	999	735	-1	-1	-1	0	0	-1	0	0	-1	0	0	128	100	1	3	129	70	1	3	3	15	1	3	-1	0	0	-1	0	0	-1	0	0	-1	0	0	0
114	木箱	27	71	105	80	999	255	-1	-1	-1	0	0	-1	0	0	-1	0	0	75	100	1	3	80	70	1	3	12	15	1	3	101	5	3	-1	0	0	-1	0	0	-1	0	0	0
115	木箱	27	71	105	130	999	405	-1	-1	-1	0	0	-1	0	0	-1	0	0	80	100	1	3	76	70	1	3	12	15	1	3	101	5	3	-1	0	0	-1	0	0	-1	0	0	0
116	木箱	27	71	105	190	999	585	-1	-1	-1	0	0	-1	0	0	-1	0	0	75	100	1	3	79	70	1	3	12	15	1	3	101	5	3	-1	0	0	-1	0	0	-1	0	0	0
117	木箱	27	71	105	200	999	615	-1	-1	-1	0	0	-1	0	0	-1	0	0	75	100	1	3	80	70	1	3	12	15	1	3	101	5	3	-1	0	0	-1	0	0	-1	0	0	0
118	木箱	27	71	105	250	999	765	-1	-1	-1	0	0	-1	0	0	-1	0	0	4	100	1	3	75	70	1	3	12	15	1	3	101	5	3	-1	0	0	-1	0	0	-1	0	0	0
119	金の樽	27	65	105	260	999	795	-1	-1	-1	0	0	-1	0	0	-1	0	0	5	100	1	3	133	70	1	3	13	15	1	3	101	5	3	-1	0	0	-1	0	0	-1	0	0	0
120	建具材の袋	27	47	106	1	999	18	-1	-1	-1	0	0	-1	0	0	-1	0	0	79	100	1	3	81	70	1	3	2	15	1	3	-1	0	0	-1	0	0	-1	0	0	-1	0	0	0
121	建具材の袋	27	47	106	120	999	375	-1	-1	-1	0	0	-1	0	0	-1	0	0	80	100	1	3	81	70	1	3	2	15	1	3	-1	0	0	-1	0	0	-1	0	0	-1	0	0	0
122	建具材の袋	27	47	106	180	999	555	-1	-1	-1	0	0	-1	0	0	-1	0	0	78	100	1	3	81	70	1	3	2	15	1	3	-1	0	0	-1	0	0	-1	0	0	-1	0	0	0
123	建具材の袋	27	47	106	240	999	735	-1	-1	-1	0	0	-1	0	0	-1	0	0	79	100	1	3	81	70	1	3	2	15	1	3	-1	0	0	-1	0	0	-1	0	0	-1	0	0	0
124	建具材の袋	27	47	106	300	999	915	-1	-1	-1	0	0	-1	0	0	-1	0	0	80	100	1	3	81	70	1	3	2	15	1	3	-1	0	0	-1	0	0	-1	0	0	-1	0	0	0
125	建具材の袋	27	47	106	350	999	1065	-1	-1	-1	0	0	-1	0	0	-1	0	0	78	100	1	3	81	70	1	3	2	15	1	3	-1	0	0	-1	0	0	-1	0	0	-1	0	0	0
126	建具材の袋	27	47	106	450	999	1365	-1	-1	-1	0	0	-1	0	0	-1	0	0	75	100	1	3	81	70	1	3	2	15	1	3	-1	0	0	-1	0	0	-1	0	0	-1	0	0	0
127	お肉の袋	27	49	106	1	999	18	-1	-1	-1	0	0	-1	0	0	-1	0	0	128	100	1	3	129	70	1	3	3	15	1	3	-1	0	0	-1	0	0	-1	0	0	-1	0	0	0
128	お肉の袋	27	49	106	200	999	615	-1	-1	-1	0	0	-1	0	0	-1	0	0	128	100	1	3	129	70	1	3	3	15	1	3	-1	0	0	-1	0	0	-1	0	0	-1	0	0	0
129	お肉の袋	27	49	106	350	999	1065	-1	-1	-1	0	0	-1	0	0	-1	0	0	128	100	1	3	129	70	1	3	3	15	1	3	-1	0	0	-1	0	0	-1	0	0	-1	0	0	0
130	種の袋	27	52	106	1	999	18	-1	-1	-1	0	0	-1	0	0	-1	0	0	71	100	1	3	72	70	1	3	1	15	1	3	-1	0	0	-1	0	0	-1	0	0	-1	0	0	0
131	種の袋	27	52	106	300	999	915	-1	-1	-1	0	0	-1	0	0	-1	0	0	71	100	1	3	72	70	1	3	1	15	1	3	-1	0	0	-1	0	0	-1	0	0	-1	0	0	0
132	木箱	27	72	106	150	999	465	-1	-1	-1	0	0	-1	0	0	-1	0	0	85	100	1	3	90	70	1	3	12	15	1	3	102	5	3	-1	0	0	-1	0	0	-1	0	0	0
133	木箱	27	72	106	220	999	675	-1	-1	-1	0	0	-1	0	0	-1	0	0	86	100	1	3	91	70	1	3	12	15	1	3	102	5	3	-1	0	0	-1	0	0	-1	0	0	0
134	木箱	27	72	106	300	999	915	-1	-1	-1	0	0	-1	0	0	-1	0	0	87	100	1	3	92	70	1	3	12	15	1	3	102	5	3	-1	0	0	-1	0	0	-1	0	0	0
135	木箱	27	72	106	360	999	1095	-1	-1	-1	0	0	-1	0	0	-1	0	0	88	100	1	3	93	70	1	3	12	15	1	3	102	5	3	-1	0	0	-1	0	0	-1	0	0	0
136	木箱	27	72	106	400	999	1215	-1	-1	-1	0	0	-1	0	0	-1	0	0	89	100	1	3	94	70	1	3	12	15	1	3	102	5	3	-1	0	0	-1	0	0	-1	0	0	0
137	木箱	27	72	106	450	999	1365	-1	-1	-1	0	0	-1	0	0	-1	0	0	90	100	1	3	95	70	1	3	12	15	1	3	102	5	3	-1	0	0	-1	0	0	-1	0	0	0
138	木箱	27	72	106	480	999	1455	-1	-1	-1	0	0	-1	0	0	-1	0	0	4	100	1	3	75	70	1	3	12	15	1	3	102	5	3	-1	0	0	-1	0	0	-1	0	0	0
139	金の樽	27	65	106	450	999	1365	-1	-1	-1	0	0	-1	0	0	-1	0	0	5	100	1	3	133	70	1	3	13	15	1	3	102	5	3	-1	0	0	-1	0	0	-1	0	0	0
140	建具材の袋	27	47	107	1	999	18	-1	-1	-1	0	0	-1	0	0	-1	0	0	75	100	1	3	76	70	1	3	2	15	1	3	-1	0	0	-1	0	0	-1	0	0	-1	0	0	0
141	建具材の袋	27	47	107	100	999	315	-1	-1	-1	0	0	-1	0	0	-1	0	0	75	100	1	3	76	70	1	3	2	15	1	3	-1	0	0	-1	0	0	-1	0	0	-1	0	0	0
142	お肉の袋	27	49	107	1	999	18	-1	-1	-1	0	0	-1	0	0	-1	0	0	128	100	1	3	129	70	1	3	3	15	1	3	-1	0	0	-1	0	0	-1	0	0	-1	0	0	0
143	お肉の袋	27	49	107	150	999	465	-1	-1	-1	0	0	-1	0	0	-1	0	0	128	100	1	3	129	70	1	3	3	15	1	3	-1	0	0	-1	0	0	-1	0	0	-1	0	0	0
144	海産の袋	27	51	107	1	999	18	-1	-1	-1	0	0	-1	0	0	-1	0	0	118	100	1	3	119	70	1	3	120	15	1	3	-1	0	0	-1	0	0	-1	0	0	-1	0	0	0
145	海産の袋	27	51	107	20	999	75	-1	-1	-1	0	0	-1	0	0	-1	0	0	118	100	1	3	119	70	1	3	120	15	1	3	-1	0	0	-1	0	0	-1	0	0	-1	0	0	0
146	海産の袋	27	51	107	30	999	105	-1	-1	-1	0	0	-1	0	0	-1	0	0	118	100	1	3	119	70	1	3	120	15	1	3	-1	0	0	-1	0	0	-1	0	0	-1	0	0	0
147	海産の袋	27	51	107	50	999	165	-1	-1	-1	0	0	-1	0	0	-1	0	0	121	100	1	3	122	70	1	3	123	15	1	3	-1	0	0	-1	0	0	-1	0	0	-1	0	0	0
148	海産の袋	27	51	107	70	999	225	-1	-1	-1	0	0	-1	0	0	-1	0	0	121	100	1	3	122	70	1	3	123	15	1	3	-1	0	0	-1	0	0	-1	0	0	-1	0	0	0
149	海産の袋	27	51	107	90	999	285	-1	-1	-1	0	0	-1	0	0	-1	0	0	121	100	1	3	122	70	1	3	123	15	1	3	-1	0	0	-1	0	0	-1	0	0	-1	0	0	0
150	海産の袋	27	51	107	120	999	375	-1	-1	-1	0	0	-1	0	0	-1	0	0	124	100	1	3	125	70	1	3	126	15	1	3	-1	0	0	-1	0	0	-1	0	0	-1	0	0	0
151	海産の袋	27	51	107	200	999	615	-1	-1	-1	0	0	-1	0	0	-1	0	0	124	100	1	3	125	70	1	3	126	15	1	3	-1	0	0	-1	0	0	-1	0	0	-1	0	0	0
152	海産の袋	27	51	107	300	999	915	-1	-1	-1	0	0	-1	0	0	-1	0	0	124	100	1	3	125	70	1	3	126	15	1	3	-1	0	0	-1	0	0	-1	0	0	-1	0	0	0
153	海産の袋	27	51	107	350	999	1065	-1	-1	-1	0	0	-1	0	0	-1	0	0	124	100	1	3	125	70	1	3	126	15	1	3	-1	0	0	-1	0	0	-1	0	0	-1	0	0	0
154	海産の袋	27	51	107	400	999	1215	-1	-1	-1	0	0	-1	0	0	-1	0	0	127	100	1	3	127	70	1	3	127	15	1	3	-1	0	0	-1	0	0	-1	0	0	-1	0	0	0
155	海産の袋	27	51	107	450	999	1365	-1	-1	-1	0	0	-1	0	0	-1	0	0	127	100	1	3	127	70	1	3	127	15	1	3	-1	0	0	-1	0	0	-1	0	0	-1	0	0	0
156	木箱	27	73	107	50	999	165	-1	-1	-1	0	0	-1	0	0	-1	0	0	75	100	1	3	76	70	1	3	12	15	1	3	99	5	3	-1	0	0	-1	0	0	-1	0	0	0
157	木箱	27	73	107	100	999	315	-1	-1	-1	0	0	-1	0	0	-1	0	0	75	100	1	3	76	70	1	3	12	15	1	3	99	5	3	-1	0	0	-1	0	0	-1	0	0	0
158	木箱	27	73	107	200	999	615	-1	-1	-1	0	0	-1	0	0	-1	0	0	4	100	1	3	75	70	1	3	12	15	1	3	99	5	3	-1	0	0	-1	0	0	-1	0	0	0
159	金の樽	27	65	107	350	999	1065	-1	-1	-1	0	0	-1	0	0	-1	0	0	5	100	1	3	133	70	1	3	13	15	1	3	99	5	3	-1	0	0	-1	0	0	-1	0	0	0
160	料理	27	55	200	1	999	18	-1	-1	-1	0	0	-1	0	0	-1	0	0	152	100	1	3	153	70	1	3	154	15	1	3	-1	0	0	-1	0	0	-1	0	0	-1	0	0	0
161	料理	27	55	200	1	999	18	-1	-1	-1	0	0	-1	0	0	-1	0	0	152	100	1	3	153	70	1	3	154	15	1	3	-1	0	0	-1	0	0	-1	0	0	-1	0	0	0
162	肉	27	55	201	1	999	18	-1	-1	-1	0	0	-1	0	0	-1	0	0	128	100	1	3	129	70	1	3	130	15	1	3	-1	0	0	-1	0	0	-1	0	0	-1	0	0	0
163	肉	27	55	201	1	999	18	-1	-1	-1	0	0	-1	0	0	-1	0	0	128	100	1	3	129	70	1	3	130	15	1	3	-1	0	0	-1	0	0	-1	0	0	-1	0	0	0
164	商品	27	56	202	1	999	18	-1	-1	-1	0	0	-1	0	0	-1	0	0	164	100	1	3	168	70	1	3	165	15	1	3	-1	0	0	-1	0	0	-1	0	0	-1	0	0	0
165	商品	27	57	202	1	999	18	-1	-1	-1	0	0	-1	0	0	-1	0	0	165	100	1	3	169	70	1	3	166	15	1	3	-1	0	0	-1	0	0	-1	0	0	-1	0	0	0
166	商品	27	58	203	1	999	18	-1	-1	-1	0	0	-1	0	0	-1	0	0	166	100	1	3	170	70	1	3	167	15	1	3	-1	0	0	-1	0	0	-1	0	0	-1	0	0	0
167	商品	27	59	203	1	999	18	-1	-1	-1	0	0	-1	0	0	-1	0	0	167	100	1	3	164	70	1	3	168	15	1	3	-1	0	0	-1	0	0	-1	0	0	-1	0	0	0
168	地面_宝	27	6	0	20	999	75	-1	-1	-1	0	0	-1	0	0	-1	0	0	128	100	1	3	76	70	1	1	2	15	10	20	-1	0	0	-1	0	0	-1	0	0	-1	0	0	0
169	地面_宝	27	6	0	25	999	90	-1	-1	-1	0	0	-1	0	0	-1	0	0	128	100	1	3	75	70	1	1	1	15	10	20	-1	0	0	-1	0	0	-1	0	0	-1	0	0	0
170	地面_宝	27	6	0	30	999	105	-1	-1	-1	0	0	-1	0	0	-1	0	0	129	100	2	5	71	70	1	1	3	15	10	20	-1	0	0	-1	0	0	-1	0	0	-1	0	0	0
171	地面_宝	27	6	0	35	999	120	-1	-1	-1	0	0	-1	0	0	-1	0	0	129	100	2	5	76	70	1	1	4	15	10	20	-1	0	0	-1	0	0	-1	0	0	-1	0	0	0
172	地面_宝	27	6	0	40	999	135	-1	-1	-1	0	0	-1	0	0	-1	0	0	130	100	3	7	75	70	1	2	2	15	10	20	-1	0	0	-1	0	0	-1	0	0	-1	0	0	0
173	地面_宝	27	6	0	45	999	150	-1	-1	-1	0	0	-1	0	0	-1	0	0	130	100	3	7	71	70	1	2	1	15	10	20	-1	0	0	-1	0	0	-1	0	0	-1	0	0	0
174	地面_宝	27	6	0	50	999	165	-1	-1	-1	0	0	-1	0	0	-1	0	0	131	100	4	9	76	70	1	2	3	15	10	20	-1	0	0	-1	0	0	-1	0	0	-1	0	0	0
175	地面_宝	27	6	0	55	999	180	-1	-1	-1	0	0	-1	0	0	-1	0	0	131	100	4	9	75	70	1	2	4	15	10	20	-1	0	0	-1	0	0	-1	0	0	-1	0	0	0
176	地面_宝	27	6	0	60	999	195	-1	-1	-1	0	0	-1	0	0	-1	0	0	132	100	5	10	71	70	1	3	1	15	10	20	-1	0	0	-1	0	0	-1	0	0	-1	0	0	0
177	地面_宝	27	6	0	65	999	210	-1	-1	-1	0	0	-1	0	0	-1	0	0	132	100	5	10	75	70	1	3	4	15	10	20	-1	0	0	-1	0	0	-1	0	0	-1	0	0	0
178	草原_宝	27	7	0	20	999	75	-1	-1	-1	0	0	-1	0	0	-1	0	0	96	100	1	3	72	70	1	1	3	15	10	20	-1	0	0	-1	0	0	-1	0	0	-1	0	0	0
179	草原_宝	27	7	0	25	999	90	-1	-1	-1	0	0	-1	0	0	-1	0	0	110	100	1	3	75	70	1	1	3	15	10	20	-1	0	0	-1	0	0	-1	0	0	-1	0	0	0
180	草原_宝	27	7	0	30	999	105	-1	-1	-1	0	0	-1	0	0	-1	0	0	97	100	2	5	77	70	1	1	1	15	10	20	-1	0	0	-1	0	0	-1	0	0	-1	0	0	0
181	草原_宝	27	7	0	35	999	120	-1	-1	-1	0	0	-1	0	0	-1	0	0	110	100	2	5	83	70	1	1	3	15	10	20	-1	0	0	-1	0	0	-1	0	0	-1	0	0	0
182	草原_宝	27	7	0	40	999	135	-1	-1	-1	0	0	-1	0	0	-1	0	0	98	100	3	7	72	70	1	2	1	15	10	20	-1	0	0	-1	0	0	-1	0	0	-1	0	0	0
183	草原_宝	27	7	0	45	999	150	-1	-1	-1	0	0	-1	0	0	-1	0	0	110	100	3	7	75	70	1	2	3	15	10	20	-1	0	0	-1	0	0	-1	0	0	-1	0	0	0
184	草原_宝	27	7	0	50	999	165	-1	-1	-1	0	0	-1	0	0	-1	0	0	99	100	4	9	77	70	1	2	3	15	10	20	-1	0	0	-1	0	0	-1	0	0	-1	0	0	0
185	草原_宝	27	7	0	55	999	180	-1	-1	-1	0	0	-1	0	0	-1	0	0	110	100	4	9	83	70	1	2	3	15	10	20	-1	0	0	-1	0	0	-1	0	0	-1	0	0	0
186	草原_宝	27	7	0	60	999	195	-1	-1	-1	0	0	-1	0	0	-1	0	0	100	100	5	10	72	70	1	3	1	15	10	20	-1	0	0	-1	0	0	-1	0	0	-1	0	0	0
187	草原_宝	27	7	0	65	999	210	-1	-1	-1	0	0	-1	0	0	-1	0	0	110	100	5	10	75	70	1	3	3	15	10	20	-1	0	0	-1	0	0	-1	0	0	-1	0	0	0
188	砂漠_宝	27	8	0	20	999	75	-1	-1	-1	0	0	-1	0	0	-1	0	0	85	100	1	3	71	70	1	1	4	15	10	20	-1	0	0	-1	0	0	-1	0	0	-1	0	0	0
189	砂漠_宝	27	8	0	25	999	90	-1	-1	-1	0	0	-1	0	0	-1	0	0	85	100	1	3	76	70	1	1	4	15	10	20	-1	0	0	-1	0	0	-1	0	0	-1	0	0	0
190	砂漠_宝	27	8	0	30	999	105	-1	-1	-1	0	0	-1	0	0	-1	0	0	86	100	2	5	78	70	1	1	1	15	10	20	-1	0	0	-1	0	0	-1	0	0	-1	0	0	0
191	砂漠_宝	27	8	0	35	999	120	-1	-1	-1	0	0	-1	0	0	-1	0	0	86	100	2	5	82	70	1	1	4	15	10	20	-1	0	0	-1	0	0	-1	0	0	-1	0	0	0
192	砂漠_宝	27	8	0	40	999	135	-1	-1	-1	0	0	-1	0	0	-1	0	0	87	100	3	7	71	70	1	2	4	15	10	20	-1	0	0	-1	0	0	-1	0	0	-1	0	0	0
193	砂漠_宝	27	8	0	45	999	150	-1	-1	-1	0	0	-1	0	0	-1	0	0	87	100	3	7	76	70	1	2	1	15	10	20	-1	0	0	-1	0	0	-1	0	0	-1	0	0	0
194	砂漠_宝	27	8	0	50	999	165	-1	-1	-1	0	0	-1	0	0	-1	0	0	88	100	4	9	78	70	1	2	4	15	10	20	-1	0	0	-1	0	0	-1	0	0	-1	0	0	0
195	砂漠_宝	27	8	0	55	999	180	-1	-1	-1	0	0	-1	0	0	-1	0	0	88	100	4	9	82	70	1	2	1	15	10	20	-1	0	0	-1	0	0	-1	0	0	-1	0	0	0
196	砂漠_宝	27	8	0	60	999	195	-1	-1	-1	0	0	-1	0	0	-1	0	0	89	100	5	10	71	70	1	3	4	15	10	20	-1	0	0	-1	0	0	-1	0	0	-1	0	0	0
197	砂漠_宝	27	8	0	65	999	210	-1	-1	-1	0	0	-1	0	0	-1	0	0	89	100	5	10	76	70	1	3	4	15	10	20	-1	0	0	-1	0	0	-1	0	0	-1	0	0	0
198	岩場_宝	27	33	0	20	999	75	-1	-1	-1	0	0	-1	0	0	-1	0	0	108	100	1	3	78	70	1	1	2	15	10	20	-1	0	0	-1	0	0	-1	0	0	-1	0	0	0
199	岩場_宝	27	33	0	25	999	90	-1	-1	-1	0	0	-1	0	0	-1	0	0	108	100	1	3	79	70	1	1	4	15	10	20	-1	0	0	-1	0	0	-1	0	0	-1	0	0	0
200	岩場_宝	27	33	0	30	999	105	-1	-1	-1	0	0	-1	0	0	-1	0	0	109	100	2	5	80	70	1	1	4	15	10	20	-1	0	0	-1	0	0	-1	0	0	-1	0	0	0
201	岩場_宝	27	33	0	35	999	120	-1	-1	-1	0	0	-1	0	0	-1	0	0	109	100	2	5	81	70	1	1	2	15	10	20	-1	0	0	-1	0	0	-1	0	0	-1	0	0	0
202	岩場_宝	27	33	0	40	999	135	-1	-1	-1	0	0	-1	0	0	-1	0	0	110	100	3	7	78	70	1	2	4	15	10	20	-1	0	0	-1	0	0	-1	0	0	-1	0	0	0
203	岩場_宝	27	33	0	45	999	150	-1	-1	-1	0	0	-1	0	0	-1	0	0	110	100	3	7	79	70	1	2	4	15	10	20	-1	0	0	-1	0	0	-1	0	0	-1	0	0	0
204	岩場_宝	27	33	0	50	999	165	-1	-1	-1	0	0	-1	0	0	-1	0	0	111	100	4	9	80	70	1	2	2	15	10	20	-1	0	0	-1	0	0	-1	0	0	-1	0	0	0
205	岩場_宝	27	33	0	55	999	180	-1	-1	-1	0	0	-1	0	0	-1	0	0	111	100	4	9	81	70	1	2	4	15	10	20	-1	0	0	-1	0	0	-1	0	0	-1	0	0	0
206	岩場_宝	27	33	0	60	999	195	-1	-1	-1	0	0	-1	0	0	-1	0	0	112	100	5	10	72	70	1	3	4	15	10	20	-1	0	0	-1	0	0	-1	0	0	-1	0	0	0
207	岩場_宝	27	33	0	65	999	210	-1	-1	-1	0	0	-1	0	0	-1	0	0	112	100	5	10	78	70	1	3	4	15	10	20	-1	0	0	-1	0	0	-1	0	0	-1	0	0	0
208	火山_宝	27	34	0	20	999	75	-1	-1	-1	0	0	-1	0	0	-1	0	0	128	100	1	3	78	70	1	1	5	15	10	20	-1	0	0	-1	0	0	-1	0	0	-1	0	0	0
209	火山_宝	27	34	0	25	999	90	-1	-1	-1	0	0	-1	0	0	-1	0	0	128	100	1	3	79	70	1	1	5	15	10	20	-1	0	0	-1	0	0	-1	0	0	-1	0	0	0
210	火山_宝	27	34	0	30	999	105	-1	-1	-1	0	0	-1	0	0	-1	0	0	129	100	2	5	80	70	1	1	4	15	10	20	-1	0	0	-1	0	0	-1	0	0	-1	0	0	0
211	火山_宝	27	34	0	35	999	120	-1	-1	-1	0	0	-1	0	0	-1	0	0	129	100	2	5	81	70	1	1	5	15	10	20	-1	0	0	-1	0	0	-1	0	0	-1	0	0	0
212	火山_宝	27	34	0	40	999	135	-1	-1	-1	0	0	-1	0	0	-1	0	0	130	100	3	7	78	70	1	2	5	15	10	20	-1	0	0	-1	0	0	-1	0	0	-1	0	0	0
213	火山_宝	27	34	0	45	999	150	-1	-1	-1	0	0	-1	0	0	-1	0	0	130	100	3	7	79	70	1	2	4	15	10	20	-1	0	0	-1	0	0	-1	0	0	-1	0	0	0
214	火山_宝	27	34	0	50	999	165	-1	-1	-1	0	0	-1	0	0	-1	0	0	131	100	4	9	80	70	1	2	5	15	10	20	-1	0	0	-1	0	0	-1	0	0	-1	0	0	0
215	火山_宝	27	34	0	55	999	180	-1	-1	-1	0	0	-1	0	0	-1	0	0	131	100	4	9	81	70	1	2	5	15	10	20	-1	0	0	-1	0	0	-1	0	0	-1	0	0	0
216	火山_宝	27	34	0	60	999	195	-1	-1	-1	0	0	-1	0	0	-1	0	0	132	100	5	10	78	70	1	3	4	15	10	20	-1	0	0	-1	0	0	-1	0	0	-1	0	0	0
217	火山_宝	27	34	0	65	999	210	-1	-1	-1	0	0	-1	0	0	-1	0	0	132	100	5	10	79	70	1	3	5	15	10	20	-1	0	0	-1	0	0	-1	0	0	-1	0	0	0
218	雪原_宝	27	35	0	20	999	75	-1	-1	-1	0	0	-1	0	0	-1	0	0	75	100	1	3	74	70	1	1	4	15	10	20	-1	0	0	-1	0	0	-1	0	0	-1	0	0	0
219	雪原_宝	27	35	0	25	999	90	-1	-1	-1	0	0	-1	0	0	-1	0	0	128	100	1	3	82	70	1	1	4	15	10	20	-1	0	0	-1	0	0	-1	0	0	-1	0	0	0
220	雪原_宝	27	35	0	30	999	105	-1	-1	-1	0	0	-1	0	0	-1	0	0	75	100	2	5	83	70	1	1	4	15	10	20	-1	0	0	-1	0	0	-1	0	0	-1	0	0	0
221	雪原_宝	27	35	0	35	999	120	-1	-1	-1	0	0	-1	0	0	-1	0	0	128	100	2	5	84	70	1	1	2	15	10	20	-1	0	0	-1	0	0	-1	0	0	-1	0	0	0
222	雪原_宝	27	35	0	40	999	135	-1	-1	-1	0	0	-1	0	0	-1	0	0	75	100	3	7	74	70	1	2	4	15	10	20	-1	0	0	-1	0	0	-1	0	0	-1	0	0	0
223	雪原_宝	27	35	0	45	999	150	-1	-1	-1	0	0	-1	0	0	-1	0	0	129	100	3	7	82	70	1	2	4	15	10	20	-1	0	0	-1	0	0	-1	0	0	-1	0	0	0
224	雪原_宝	27	35	0	50	999	165	-1	-1	-1	0	0	-1	0	0	-1	0	0	75	100	4	9	83	70	1	2	2	15	10	20	-1	0	0	-1	0	0	-1	0	0	-1	0	0	0
225	雪原_宝	27	35	0	55	999	180	-1	-1	-1	0	0	-1	0	0	-1	0	0	129	100	4	9	84	70	1	2	4	15	10	20	-1	0	0	-1	0	0	-1	0	0	-1	0	0	0
226	雪原_宝	27	35	0	60	999	195	-1	-1	-1	0	0	-1	0	0	-1	0	0	75	100	5	10	74	70	1	3	4	15	10	20	-1	0	0	-1	0	0	-1	0	0	-1	0	0	0
227	雪原_宝	27	35	0	65	999	210	-1	-1	-1	0	0	-1	0	0	-1	0	0	129	100	5	10	82	70	1	3	2	15	10	20	-1	0	0	-1	0	0	-1	0	0	-1	0	0	0
228	沼地_宝	27	62	0	20	999	75	-1	-1	-1	0	0	-1	0	0	-1	0	0	85	100	1	3	72	70	1	1	5	15	10	20	-1	0	0	-1	0	0	-1	0	0	-1	0	0	0
229	沼地_宝	27	62	0	25	999	90	-1	-1	-1	0	0	-1	0	0	-1	0	0	86	100	1	3	75	70	1	1	2	15	10	20	-1	0	0	-1	0	0	-1	0	0	-1	0	0	0
230	沼地_宝	27	62	0	30	999	105	-1	-1	-1	0	0	-1	0	0	-1	0	0	87	100	2	5	79	70	1	1	4	15	10	20	-1	0	0	-1	0	0	-1	0	0	-1	0	0	0
231	沼地_宝	27	62	0	35	999	120	-1	-1	-1	0	0	-1	0	0	-1	0	0	88	100	2	5	83	70	1	1	1	15	10	20	-1	0	0	-1	0	0	-1	0	0	-1	0	0	0
232	沼地_宝	27	62	0	40	999	135	-1	-1	-1	0	0	-1	0	0	-1	0	0	89	100	3	7	72	70	1	2	3	15	10	20	-1	0	0	-1	0	0	-1	0	0	-1	0	0	0
233	沼地_宝	27	62	0	45	999	150	-1	-1	-1	0	0	-1	0	0	-1	0	0	85	100	3	7	75	70	1	2	5	15	10	20	-1	0	0	-1	0	0	-1	0	0	-1	0	0	0
234	沼地_宝	27	62	0	50	999	165	-1	-1	-1	0	0	-1	0	0	-1	0	0	86	100	4	9	79	70	1	2	2	15	10	20	-1	0	0	-1	0	0	-1	0	0	-1	0	0	0
235	沼地_宝	27	62	0	55	999	180	-1	-1	-1	0	0	-1	0	0	-1	0	0	87	100	4	9	83	70	1	2	4	15	10	20	-1	0	0	-1	0	0	-1	0	0	-1	0	0	0
236	沼地_宝	27	62	0	60	999	195	-1	-1	-1	0	0	-1	0	0	-1	0	0	88	100	5	10	75	70	1	3	1	15	10	20	-1	0	0	-1	0	0	-1	0	0	-1	0	0	0
237	沼地_宝	27	62	0	65	999	210	-1	-1	-1	0	0	-1	0	0	-1	0	0	89	100	5	10	79	70	1	3	3	15	10	20	-1	0	0	-1	0	0	-1	0	0	-1	0	0	0
238	水_宝	27	63	0	20	999	75	-1	-1	-1	0	0	-1	0	0	-1	0	0	123	100	1	3	118	70	1	1	32	15	1	1	-1	0	0	-1	0	0	-1	0	0	-1	0	0	0
239	水_宝	27	63	0	25	999	90	-1	-1	-1	0	0	-1	0	0	-1	0	0	124	100	1	3	119	70	1	1	32	15	1	1	-1	0	0	-1	0	0	-1	0	0	-1	0	0	0
240	水_宝	27	63	0	30	999	105	-1	-1	-1	0	0	-1	0	0	-1	0	0	125	100	2	5	120	70	1	1	32	15	1	1	-1	0	0	-1	0	0	-1	0	0	-1	0	0	0
241	水_宝	27	63	0	35	999	120	-1	-1	-1	0	0	-1	0	0	-1	0	0	126	100	2	5	121	70	1	1	32	15	1	1	-1	0	0	-1	0	0	-1	0	0	-1	0	0	0
242	水_宝	27	63	0	40	999	135	-1	-1	-1	0	0	-1	0	0	-1	0	0	127	100	3	7	122	70	1	2	32	15	1	1	-1	0	0	-1	0	0	-1	0	0	-1	0	0	0
243	水_宝	27	63	0	45	999	150	-1	-1	-1	0	0	-1	0	0	-1	0	0	123	100	3	7	74	70	1	2	32	15	1	1	-1	0	0	-1	0	0	-1	0	0	-1	0	0	0
244	水_宝	27	63	0	50	999	165	-1	-1	-1	0	0	-1	0	0	-1	0	0	124	100	4	9	124	70	1	2	32	15	1	1	-1	0	0	-1	0	0	-1	0	0	-1	0	0	0
245	水_宝	27	63	0	55	999	180	-1	-1	-1	0	0	-1	0	0	-1	0	0	125	100	4	9	74	70	1	2	32	15	1	1	-1	0	0	-1	0	0	-1	0	0	-1	0	0	0
246	水_宝	27	63	0	60	999	195	-1	-1	-1	0	0	-1	0	0	-1	0	0	126	100	5	10	126	70	1	3	32	15	1	1	-1	0	0	-1	0	0	-1	0	0	-1	0	0	0
247	水_宝	27	63	0	65	999	210	-1	-1	-1	0	0	-1	0	0	-1	0	0	127	100	5	10	74	70	1	3	32	15	1	1	-1	0	0	-1	0	0	-1	0	0	-1	0	0	0
248	特殊_宝	27	64	0	20	999	75	-1	-1	-1	0	0	-1	0	0	-1	0	0	140	100	3	8	44	10	1	2	171	3	1	1	-1	0	0	-1	0	0	-1	0	0	-1	0	0	0
249	特殊_宝	27	64	0	25	999	90	-1	-1	-1	0	0	-1	0	0	-1	0	0	141	100	3	8	45	10	1	2	171	3	1	1	-1	0	0	-1	0	0	-1	0	0	-1	0	0	0
250	特殊_宝	27	64	0	30	999	105	-1	-1	-1	0	0	-1	0	0	-1	0	0	142	100	3	8	46	10	1	2	171	3	1	1	-1	0	0	-1	0	0	-1	0	0	-1	0	0	0
251	特殊_宝	27	64	0	35	999	120	-1	-1	-1	0	0	-1	0	0	-1	0	0	143	100	3	8	47	10	1	2	171	3	1	1	-1	0	0	-1	0	0	-1	0	0	-1	0	0	0
252	特殊_宝	27	64	0	40	999	135	-1	-1	-1	0	0	-1	0	0	-1	0	0	144	100	3	8	48	10	1	2	171	3	1	1	-1	0	0	-1	0	0	-1	0	0	-1	0	0	0
253	特殊_宝	27	64	0	45	999	150	-1	-1	-1	0	0	-1	0	0	-1	0	0	145	100	3	8	49	10	1	2	172	3	1	1	-1	0	0	-1	0	0	-1	0	0	-1	0	0	0
254	特殊_宝	27	64	0	50	999	165	-1	-1	-1	0	0	-1	0	0	-1	0	0	146	100	3	8	50	10	1	2	172	3	1	1	-1	0	0	-1	0	0	-1	0	0	-1	0	0	0
255	特殊_宝	27	64	0	55	999	180	-1	-1	-1	0	0	-1	0	0	-1	0	0	147	100	3	8	52	10	1	2	172	3	1	1	-1	0	0	-1	0	0	-1	0	0	-1	0	0	0
256	特殊_宝	27	64	0	60	999	195	-1	-1	-1	0	0	-1	0	0	-1	0	0	152	100	3	8	53	10	1	2	172	3	1	1	-1	0	0	-1	0	0	-1	0	0	-1	0	0	0
257	特殊_宝	27	64	0	65	999	210	-1	-1	-1	0	0	-1	0	0	-1	0	0	149	100	3	8	54	10	1	2	172	3	1	1	-1	0	0	-1	0	0	-1	0	0	-1	0	0	0
258	宝箱	27	29	0	999	999	500	-1	-1	112	100	1	-1	0	0	-1	0	0	51	100	1	1	70	100	1	1	-1	0	1	1	33	100	5	-1	0	0	-1	0	0	-1	0	0	1
259	宝箱	27	29	0	999	999	500	-1	-1	-1	0	0	-1	0	0	-1	0	0	27	100	1	1	70	100	1	1	-1	0	1	1	103	100	1	-1	0	0	-1	0	0	-1	0	0	1
260	宝箱	27	29	0	999	999	500	-1	-1	-1	0	0	-1	0	0	-1	0	0	-1	0	1	3	-1	0	0	0	-1	0	0	0	-1	0	0	-1	0	0	-1	0	0	-1	0	0	1
261	宝箱	27	29	0	999	999	500	-1	-1	-1	0	0	177	100	1	-1	0	0	60	100	1	1	70	100	1	1	-1	0	1	1	79	100	1	-1	0	0	-1	0	0	-1	0	0	1
262	宝箱	27	29	0	999	999	500	-1	-1	37	100	1	-1	0	0	-1	0	0	51	100	1	1	70	100	1	1	-1	0	1	1	33	100	5	-1	0	0	-1	0	0	-1	0	0	1
263	宝箱	27	29	0	999	999	500	-1	-1	-1	0	0	-1	0	0	-1	0	0	61	100	1	1	70	100	1	1	-1	0	1	1	103	100	1	-1	0	0	-1	0	0	-1	0	0	1
264	宝箱	27	29	0	999	999	500	-1	-1	67	100	1	-1	0	0	-1	0	0	62	100	1	1	70	100	1	1	-1	0	1	1	33	100	5	-1	0	0	-1	0	0	-1	0	0	1
265	宝箱	27	29	0	999	999	500	-1	-1	-1	0	0	178	100	1	-1	0	0	27	100	1	1	70	100	1	1	-1	0	1	1	29	100	1	-1	0	0	-1	0	0	-1	0	0	1
266	宝箱	27	29	0	999	999	500	-1	-1	82	100	1	-1	0	0	231	100	1	63	100	1	1	70	100	1	1	-1	0	1	1	33	100	5	-1	0	0	-1	0	0	-1	0	0	1
267	宝箱	27	29	0	999	999	500	-1	-1	-1	0	0	-1	0	0	271	100	1	64	100	1	1	70	100	1	1	-1	0	1	1	93	100	1	-1	0	0	-1	0	0	-1	0	0	1
268	宝箱	27	29	0	999	999	500	-1	-1	92	100	1	-1	0	0	202	100	1	51	100	1	1	70	100	1	1	8	100	1	1	29	100	1	-1	0	0	-1	0	0	-1	0	0	1
269	宝箱	27	29	0	999	999	500	-1	-1	-1	0	0	179	100	1	232	100	1	65	100	1	1	70	100	1	1	9	100	1	1	80	100	1	165	100	1	-1	0	0	-1	0	0	1
270	宝箱	27	29	0	999	999	500	-1	-1	42	100	1	-1	0	0	272	100	1	29	100	1	1	70	100	1	1	10	100	1	1	29	100	1	26	100	1	-1	0	0	-1	0	0	1
271	宝箱	27	29	0	999	999	500	-1	-1	-1	0	0	-1	0	0	203	100	1	31	100	1	1	70	100	1	1	36	100	1	1	98	100	1	211	100	1	-1	0	0	-1	0	0	1
272	宝箱	27	29	0	999	999	500	-1	-1	-1	0	0	-1	0	0	233	100	1	33	100	1	1	70	100	1	1	7	100	1	1	29	100	1	6	100	1	-1	0	0	-1	0	0	1
273	宝箱	27	29	0	999	999	500	-1	-1	-1	0	0	180	100	1	297	100	1	36	100	1	1	70	100	1	1	8	100	1	1	111	100	1	166	100	1	-1	0	0	-1	0	0	1
274	宝箱	27	29	0	999	999	500	-1	-1	97	100	1	-1	0	0	204	100	1	60	100	1	1	70	100	1	1	9	100	1	1	29	100	1	66	100	1	-1	0	0	-1	0	0	1
275	宝箱	27	29	0	999	999	500	-1	-1	-1	0	0	-1	0	0	234	100	1	61	100	1	1	70	100	1	1	36	100	1	1	106	100	1	212	100	1	-1	0	0	-1	0	0	1
276	宝箱	27	29	0	999	999	500	-1	-1	47	100	1	-1	0	0	298	100	1	62	100	1	1	70	100	1	1	8	100	1	1	170	100	1	46	100	1	-1	0	0	-1	0	0	1
277	宝箱	27	29	0	999	999	500	-1	-1	-1	0	0	181	100	1	205	100	1	63	100	1	1	70	100	1	1	9	100	1	1	127	100	1	86	100	1	-1	0	0	-1	0	0	1
278	宝箱	27	29	0	999	999	500	-1	-1	87	100	1	-1	0	0	235	100	1	64	100	1	1	70	100	1	1	9	100	1	1	29	100	1	167	100	1	-1	0	0	-1	0	0	1
279	宝箱	27	29	0	999	999	500	-1	-1	-1	0	0	-1	0	0	285	100	1	27	100	1	1	70	100	1	1	36	100	1	1	168	100	1	213	100	1	-1	0	0	-1	0	0	1
280	宝箱	27	29	0	999	999	500	-1	-1	102	100	1	-1	0	0	206	100	1	51	100	1	1	70	100	1	1	9	100	1	1	29	100	1	102	100	1	-1	0	0	-1	0	0	1
281	宝箱	27	29	0	999	999	500	-1	-1	-1	0	0	189	100	1	236	100	1	65	100	1	1	70	100	1	1	9	100	1	1	111	100	1	215	100	1	-1	0	0	-1	0	0	1
282	宝箱	27	29	0	999	999	500	-1	-1	52	100	1	-1	0	0	282	100	1	29	100	1	1	70	100	1	1	9	100	1	1	30	100	1	7	100	1	-1	0	0	-1	0	0	1
283	宝箱	27	29	0	999	999	500	-1	-1	-1	0	0	-1	0	0	207	100	1	31	100	1	1	70	100	1	1	36	100	1	1	79	100	1	168	100	1	-1	0	0	-1	0	0	1
284	宝箱	27	29	0	999	999	500	-1	-1	-1	0	0	-1	0	0	237	100	1	58	100	1	1	70	100	1	1	9	100	1	1	30	100	1	67	100	1	-1	0	0	-1	0	0	1
285	宝箱	27	29	0	999	999	500	-1	-1	-1	0	0	190	100	1	277	100	1	36	100	1	1	70	100	1	1	9	100	1	1	81	100	1	214	100	1	-1	0	0	-1	0	0	1
286	宝箱	27	29	0	999	999	500	-1	-1	57	100	1	-1	0	0	208	100	1	60	100	1	1	70	100	1	1	9	100	1	1	30	100	1	27	100	1	-1	0	0	-1	0	0	1
287	宝箱	27	29	0	999	999	500	-1	-1	-1	0	0	-1	0	0	238	100	1	61	100	1	1	70	100	1	1	36	100	1	1	110	100	1	130	100	1	-1	0	0	-1	0	0	1
288	宝箱	27	29	0	999	999	500	-1	-1	72	100	1	-1	0	0	290	100	1	62	100	1	1	70	100	1	1	9	100	1	1	30	100	1	169	100	1	-1	0	0	-1	0	0	1
289	宝箱	27	29	0	999	999	500	-1	-1	-1	0	0	182	100	1	209	100	1	63	100	1	1	70	100	1	1	9	100	1	1	162	100	1	194	100	1	-1	0	0	-1	0	0	1
290	宝箱	27	29	0	999	999	500	-1	-1	113	100	1	-1	0	0	239	100	1	64	100	1	1	70	100	1	1	9	100	1	1	30	100	1	47	100	1	-1	0	0	-1	0	0	1
291	宝箱	27	29	0	999	999	500	-1	-1	-1	0	0	-1	0	0	279	100	1	27	100	1	1	70	100	1	1	36	100	1	1	243	100	1	195	100	1	-1	0	0	-1	0	0	1
292	宝箱	27	29	0	999	999	500	-1	-1	23	100	1	-1	0	0	210	100	1	51	100	1	1	70	100	1	1	9	100	1	1	30	100	1	87	100	1	-1	0	0	-1	0	0	1
293	宝箱	27	29	0	999	999	500	-1	-1	-1	0	0	177	100	1	240	100	1	65	100	1	1	70	100	1	1	9	100	1	1	127	100	1	170	100	1	-1	0	0	-1	0	0	1
294	宝箱	27	29	0	999	999	500	-1	-1	118	100	1	-1	0	0	280	100	1	29	100	1	1	70	100	1	1	9	100	1	1	111	100	1	193	100	1	-1	0	0	-1	0	0	1
295	宝箱	27	29	0	999	999	500	-1	-1	-1	0	0	-1	0	0	211	100	1	58	100	1	1	70	100	1	1	36	100	1	1	109	100	1	-1	0	0	-1	0	0	-1	0	0	1
296	宝箱	27	29	0	999	999	500	-1	-1	158	100	1	-1	0	0	241	100	1	33	100	1	1	70	100	1	1	9	100	1	1	30	100	1	216	100	1	-1	0	0	-1	0	0	1
297	宝箱	27	29	0	999	999	500	-1	-1	-1	0	0	178	100	1	287	100	1	36	100	1	1	70	100	1	1	9	100	1	1	80	100	1	151	100	1	-1	0	0	-1	0	0	1
298	宝箱	27	29	0	999	999	500	-1	-1	163	100	1	-1	0	0	212	100	1	60	100	1	1	70	100	1	1	9	100	1	1	29	100	1	8	100	1	-1	0	0	-1	0	0	1
299	宝箱	27	29	0	999	999	500	-1	-1	-1	0	0	-1	0	0	242	100	1	61	100	1	1	70	100	1	1	36	100	1	1	96	100	1	171	100	1	-1	0	0	-1	0	0	1
300	宝箱	27	29	0	999	999	500	-1	-1	123	100	1	-1	0	0	282	100	1	62	100	1	1	70	100	1	1	9	100	1	1	29	100	1	217	100	1	-1	0	0	-1	0	0	1
301	宝箱	27	29	0	999	999	500	-1	-1	-1	0	0	179	100	1	213	100	1	63	100	1	1	70	100	1	1	9	100	1	1	81	100	1	136	100	1	-1	0	0	-1	0	0	1
302	宝箱	27	29	0	999	999	500	-1	-1	128	100	1	-1	0	0	243	100	1	64	100	1	1	70	100	1	1	9	100	1	1	30	100	1	196	100	1	-1	0	0	-1	0	0	1
303	宝箱	27	29	0	999	999	500	-1	-1	-1	0	0	-1	0	0	283	100	1	27	100	1	1	70	100	1	1	36	100	1	1	170	100	1	28	100	1	-1	0	0	-1	0	0	1
304	宝箱	27	29	0	999	999	500	-1	-1	168	100	1	-1	0	0	214	100	1	51	100	1	1	70	100	1	1	9	100	1	1	30	100	1	-1	0	0	-1	0	0	-1	0	0	1
305	宝箱	27	29	0	999	999	500	-1	-1	-1	0	0	180	100	1	244	100	1	58	100	1	1	70	100	1	1	9	100	1	1	82	100	1	172	100	1	-1	0	0	-1	0	0	1
306	宝箱	27	29	0	999	999	500	-1	-1	133	100	1	-1	0	0	293	100	1	29	100	1	1	70	100	1	1	9	100	1	1	30	100	1	48	100	1	-1	0	0	-1	0	0	1
307	宝箱	27	29	0	999	999	500	-1	-1	-1	0	0	-1	0	0	215	100	1	31	100	1	1	70	100	1	1	36	100	1	1	168	100	1	152	100	1	-1	0	0	-1	0	0	1
308	宝箱	27	29	0	999	999	500	-1	-1	138	100	1	-1	0	0	245	100	1	33	100	1	1	70	100	1	1	9	100	1	1	31	100	1	142	100	1	-1	0	0	-1	0	0	1
309	宝箱	27	29	0	999	999	500	-1	-1	-1	0	0	181	100	1	285	100	1	36	100	1	1	70	100	1	1	9	100	1	1	79	100	1	173	100	1	-1	0	0	-1	0	0	1
310	宝箱	27	29	0	999	999	500	-1	-1	28	100	1	-1	0	0	216	100	1	60	100	1	1	70	100	1	1	9	100	1	1	31	100	1	68	100	1	-1	0	0	-1	0	0	1
311	宝箱	27	29	0	999	999	500	-1	-1	103	100	1	-1	0	0	246	100	1	61	100	1	1	70	100	1	1	36	100	1	1	162	100	1	197	100	1	-1	0	0	-1	0	0	1
312	宝箱	27	29	0	999	999	500	-1	-1	-1	0	0	-1	0	0	286	100	1	62	100	1	1	70	100	1	1	9	100	1	1	31	100	1	-1	0	0	-1	0	0	-1	0	0	1
313	宝箱	27	29	0	999	999	500	-1	-1	-1	0	0	182	100	1	231	100	1	63	100	1	1	70	100	1	1	9	100	1	1	80	100	1	218	100	1	-1	0	0	-1	0	0	1
314	宝箱	27	29	0	999	999	500	-1	-1	78	100	1	-1	0	0	271	100	1	64	100	1	1	70	100	1	1	9	100	1	1	31	100	1	174	100	1	-1	0	0	-1	0	0	1
315	宝箱	27	29	0	999	999	500	-1	-1	-1	0	0	-1	0	0	202	100	1	27	100	1	1	70	100	1	1	36	100	1	1	127	100	1	88	100	1	-1	0	0	-1	0	0	1
316	宝箱	27	29	0	999	999	500	-1	-1	33	100	1	-1	0	0	232	100	1	51	100	1	1	70	100	1	1	9	100	1	1	31	100	1	-1	0	0	-1	0	0	-1	0	0	1
317	宝箱	27	29	0	999	999	500	-1	-1	-1	0	0	185	100	1	272	100	1	65	100	1	1	70	100	1	1	9	100	1	1	81	100	1	153	100	1	-1	0	0	-1	0	0	1
318	宝箱	27	29	0	999	999	500	-1	-1	148	100	1	-1	0	0	203	100	1	29	100	1	1	70	100	1	1	9	100	1	1	30	100	1	9	100	1	-1	0	0	-1	0	0	1
319	宝箱	27	29	0	999	999	500	-1	-1	-1	0	0	-1	0	0	233	100	1	31	100	1	1	70	100	1	1	36	100	1	1	97	100	1	175	100	1	-1	0	0	-1	0	0	1
320	宝箱	27	29	0	999	999	500	-1	-1	63	100	1	-1	0	0	273	100	1	33	100	1	1	70	100	1	1	9	100	1	1	111	100	1	-1	0	0	-1	0	0	-1	0	0	1
321	宝箱	27	29	0	999	999	500	-1	-1	-1	0	0	197	100	1	204	100	1	58	100	1	1	70	100	1	1	9	100	1	1	82	100	1	29	100	1	-1	0	0	-1	0	0	1
322	宝箱	27	29	0	999	999	500	-1	-1	19	100	1	-1	0	0	234	100	1	60	100	1	1	70	100	1	1	9	100	1	1	30	100	1	198	100	1	-1	0	0	-1	0	0	1
323	宝箱	27	29	0	999	999	500	-1	-1	-1	0	0	-1	0	0	274	100	1	61	100	1	1	70	100	1	1	36	100	1	1	96	100	1	-1	0	0	-1	0	0	-1	0	0	1
324	宝箱	27	29	0	999	999	500	-1	-1	39	100	1	-1	0	0	205	100	1	62	100	1	1	70	100	1	1	9	100	1	1	31	100	1	49	100	1	-1	0	0	-1	0	0	1
325	宝箱	27	29	0	999	999	500	-1	-1	-1	0	0	190	100	1	235	100	1	63	100	1	1	70	100	1	1	9	100	1	1	82	100	1	176	100	1	-1	0	0	-1	0	0	1
326	宝箱	27	29	0	999	999	500	-1	-1	69	100	1	-1	0	0	275	100	1	64	100	1	1	70	100	1	1	9	100	1	1	111	100	1	147	100	1	-1	0	0	-1	0	0	1
327	宝箱	27	29	0	999	999	500	-1	-1	-1	0	0	-1	0	0	206	100	1	27	100	1	1	70	100	1	1	36	100	1	1	97	100	1	154	100	1	-1	0	0	-1	0	0	1
328	宝箱	27	29	0	999	999	500	-1	-1	84	100	1	-1	0	0	236	100	1	51	100	1	1	70	100	1	1	9	100	1	1	31	100	1	69	100	1	-1	0	0	-1	0	0	1
329	宝箱	27	29	0	999	999	500	-1	-1	-1	0	0	198	100	1	276	100	1	65	100	1	1	70	100	1	1	9	100	1	1	80	100	1	177	100	1	-1	0	0	-1	0	0	1
330	宝箱	27	29	0	999	999	500	-1	-1	94	100	1	-1	0	0	207	100	1	29	100	1	1	70	100	1	1	9	100	1	1	32	100	1	-1	0	0	-1	0	0	-1	0	0	1
331	宝箱	27	29	0	999	999	500	-1	-1	-1	0	0	-1	0	0	237	100	1	31	100	1	1	70	100	1	1	36	100	1	1	128	100	1	89	100	1	-1	0	0	-1	0	0	1
332	宝箱	27	29	0	999	999	500	-1	-1	44	100	1	-1	0	0	277	100	1	33	100	1	1	70	100	1	1	9	100	1	1	127	100	1	199	100	1	-1	0	0	-1	0	0	1
333	宝箱	27	29	0	999	999	500	-1	-1	-1	0	0	194	100	1	208	100	1	36	100	1	1	70	100	1	1	9	100	1	1	81	100	1	-1	0	0	-1	0	0	-1	0	0	1
334	宝箱	27	29	0	999	999	500	-1	-1	154	100	1	-1	0	0	238	100	1	60	100	1	1	70	100	1	1	9	100	1	1	127	100	1	101	100	1	-1	0	0	-1	0	0	1
335	宝箱	27	29	0	999	999	500	-1	-1	-1	0	0	-1	0	0	278	100	1	61	100	1	1	70	100	1	1	36	100	1	1	32	100	1	178	100	1	-1	0	0	-1	0	0	1
336	宝箱	27	29	0	999	999	500	-1	-1	99	100	1	-1	0	0	209	100	1	62	100	1	1	70	100	1	1	9	100	1	1	32	100	1	-1	0	0	-1	0	0	-1	0	0	1
337	宝箱	27	29	0	999	999	500	-1	-1	-1	0	0	196	100	1	239	100	1	63	100	1	1	70	100	1	1	9	100	1	1	82	100	1	155	100	1	-1	0	0	-1	0	0	1
338	宝箱	27	29	0	999	999	500	-1	-1	-1	0	0	-1	0	0	279	100	1	58	100	1	1	70	100	1	1	9	100	1	1	29	100	1	124	100	1	-1	0	0	-1	0	0	1
339	宝箱	27	29	0	999	999	500	-1	-1	-1	0	0	-1	0	0	210	100	1	27	100	1	1	70	100	1	1	36	100	1	1	243	100	1	-1	0	0	-1	0	0	-1	0	0	1
340	宝箱	27	29	0	999	999	500	-1	-1	89	100	1	-1	0	0	240	100	1	51	100	1	1	70	100	1	1	9	100	1	1	30	100	1	179	100	1	-1	0	0	-1	0	0	1
341	宝箱	27	29	0	999	999	500	-1	-1	-1	0	0	198	100	1	280	100	1	65	100	1	1	70	100	1	1	9	100	1	1	79	100	1	-1	0	0	-1	0	0	-1	0	0	1
342	宝箱	27	29	0	999	999	500	-1	-1	104	100	1	-1	0	0	211	100	1	29	100	1	1	70	100	1	1	9	100	1	1	30	100	1	-1	0	0	-1	0	0	-1	0	0	1
343	宝箱	27	29	0	999	999	500	-1	-1	-1	0	0	-1	0	0	241	100	1	31	100	1	1	70	100	1	1	36	100	1	1	30	100	1	-1	0	0	-1	0	0	-1	0	0	1
344	宝箱	27	29	0	999	999	500	-1	-1	54	100	1	-1	0	0	281	100	1	33	100	1	1	70	100	1	1	9	100	1	1	31	100	1	-1	0	0	-1	0	0	-1	0	0	1
345	宝箱	27	29	0	999	999	500	-1	-1	-1	0	0	199	100	1	212	100	1	36	100	1	1	70	100	1	1	9	100	1	1	80	100	1	-1	0	0	-1	0	0	-1	0	0	1
346	宝箱	27	29	0	999	999	500	-1	-1	109	100	1	-1	0	0	242	100	1	60	100	1	1	70	100	1	1	9	100	1	1	31	100	1	-1	0	0	-1	0	0	-1	0	0	1
347	宝箱	27	29	0	999	999	500	-1	-1	-1	0	0	-1	0	0	282	100	1	61	100	1	1	70	100	1	1	36	100	1	1	31	100	1	156	100	1	-1	0	0	-1	0	0	1
348	宝箱	27	29	0	999	999	500	-1	-1	59	100	1	-1	0	0	213	100	1	62	100	1	1	70	100	30	30	9	100	1	1	275	100	3	165	100	1	-1	0	0	-1	0	0	1
349	宝箱	27	29	0	999	999	500	-1	-1	-1	0	0	-1	0	0	243	100	1	63	100	1	1	70	100	30	30	9	100	1	1	216	100	3	166	100	1	-1	0	0	-1	0	0	1
350	宝箱	27	29	0	999	999	500	-1	-1	74	100	1	-1	0	0	283	100	1	64	100	1	1	70	100	30	30	9	100	1	1	273	100	3	167	100	1	-1	0	0	-1	0	0	1
351	宝箱	27	29	0	999	999	500	-1	-1	64	100	1	-1	0	0	214	100	1	27	100	1	1	70	100	30	30	36	100	1	1	272	100	3	168	100	1	-1	0	0	-1	0	0	1
352	宝箱	27	29	0	999	999	500	-1	-1	-1	0	0	-1	0	0	244	100	1	65	100	1	1	70	100	30	30	9	100	1	1	221	100	1	169	100	1	-1	0	0	-1	0	0	1
353	宝箱	27	29	0	999	999	500	-1	-1	35	100	1	-1	0	0	284	100	1	65	100	1	1	70	100	1	1	9	100	1	1	82	100	1	100	100	1	-1	0	0	-1	0	0	1
354	宝箱	27	29	0	999	999	500	-1	-1	60	100	1	-1	0	0	215	100	1	65	100	1	1	70	100	1	1	9	100	1	1	32	100	1	80	100	1	-1	0	0	-1	0	0	1
355	宝箱	27	29	0	999	999	500	-1	-1	-1	0	0	-1	0	0	245	100	1	65	100	1	1	70	100	1	1	36	100	1	1	32	100	1	60	100	1	-1	0	0	-1	0	0	1
356	宝箱	27	29	0	999	999	500	-1	-1	75	100	1	-1	0	0	285	100	1	65	100	1	1	70	100	1	1	8	100	1	1	32	100	1	40	100	1	-1	0	0	-1	0	0	1
357	宝箱	27	29	0	999	999	500	-1	-1	-1	0	0	200	100	1	216	100	1	65	100	1	1	70	100	1	1	9	100	1	1	79	100	1	157	100	1	-1	0	0	-1	0	0	1
358	青い宝箱	27	36	0	10	999	45	-1	-1	-1	0	0	-1	0	0	-1	0	0	140	100	1	3	75	70	1	3	96	15	1	3	-1	0	0	-1	0	0	-1	0	0	-1	0	0	4
359	青い宝箱	27	36	0	15	999	60	-1	-1	-1	0	0	-1	0	0	-1	0	0	85	100	1	3	76	70	1	3	108	15	1	3	-1	0	0	-1	0	0	-1	0	0	-1	0	0	4
360	青い宝箱	27	36	0	20	999	75	-1	-1	-1	0	0	-1	0	0	-1	0	0	118	100	1	3	77	70	1	3	128	15	1	3	-1	0	0	-1	0	0	-1	0	0	-1	0	0	4
361	青い宝箱	27	36	0	25	999	90	-1	-1	-1	0	0	-1	0	0	-1	0	0	140	100	1	3	78	70	1	3	96	15	1	3	-1	0	0	-1	0	0	-1	0	0	-1	0	0	4
362	青い宝箱	27	36	0	30	999	105	-1	-1	-1	0	0	-1	0	0	-1	0	0	85	100	1	3	79	70	1	3	110	15	1	3	-1	0	0	-1	0	0	-1	0	0	-1	0	0	4
363	青い宝箱	27	36	0	35	999	120	-1	-1	-1	0	0	-1	0	0	-1	0	0	118	100	1	3	80	70	1	3	128	15	1	3	-1	0	0	-1	0	0	-1	0	0	-1	0	0	4
364	青い宝箱	27	36	0	40	999	135	-1	-1	-1	0	0	-1	0	0	-1	0	0	141	100	1	3	81	70	1	3	97	15	1	3	-1	0	0	-1	0	0	-1	0	0	-1	0	0	4
365	青い宝箱	27	36	0	45	999	150	-1	-1	-1	0	0	-1	0	0	-1	0	0	86	100	1	3	82	70	1	3	109	15	1	3	-1	0	0	-1	0	0	-1	0	0	-1	0	0	4
366	青い宝箱	27	36	0	50	999	165	-1	-1	-1	0	0	-1	0	0	-1	0	0	119	100	1	3	83	70	1	3	129	15	1	3	-1	0	0	-1	0	0	-1	0	0	-1	0	0	4
367	青い宝箱	27	36	0	55	999	180	-1	-1	-1	0	0	-1	0	0	-1	0	0	141	100	1	3	84	70	1	3	97	15	1	3	-1	0	0	-1	0	0	-1	0	0	-1	0	0	4
368	青い宝箱	27	36	0	60	999	195	-1	-1	-1	0	0	-1	0	0	-1	0	0	86	100	1	3	75	70	1	3	110	15	1	3	-1	0	0	-1	0	0	-1	0	0	-1	0	0	4
369	青い宝箱	27	36	0	65	999	210	-1	-1	-1	0	0	-1	0	0	-1	0	0	119	100	1	3	76	70	1	3	129	15	1	3	-1	0	0	-1	0	0	-1	0	0	-1	0	0	4
370	青い宝箱	27	36	0	70	999	225	-1	-1	-1	0	0	-1	0	0	-1	0	0	142	100	1	3	77	70	1	3	98	15	1	3	-1	0	0	-1	0	0	-1	0	0	-1	0	0	4
371	青い宝箱	27	36	0	75	999	240	-1	-1	-1	0	0	-1	0	0	-1	0	0	87	100	1	3	78	70	1	3	110	15	1	3	-1	0	0	-1	0	0	-1	0	0	-1	0	0	4
372	青い宝箱	27	36	0	80	999	255	-1	-1	-1	0	0	-1	0	0	-1	0	0	120	100	1	3	79	70	1	3	130	15	1	3	-1	0	0	-1	0	0	-1	0	0	-1	0	0	4
373	青い宝箱	27	36	0	85	999	270	-1	-1	-1	0	0	-1	0	0	-1	0	0	142	100	1	3	80	70	1	3	98	15	1	3	-1	0	0	-1	0	0	-1	0	0	-1	0	0	4
374	青い宝箱	27	36	0	90	999	285	-1	-1	-1	0	0	-1	0	0	-1	0	0	87	100	1	3	81	70	1	3	110	15	1	3	-1	0	0	-1	0	0	-1	0	0	-1	0	0	4
375	青い宝箱	27	36	0	95	999	300	-1	-1	-1	0	0	-1	0	0	-1	0	0	120	100	1	3	82	70	1	3	130	15	1	3	-1	0	0	-1	0	0	-1	0	0	-1	0	0	4
376	青い宝箱	27	36	0	100	999	315	-1	-1	-1	0	0	-1	0	0	-1	0	0	143	100	1	3	83	70	1	3	98	15	1	3	-1	0	0	-1	0	0	-1	0	0	-1	0	0	4
377	青い宝箱	27	36	0	105	999	330	-1	-1	-1	0	0	-1	0	0	-1	0	0	88	100	1	3	84	70	1	3	110	15	1	3	-1	0	0	-1	0	0	-1	0	0	-1	0	0	4
378	青い宝箱	27	36	0	110	999	345	-1	-1	-1	0	0	-1	0	0	-1	0	0	121	100	1	3	75	70	1	3	130	15	1	3	-1	0	0	-1	0	0	-1	0	0	-1	0	0	4
379	青い宝箱	27	36	0	115	999	360	-1	-1	-1	0	0	-1	0	0	-1	0	0	143	100	1	3	76	70	1	3	98	15	1	3	-1	0	0	-1	0	0	-1	0	0	-1	0	0	4
380	青い宝箱	27	36	0	120	999	375	-1	-1	-1	0	0	-1	0	0	-1	0	0	88	100	1	3	77	70	1	3	110	15	1	3	-1	0	0	-1	0	0	-1	0	0	-1	0	0	4
381	青い宝箱	27	36	0	125	999	390	-1	-1	-1	0	0	-1	0	0	-1	0	0	121	100	1	3	78	70	1	3	130	15	1	3	-1	0	0	-1	0	0	-1	0	0	-1	0	0	4
382	青い宝箱	27	36	0	130	999	405	-1	-1	-1	0	0	-1	0	0	-1	0	0	89	100	1	3	79	70	1	3	99	15	1	3	-1	0	0	-1	0	0	-1	0	0	-1	0	0	4
383	青い宝箱	27	36	0	135	999	420	-1	-1	-1	0	0	-1	0	0	-1	0	0	122	100	1	3	80	70	1	3	110	15	1	3	-1	0	0	-1	0	0	-1	0	0	-1	0	0	4
384	青い宝箱	27	36	0	140	999	435	-1	-1	-1	0	0	-1	0	0	-1	0	0	144	100	1	3	81	70	1	3	131	15	1	3	-1	0	0	-1	0	0	-1	0	0	-1	0	0	4
385	青い宝箱	27	36	0	145	999	450	-1	-1	-1	0	0	-1	0	0	-1	0	0	89	100	1	3	82	70	1	3	99	15	1	3	-1	0	0	-1	0	0	-1	0	0	-1	0	0	4
386	青い宝箱	27	36	0	150	999	465	-1	-1	-1	0	0	-1	0	0	-1	0	0	122	100	1	3	83	70	1	3	111	15	1	3	-1	0	0	-1	0	0	-1	0	0	-1	0	0	4
387	青い宝箱	27	36	0	155	999	480	-1	-1	-1	0	0	-1	0	0	-1	0	0	145	100	1	3	84	70	1	3	131	15	1	3	-1	0	0	-1	0	0	-1	0	0	-1	0	0	4
388	黒い宝箱	27	37	0	15	999	60	-1	-1	112	30	1	177	20	1	-1	0	0	164	100	1	3	75	70	1	3	12	15	1	3	29	5	1	-1	0	0	-1	0	0	-1	0	0	4
389	黒い宝箱	27	37	0	20	999	75	-1	-1	17	30	1	178	20	1	-1	0	0	165	100	1	3	76	70	1	3	73	15	1	3	29	5	1	-1	0	0	-1	0	0	-1	0	0	4
390	黒い宝箱	27	37	0	25	999	90	-1	-1	22	30	1	179	20	1	-1	0	0	166	100	1	3	77	70	1	3	12	15	1	3	29	5	1	-1	0	0	-1	0	0	-1	0	0	4
391	黒い宝箱	27	37	0	30	999	105	-1	-1	37	30	1	180	20	1	-1	0	0	167	100	1	3	78	70	1	3	74	15	1	3	29	5	1	-1	0	0	-1	0	0	-1	0	0	4
392	黒い宝箱	27	37	0	35	999	120	-1	-1	117	30	1	-1	0	0	231	20	1	168	100	1	3	79	70	1	3	12	15	1	3	29	5	1	-1	0	0	-1	0	0	-1	0	0	4
393	黒い宝箱	27	37	0	40	999	135	-1	-1	67	30	1	181	20	1	271	20	1	169	100	1	3	80	70	1	3	73	15	1	3	29	5	1	-1	0	0	-1	0	0	-1	0	0	4
394	黒い宝箱	27	37	0	45	999	150	-1	-1	157	30	1	-1	0	0	202	20	1	170	100	1	3	81	70	1	3	12	15	1	3	29	5	1	-1	0	0	-1	0	0	-1	0	0	4
395	黒い宝箱	27	37	0	50	999	165	-1	-1	82	30	1	182	20	1	232	20	1	164	100	1	3	82	70	1	3	74	15	1	3	29	5	1	-1	0	0	-1	0	0	-1	0	0	4
396	黒い宝箱	27	37	0	55	999	180	-1	-1	162	30	1	-1	0	0	272	20	1	165	100	1	3	83	70	1	3	12	15	1	3	29	5	1	-1	0	0	-1	0	0	-1	0	0	4
397	黒い宝箱	27	37	0	60	999	195	-1	-1	92	30	1	183	20	1	203	20	1	166	100	1	3	84	70	1	3	73	15	1	3	29	5	1	-1	0	0	-1	0	0	-1	0	0	4
398	黒い宝箱	27	37	0	65	999	210	-1	-1	122	30	1	-1	0	0	233	20	1	167	100	1	3	75	70	1	3	12	15	1	3	29	5	1	-1	0	0	-1	0	0	-1	0	0	4
399	黒い宝箱	27	37	0	70	999	225	-1	-1	42	30	1	184	20	1	273	20	1	168	100	1	3	76	70	1	3	74	15	1	3	29	5	1	-1	0	0	-1	0	0	-1	0	0	4
400	黒い宝箱	27	37	0	75	999	240	-1	-1	127	30	1	-1	0	0	204	20	1	169	100	1	3	77	70	1	3	12	15	1	3	29	5	1	-1	0	0	-1	0	0	-1	0	0	4
401	黒い宝箱	27	37	0	80	999	255	-1	-1	152	30	1	185	20	1	234	20	1	170	100	1	3	78	70	1	3	73	15	1	3	29	5	1	-1	0	0	-1	0	0	-1	0	0	4
402	黒い宝箱	27	37	0	85	999	270	-1	-1	167	30	1	-1	0	0	308	20	1	164	100	1	3	79	70	1	3	12	15	1	3	29	5	1	-1	0	0	-1	0	0	-1	0	0	4
403	黒い宝箱	27	37	0	90	999	285	-1	-1	97	30	1	186	20	1	205	20	1	165	100	1	3	80	70	1	3	74	15	1	3	29	5	1	-1	0	0	-1	0	0	-1	0	0	4
404	黒い宝箱	27	37	0	95	999	300	-1	-1	132	30	1	-1	0	0	235	20	1	166	100	1	3	81	70	1	3	12	15	1	3	29	5	1	-1	0	0	-1	0	0	-1	0	0	4
405	黒い宝箱	27	37	0	100	999	315	-1	-1	47	30	1	187	20	1	307	20	1	167	100	1	3	82	70	1	3	73	15	1	3	29	5	1	-1	0	0	-1	0	0	-1	0	0	4
406	黒い宝箱	27	37	0	105	999	330	-1	-1	137	30	1	-1	0	0	206	20	1	168	100	1	3	83	70	1	3	12	15	1	3	29	5	1	-1	0	0	-1	0	0	-1	0	0	4
407	黒い宝箱	27	37	0	110	999	345	-1	-1	87	30	1	178	20	1	236	20	1	169	100	1	3	84	70	1	3	74	15	1	3	29	5	1	-1	0	0	-1	0	0	-1	0	0	4
408	黒い宝箱	27	37	0	115	999	360	-1	-1	27	30	1	-1	0	0	303	20	1	170	100	1	3	75	70	1	3	12	15	1	3	29	5	1	-1	0	0	-1	0	0	-1	0	0	4
409	黒い宝箱	27	37	0	120	999	375	-1	-1	102	30	1	179	20	1	207	20	1	164	100	1	3	76	70	1	3	73	15	1	3	29	5	1	-1	0	0	-1	0	0	-1	0	0	4
410	黒い宝箱	27	37	0	125	999	390	-1	-1	142	30	1	-1	0	0	237	20	1	165	100	1	3	77	70	1	3	12	15	1	3	29	5	1	-1	0	0	-1	0	0	-1	0	0	4
411	黒い宝箱	27	37	0	130	999	405	-1	-1	52	30	1	180	20	1	302	20	1	166	100	1	3	78	70	1	3	74	15	1	3	29	5	1	-1	0	0	-1	0	0	-1	0	0	4
412	黒い宝箱	27	37	0	135	999	420	-1	-1	77	30	1	-1	0	0	208	20	1	167	100	1	3	79	70	1	3	12	15	1	3	29	5	1	-1	0	0	-1	0	0	-1	0	0	4
413	黒い宝箱	27	37	0	140	999	435	-1	-1	107	30	1	181	20	1	238	20	1	168	100	1	3	80	70	1	3	73	15	1	3	29	5	1	-1	0	0	-1	0	0	-1	0	0	4
414	黒い宝箱	27	37	0	145	999	450	-1	-1	32	30	1	-1	0	0	298	20	1	169	100	1	3	81	70	1	3	12	15	1	3	29	5	1	-1	0	0	-1	0	0	-1	0	0	4
415	黒い宝箱	27	37	0	150	999	465	-1	-1	57	30	1	179	20	1	209	20	1	170	100	1	3	82	70	1	3	74	15	1	3	29	5	1	-1	0	0	-1	0	0	-1	0	0	4
416	黒い宝箱	27	37	0	155	999	480	-1	-1	147	30	1	-1	0	0	239	20	1	164	100	1	3	83	70	1	3	12	15	1	3	29	5	1	-1	0	0	-1	0	0	-1	0	0	4
417	黒い宝箱	27	37	0	160	999	495	-1	-1	72	30	1	180	20	1	297	20	1	165	100	1	3	84	70	1	3	12	15	1	3	29	5	1	-1	0	0	-1	0	0	-1	0	0	4
418	金の宝箱	27	38	0	30	999	105	-1	-1	112	50	1	177	50	1	-1	0	0	12	100	1	3	27	30	1	1	13	15	1	1	-1	0	0	-1	0	0	5	20	1	132	3	1	4
419	金の宝箱	27	38	0	35	999	120	-1	-1	17	50	1	178	50	1	-1	0	0	12	100	1	3	29	50	1	3	10	15	1	1	-1	0	0	-1	0	0	10	20	1	132	3	1	4
420	金の宝箱	27	38	0	40	999	135	-1	-1	22	50	1	179	50	1	-1	0	0	12	100	1	3	31	30	1	1	13	15	1	1	-1	0	0	-1	0	0	15	20	1	132	3	1	4
421	金の宝箱	27	38	0	45	999	150	-1	-1	37	50	1	180	50	1	-1	0	0	12	100	1	3	33	50	1	3	10	15	1	1	-1	0	0	-1	0	0	22	20	1	132	3	1	4
422	金の宝箱	27	38	0	50	999	165	-1	-1	117	50	1	-1	0	0	231	50	1	12	100	1	3	27	30	1	1	13	15	1	1	-1	0	0	-1	0	0	31	20	1	132	3	1	4
423	金の宝箱	27	38	0	55	999	180	-1	-1	67	50	1	181	50	1	271	50	1	12	100	1	3	29	50	1	3	10	15	1	1	-1	0	0	-1	0	0	33	20	1	132	3	1	4
424	金の宝箱	27	38	0	60	999	195	-1	-1	157	50	1	-1	0	0	202	50	1	12	100	1	3	31	30	1	1	13	15	1	1	-1	0	0	-1	0	0	37	20	1	132	3	1	4
425	金の宝箱	27	38	0	65	999	210	-1	-1	82	50	1	182	50	1	232	50	1	12	100	1	3	33	50	1	3	10	15	1	1	-1	0	0	-1	0	0	40	20	1	132	3	1	4
426	金の宝箱	27	38	0	70	999	225	-1	-1	162	50	1	-1	0	0	272	50	1	12	100	1	3	27	30	1	1	13	15	1	1	-1	0	0	-1	0	0	27	20	1	132	3	1	4
427	金の宝箱	27	38	0	75	999	240	-1	-1	92	50	1	190	50	1	203	50	1	12	100	1	3	29	50	1	3	148	15	1	1	-1	0	0	-1	0	0	30	20	1	132	3	1	4
428	金の宝箱	27	38	0	80	999	255	-1	-1	122	50	1	-1	0	0	233	50	1	12	100	1	3	31	30	1	1	13	15	1	1	-1	0	0	-1	0	0	26	20	1	132	3	1	4
429	金の宝箱	27	38	0	85	999	270	-1	-1	42	50	1	192	50	1	273	50	1	12	100	1	3	33	50	1	3	10	15	1	1	-1	0	0	-1	0	0	28	20	1	132	3	1	4
430	金の宝箱	27	38	0	90	999	285	-1	-1	127	50	1	-1	0	0	204	50	1	12	100	1	3	27	30	1	1	13	15	1	1	-1	0	0	-1	0	0	29	20	1	132	3	1	4
431	金の宝箱	27	38	0	95	999	300	-1	-1	152	50	1	185	50	1	234	50	1	12	100	1	3	29	50	1	3	10	15	1	1	-1	0	0	-1	0	0	47	20	1	132	3	1	4
432	金の宝箱	27	38	0	100	999	315	-1	-1	167	50	1	-1	0	0	286	50	1	12	100	1	3	31	30	1	1	13	15	1	1	-1	0	0	-1	0	0	54	20	1	132	3	1	4
433	金の宝箱	27	38	0	105	999	330	-1	-1	97	50	1	182	50	1	205	50	1	12	100	1	3	33	50	1	3	148	15	1	1	-1	0	0	-1	0	0	42	20	1	132	3	1	4
434	金の宝箱	27	38	0	110	999	345	-1	-1	132	50	1	-1	0	0	235	50	1	12	100	1	3	27	30	1	1	13	15	1	1	-1	0	0	-1	0	0	43	20	1	132	3	1	4
435	金の宝箱	27	38	0	115	999	360	-1	-1	47	50	1	187	50	1	296	50	1	12	100	1	3	29	50	1	3	10	15	1	1	-1	0	0	-1	0	0	44	20	1	132	3	1	4
436	金の宝箱	27	38	0	120	999	375	-1	-1	137	50	1	-1	0	0	206	50	1	12	100	1	3	31	30	1	1	13	15	1	1	-1	0	0	-1	0	0	45	20	1	132	3	1	4
437	金の宝箱	27	38	0	125	999	390	-1	-1	87	50	1	178	50	1	236	50	1	12	100	1	3	33	50	1	3	10	15	1	1	-1	0	0	-1	0	0	46	20	1	132	3	1	4
438	金の宝箱	27	38	0	130	999	405	-1	-1	27	50	1	-1	0	0	282	50	1	12	100	1	3	27	30	1	1	13	15	1	1	-1	0	0	-1	0	0	74	20	1	132	3	1	4
439	金の宝箱	27	38	0	135	999	420	-1	-1	102	50	1	179	50	1	207	50	1	12	100	1	3	29	50	1	3	148	15	1	1	-1	0	0	-1	0	0	52	20	1	132	3	1	4
440	金の宝箱	27	38	0	140	999	435	-1	-1	142	50	1	-1	0	0	237	50	1	12	100	1	3	31	30	1	1	13	15	1	1	-1	0	0	-1	0	0	53	20	1	132	3	1	4
441	金の宝箱	27	38	0	145	999	450	-1	-1	52	50	1	180	50	1	277	50	1	12	100	1	3	33	50	1	3	10	15	1	1	-1	0	0	-1	0	0	5	20	1	132	3	1	4
442	金の宝箱	27	38	0	150	999	465	-1	-1	77	50	1	-1	0	0	208	50	1	12	100	1	3	27	30	1	1	13	15	1	1	-1	0	0	-1	0	0	10	20	1	132	3	1	4
443	金の宝箱	27	38	0	155	999	480	-1	-1	107	50	1	181	50	1	238	50	1	12	100	1	3	29	50	1	3	10	15	1	1	-1	0	0	-1	0	0	15	20	1	132	3	1	4
444	金の宝箱	27	38	0	160	999	495	-1	-1	32	50	1	-1	0	0	283	50	1	12	100	1	3	31	30	1	1	13	15	1	1	-1	0	0	-1	0	0	22	20	1	132	3	1	4
445	金の宝箱	27	38	0	165	999	510	-1	-1	57	50	1	182	50	1	209	50	1	12	100	1	3	33	50	1	3	148	15	1	1	-1	0	0	-1	0	0	31	20	1	132	3	1	4
446	金の宝箱	27	38	0	170	999	525	-1	-1	147	50	1	-1	0	0	239	50	1	12	100	1	3	27	30	1	1	13	15	1	1	-1	0	0	-1	0	0	33	20	1	132	3	1	4
447	金の宝箱	27	38	0	175	999	540	-1	-1	72	50	1	187	50	1	279	50	1	12	100	1	3	29	50	1	3	10	15	1	1	-1	0	0	-1	0	0	37	20	1	132	3	1	4
448	宝箱	27	54	0	5	999	30	-1	-1	-1	0	0	-1	0	0	-1	0	0	140	100	1	3	75	100	1	3	164	100	1	2	-1	0	0	-1	0	0	-1	0	0	-1	0	0	4
449	宝箱	27	54	0	10	999	45	-1	-1	-1	0	0	-1	0	0	-1	0	0	141	100	1	3	76	100	1	3	165	100	1	2	-1	0	0	-1	0	0	-1	0	0	-1	0	0	4
450	宝箱	27	54	0	15	999	60	-1	-1	-1	0	0	-1	0	0	-1	0	0	142	100	1	3	77	100	1	3	166	100	1	2	-1	0	0	-1	0	0	-1	0	0	-1	0	0	4
451	宝箱	27	54	0	20	999	75	-1	-1	-1	0	0	-1	0	0	-1	0	0	143	100	1	3	78	100	1	3	167	100	1	2	-1	0	0	-1	0	0	-1	0	0	-1	0	0	4
452	宝箱	27	54	0	25	999	90	-1	-1	-1	0	0	-1	0	0	-1	0	0	140	100	1	3	75	100	1	3	168	100	1	2	-1	0	0	-1	0	0	-1	0	0	-1	0	0	4
453	宝箱	27	54	0	30	999	105	-1	-1	-1	0	0	-1	0	0	-1	0	0	141	100	1	3	76	100	1	3	169	100	1	2	-1	0	0	-1	0	0	-1	0	0	-1	0	0	4
454	宝箱	27	54	0	35	999	120	-1	-1	-1	0	0	-1	0	0	-1	0	0	142	100	1	3	77	100	1	3	170	100	1	2	-1	0	0	-1	0	0	-1	0	0	-1	0	0	4
455	宝箱	27	54	0	40	999	135	-1	-1	-1	0	0	-1	0	0	-1	0	0	143	100	1	3	78	100	1	3	164	100	1	2	-1	0	0	-1	0	0	-1	0	0	-1	0	0	4
456	宝箱	27	54	0	45	999	150	-1	-1	-1	0	0	-1	0	0	-1	0	0	140	100	1	3	75	100	1	3	165	100	1	2	-1	0	0	-1	0	0	-1	0	0	-1	0	0	4
457	宝箱	27	54	0	50	999	165	-1	-1	-1	0	0	-1	0	0	-1	0	0	141	100	1	3	76	100	1	3	166	100	1	2	-1	0	0	-1	0	0	-1	0	0	-1	0	0	4
458	宝箱	27	54	0	55	999	180	-1	-1	-1	0	0	-1	0	0	-1	0	0	142	100	1	3	77	100	1	3	167	100	1	2	-1	0	0	-1	0	0	-1	0	0	-1	0	0	4
459	宝箱	27	54	0	60	999	195	-1	-1	-1	0	0	-1	0	0	-1	0	0	143	100	1	3	78	100	1	3	168	100	1	2	-1	0	0	-1	0	0	-1	0	0	-1	0	0	4
460	宝箱	27	54	0	65	999	210	-1	-1	-1	0	0	-1	0	0	-1	0	0	140	100	1	3	75	100	1	3	169	100	1	2	-1	0	0	-1	0	0	-1	0	0	-1	0	0	4
461	宝箱	27	54	0	70	999	225	-1	-1	-1	0	0	-1	0	0	-1	0	0	141	100	1	3	76	100	1	3	170	100	1	2	-1	0	0	-1	0	0	-1	0	0	-1	0	0	4
462	宝箱	27	54	0	75	999	240	-1	-1	-1	0	0	-1	0	0	-1	0	0	142	100	1	3	77	100	1	3	164	100	1	2	-1	0	0	-1	0	0	-1	0	0	-1	0	0	4
463	宝箱	27	54	0	80	999	255	-1	-1	-1	0	0	-1	0	0	-1	0	0	143	100	1	3	78	100	1	3	165	100	1	2	-1	0	0	-1	0	0	-1	0	0	-1	0	0	4
464	宝箱	27	54	0	85	999	270	-1	-1	-1	0	0	-1	0	0	-1	0	0	140	100	1	3	75	100	1	3	166	100	1	2	-1	0	0	-1	0	0	-1	0	0	-1	0	0	4
465	宝箱	27	54	0	90	999	285	-1	-1	-1	0	0	-1	0	0	-1	0	0	141	100	1	3	76	100	1	3	167	100	1	2	-1	0	0	-1	0	0	-1	0	0	-1	0	0	4
466	宝箱	27	54	0	95	999	300	-1	-1	-1	0	0	-1	0	0	-1	0	0	142	100	1	3	77	100	1	3	168	100	1	2	-1	0	0	-1	0	0	-1	0	0	-1	0	0	4
467	宝箱	27	54	0	100	999	315	-1	-1	-1	0	0	-1	0	0	-1	0	0	143	100	1	3	78	100	1	3	169	100	1	2	-1	0	0	-1	0	0	-1	0	0	-1	0	0	4
468	宝箱	27	54	0	105	999	330	-1	-1	-1	0	0	-1	0	0	-1	0	0	140	100	1	3	75	100	1	3	170	100	1	2	-1	0	0	-1	0	0	-1	0	0	-1	0	0	4
469	宝箱	27	54	0	110	999	345	-1	-1	-1	0	0	-1	0	0	-1	0	0	141	100	1	3	76	100	1	3	164	100	1	2	-1	0	0	-1	0	0	-1	0	0	-1	0	0	4
470	宝箱	27	54	0	115	999	360	-1	-1	-1	0	0	-1	0	0	-1	0	0	142	100	1	3	77	100	1	3	165	100	1	2	-1	0	0	-1	0	0	-1	0	0	-1	0	0	4
471	宝箱	27	54	0	120	999	375	-1	-1	-1	0	0	-1	0	0	-1	0	0	143	100	1	3	78	100	1	3	166	100	1	2	-1	0	0	-1	0	0	-1	0	0	-1	0	0	4
472	宝箱	27	54	0	125	999	390	-1	-1	-1	0	0	-1	0	0	-1	0	0	144	100	1	3	79	100	1	3	167	100	1	2	-1	0	0	-1	0	0	-1	0	0	-1	0	0	4
473	宝箱	27	54	0	130	999	405	-1	-1	-1	0	0	-1	0	0	-1	0	0	145	100	1	3	80	100	1	3	168	100	1	2	-1	0	0	-1	0	0	-1	0	0	-1	0	0	4
474	宝箱	27	54	0	135	999	420	-1	-1	-1	0	0	-1	0	0	-1	0	0	146	100	1	3	81	100	1	3	169	100	1	2	-1	0	0	-1	0	0	-1	0	0	-1	0	0	4
475	宝箱	27	54	0	140	999	435	-1	-1	-1	0	0	-1	0	0	-1	0	0	144	100	1	3	79	100	1	3	170	100	1	2	-1	0	0	-1	0	0	-1	0	0	-1	0	0	4
476	宝箱	27	54	0	145	999	450	-1	-1	-1	0	0	-1	0	0	-1	0	0	145	100	1	3	80	100	1	3	164	100	1	2	-1	0	0	-1	0	0	-1	0	0	-1	0	0	4
477	宝箱	27	54	0	150	999	465	-1	-1	-1	0	0	-1	0	0	-1	0	0	146	100	1	3	81	100	1	3	165	100	1	2	-1	0	0	-1	0	0	-1	0	0	-1	0	0	4
478	宝箱	27	54	0	155	999	480	-1	-1	-1	0	0	-1	0	0	-1	0	0	144	100	1	3	79	100	1	3	166	100	1	2	-1	0	0	-1	0	0	-1	0	0	-1	0	0	4
479	宝箱	27	54	0	160	999	495	-1	-1	-1	0	0	-1	0	0	-1	0	0	145	100	1	3	80	100	1	3	167	100	1	2	-1	0	0	-1	0	0	-1	0	0	-1	0	0	4
480	宝箱	27	54	0	165	999	510	-1	-1	-1	0	0	-1	0	0	-1	0	0	146	100	1	3	81	100	1	3	168	100	1	2	-1	0	0	-1	0	0	-1	0	0	-1	0	0	4
481	宝箱	27	54	0	170	999	525	-1	-1	-1	0	0	-1	0	0	-1	0	0	144	100	1	3	79	100	1	3	169	100	1	2	-1	0	0	-1	0	0	-1	0	0	-1	0	0	4
482	宝箱	27	54	0	175	999	540	-1	-1	-1	0	0	-1	0	0	-1	0	0	145	100	1	3	80	100	1	3	170	100	1	2	-1	0	0	-1	0	0	-1	0	0	-1	0	0	4
483	宝箱	27	54	0	180	999	555	-1	-1	-1	0	0	-1	0	0	-1	0	0	146	100	1	3	81	100	1	3	164	100	1	2	-1	0	0	-1	0	0	-1	0	0	-1	0	0	4
484	宝箱	27	54	0	185	999	570	-1	-1	-1	0	0	-1	0	0	-1	0	0	144	100	1	3	79	100	1	3	165	100	1	2	-1	0	0	-1	0	0	-1	0	0	-1	0	0	4
485	宝箱	27	54	0	190	999	585	-1	-1	-1	0	0	-1	0	0	-1	0	0	145	100	1	3	80	100	1	3	166	100	1	2	-1	0	0	-1	0	0	-1	0	0	-1	0	0	4
486	宝箱	27	54	0	195	999	600	-1	-1	-1	0	0	-1	0	0	-1	0	0	146	100	1	3	81	100	1	3	167	100	1	2	-1	0	0	-1	0	0	-1	0	0	-1	0	0	4
487	宝箱	27	54	0	200	999	615	-1	-1	-1	0	0	-1	0	0	-1	0	0	144	100	1	3	79	100	1	3	168	100	1	2	-1	0	0	-1	0	0	-1	0	0	-1	0	0	4
488	宝箱	27	54	0	205	999	630	-1	-1	-1	0	0	-1	0	0	-1	0	0	145	100	1	3	80	100	1	3	169	100	1	2	-1	0	0	-1	0	0	-1	0	0	-1	0	0	4
489	宝箱	27	54	0	210	999	645	-1	-1	-1	0	0	-1	0	0	-1	0	0	146	100	1	3	81	100	1	3	170	100	1	2	-1	0	0	-1	0	0	-1	0	0	-1	0	0	4
490	宝箱	27	54	0	215	999	660	-1	-1	-1	0	0	-1	0	0	-1	0	0	144	100	1	3	79	100	1	3	164	100	1	2	-1	0	0	-1	0	0	-1	0	0	-1	0	0	4
491	宝箱	27	54	0	220	999	675	-1	-1	-1	0	0	-1	0	0	-1	0	0	145	100	1	3	80	100	1	3	165	100	1	2	-1	0	0	-1	0	0	-1	0	0	-1	0	0	4
492	宝箱	27	54	0	225	999	690	-1	-1	-1	0	0	-1	0	0	-1	0	0	146	100	1	3	81	100	1	3	166	100	1	2	-1	0	0	-1	0	0	-1	0	0	-1	0	0	4
493	宝箱	27	54	0	230	999	705	-1	-1	-1	0	0	-1	0	0	-1	0	0	144	100	1	3	79	100	1	3	167	100	1	2	-1	0	0	-1	0	0	-1	0	0	-1	0	0	4
494	宝箱	27	54	0	235	999	720	-1	-1	-1	0	0	-1	0	0	-1	0	0	145	100	1	3	80	100	1	3	168	100	1	2	-1	0	0	-1	0	0	-1	0	0	-1	0	0	4
495	宝箱	27	54	0	240	999	735	-1	-1	-1	0	0	-1	0	0	-1	0	0	146	100	1	3	81	100	1	3	169	100	1	2	-1	0	0	-1	0	0	-1	0	0	-1	0	0	4
496	宝箱	27	54	0	245	999	750	-1	-1	-1	0	0	-1	0	0	-1	0	0	144	100	1	3	79	100	1	3	170	100	1	2	-1	0	0	-1	0	0	-1	0	0	-1	0	0	4
497	宝箱	27	54	0	250	999	765	-1	-1	-1	0	0	-1	0	0	-1	0	0	145	100	1	3	80	100	1	3	164	100	1	2	-1	0	0	-1	0	0	-1	0	0	-1	0	0	4
498	宝箱	27	54	0	255	999	780	-1	-1	-1	0	0	-1	0	0	-1	0	0	146	100	1	3	81	100	1	3	165	100	1	2	-1	0	0	-1	0	0	-1	0	0	-1	0	0	4
499	宝箱	27	54	0	260	999	795	-1	-1	-1	0	0	-1	0	0	-1	0	0	144	100	1	3	79	100	1	3	166	100	1	2	-1	0	0	-1	0	0	-1	0	0	-1	0	0	4
500	宝箱	27	54	0	265	999	810	-1	-1	-1	0	0	-1	0	0	-1	0	0	145	100	1	3	80	100	1	3	167	100	1	2	-1	0	0	-1	0	0	-1	0	0	-1	0	0	4
501	宝箱	27	54	0	270	999	825	-1	-1	-1	0	0	-1	0	0	-1	0	0	146	100	1	3	81	100	1	3	168	100	1	2	-1	0	0	-1	0	0	-1	0	0	-1	0	0	4
502	宝箱	27	54	0	275	999	840	-1	-1	-1	0	0	-1	0	0	-1	0	0	144	100	1	3	79	100	1	3	169	100	1	2	-1	0	0	-1	0	0	-1	0	0	-1	0	0	4
503	宝箱	27	54	0	280	999	855	-1	-1	-1	0	0	-1	0	0	-1	0	0	145	100	1	3	80	100	1	3	170	100	1	2	-1	0	0	-1	0	0	-1	0	0	-1	0	0	4
504	宝箱	27	54	0	285	999	870	-1	-1	-1	0	0	-1	0	0	-1	0	0	146	100	1	3	81	100	1	3	164	100	1	2	-1	0	0	-1	0	0	-1	0	0	-1	0	0	4
505	宝箱	27	54	0	290	999	885	-1	-1	-1	0	0	-1	0	0	-1	0	0	144	100	1	3	79	100	1	3	165	100	1	2	-1	0	0	-1	0	0	-1	0	0	-1	0	0	4
506	宝箱	27	54	0	295	999	900	-1	-1	-1	0	0	-1	0	0	-1	0	0	145	100	1	3	80	100	1	3	166	100	1	2	-1	0	0	-1	0	0	-1	0	0	-1	0	0	4
507	宝箱	27	54	0	300	999	915	-1	-1	-1	0	0	-1	0	0	-1	0	0	146	100	1	3	81	100	1	3	167	100	1	2	-1	0	0	-1	0	0	-1	0	0	-1	0	0	4
508	宝箱	27	54	0	305	999	930	-1	-1	-1	0	0	-1	0	0	-1	0	0	147	100	1	3	82	100	1	3	168	100	1	2	-1	0	0	-1	0	0	-1	0	0	-1	0	0	4
509	宝箱	27	54	0	310	999	945	-1	-1	-1	0	0	-1	0	0	-1	0	0	152	100	1	3	83	100	1	3	169	100	1	2	-1	0	0	-1	0	0	-1	0	0	-1	0	0	4
510	宝箱	27	54	0	315	999	960	-1	-1	-1	0	0	-1	0	0	-1	0	0	149	100	1	3	84	100	1	3	170	100	1	2	-1	0	0	-1	0	0	-1	0	0	-1	0	0	4
511	宝箱	27	54	0	320	999	975	-1	-1	-1	0	0	-1	0	0	-1	0	0	147	100	1	3	82	100	1	3	164	100	1	2	-1	0	0	-1	0	0	-1	0	0	-1	0	0	4
512	宝箱	27	54	0	325	999	990	-1	-1	-1	0	0	-1	0	0	-1	0	0	153	100	1	3	83	100	1	3	165	100	1	2	-1	0	0	-1	0	0	-1	0	0	-1	0	0	4
513	宝箱	27	54	0	330	999	1005	-1	-1	-1	0	0	-1	0	0	-1	0	0	152	100	1	3	84	100	1	3	166	100	1	2	-1	0	0	-1	0	0	-1	0	0	-1	0	0	4
514	宝箱	27	54	0	335	999	1020	-1	-1	-1	0	0	-1	0	0	-1	0	0	149	100	1	3	82	100	1	3	167	100	1	2	-1	0	0	-1	0	0	-1	0	0	-1	0	0	4
515	宝箱	27	54	0	340	999	1035	-1	-1	-1	0	0	-1	0	0	-1	0	0	147	100	1	3	83	100	1	3	168	100	1	2	-1	0	0	-1	0	0	-1	0	0	-1	0	0	4
516	宝箱	27	54	0	345	999	1050	-1	-1	-1	0	0	-1	0	0	-1	0	0	153	100	1	3	84	100	1	3	169	100	1	2	-1	0	0	-1	0	0	-1	0	0	-1	0	0	4
517	宝箱	27	54	0	350	999	1065	-1	-1	-1	0	0	-1	0	0	-1	0	0	152	100	1	3	82	100	1	3	170	100	1	2	-1	0	0	-1	0	0	-1	0	0	-1	0	0	4
518	宝箱	27	54	0	355	999	1080	-1	-1	-1	0	0	-1	0	0	-1	0	0	149	100	1	3	83	100	1	3	164	100	1	2	-1	0	0	-1	0	0	-1	0	0	-1	0	0	4
519	宝箱	27	54	0	360	999	1095	-1	-1	-1	0	0	-1	0	0	-1	0	0	147	100	1	3	84	100	1	3	165	100	1	2	-1	0	0	-1	0	0	-1	0	0	-1	0	0	4
520	宝箱	27	54	0	365	999	1110	-1	-1	-1	0	0	-1	0	0	-1	0	0	153	100	1	3	82	100	1	3	166	100	1	2	-1	0	0	-1	0	0	-1	0	0	-1	0	0	4
521	宝箱	27	54	0	370	999	1125	-1	-1	-1	0	0	-1	0	0	-1	0	0	152	100	1	3	83	100	1	3	167	100	1	2	-1	0	0	-1	0	0	-1	0	0	-1	0	0	4
522	宝箱	27	54	0	375	999	1140	-1	-1	-1	0	0	-1	0	0	-1	0	0	149	100	1	3	84	100	1	3	168	100	1	2	-1	0	0	-1	0	0	-1	0	0	-1	0	0	4
523	宝箱	27	54	0	380	999	1155	-1	-1	-1	0	0	-1	0	0	-1	0	0	147	100	1	3	82	100	1	3	169	100	1	2	-1	0	0	-1	0	0	-1	0	0	-1	0	0	4
524	宝箱	27	54	0	385	999	1170	-1	-1	-1	0	0	-1	0	0	-1	0	0	153	100	1	3	83	100	1	3	170	100	1	2	-1	0	0	-1	0	0	-1	0	0	-1	0	0	4
525	宝箱	27	54	0	390	999	1185	-1	-1	-1	0	0	-1	0	0	-1	0	0	152	100	1	3	84	100	1	3	164	100	1	2	-1	0	0	-1	0	0	-1	0	0	-1	0	0	4
526	宝箱	27	54	0	395	999	1200	-1	-1	-1	0	0	-1	0	0	-1	0	0	149	100	1	3	82	100	1	3	165	100	1	2	-1	0	0	-1	0	0	-1	0	0	-1	0	0	4
527	宝箱	27	54	0	400	999	1215	-1	-1	-1	0	0	-1	0	0	-1	0	0	147	100	1	3	83	100	1	3	166	100	1	2	-1	0	0	-1	0	0	-1	0	0	-1	0	0	4
528	宝箱	27	54	0	405	999	1230	-1	-1	-1	0	0	-1	0	0	-1	0	0	153	100	1	3	84	100	1	3	167	100	1	2	-1	0	0	-1	0	0	-1	0	0	-1	0	0	4
529	宝箱	27	54	0	410	999	1245	-1	-1	-1	0	0	-1	0	0	-1	0	0	152	100	1	3	82	100	1	3	168	100	1	2	-1	0	0	-1	0	0	-1	0	0	-1	0	0	4
530	宝箱	27	54	0	415	999	1260	-1	-1	-1	0	0	-1	0	0	-1	0	0	149	100	1	3	83	100	1	3	169	100	1	2	-1	0	0	-1	0	0	-1	0	0	-1	0	0	4
531	宝箱	27	54	0	420	999	1275	-1	-1	-1	0	0	-1	0	0	-1	0	0	147	100	1	3	84	100	1	3	170	100	1	2	-1	0	0	-1	0	0	-1	0	0	-1	0	0	4
532	宝箱	27	54	0	425	999	1290	-1	-1	-1	0	0	-1	0	0	-1	0	0	153	100	1	3	82	100	1	3	164	100	1	2	-1	0	0	-1	0	0	-1	0	0	-1	0	0	4
533	宝箱	27	54	0	430	999	1305	-1	-1	-1	0	0	-1	0	0	-1	0	0	152	100	1	3	83	100	1	3	165	100	1	2	-1	0	0	-1	0	0	-1	0	0	-1	0	0	4
534	宝箱	27	54	0	435	999	1320	-1	-1	-1	0	0	-1	0	0	-1	0	0	149	100	1	3	84	100	1	3	166	100	1	2	-1	0	0	-1	0	0	-1	0	0	-1	0	0	4
535	宝箱	27	54	0	440	999	1335	-1	-1	-1	0	0	-1	0	0	-1	0	0	147	100	1	3	82	100	1	3	167	100	1	2	-1	0	0	-1	0	0	-1	0	0	-1	0	0	4
536	宝箱	27	54	0	445	999	1350	-1	-1	-1	0	0	-1	0	0	-1	0	0	153	100	1	3	83	100	1	3	168	100	1	2	-1	0	0	-1	0	0	-1	0	0	-1	0	0	4
537	宝箱	27	54	0	450	999	1365	-1	-1	-1	0	0	-1	0	0	-1	0	0	152	100	1	3	84	100	1	3	169	100	1	2	-1	0	0	-1	0	0	-1	0	0	-1	0	0	4
538	宝箱	27	54	0	455	999	1380	-1	-1	-1	0	0	-1	0	0	-1	0	0	149	100	1	3	82	100	1	3	170	100	1	2	-1	0	0	-1	0	0	-1	0	0	-1	0	0	4
539	宝箱	27	54	0	460	999	1395	-1	-1	-1	0	0	-1	0	0	-1	0	0	147	100	1	3	83	100	1	3	164	100	1	2	-1	0	0	-1	0	0	-1	0	0	-1	0	0	4
540	宝箱	27	54	0	465	999	1410	-1	-1	-1	0	0	-1	0	0	-1	0	0	153	100	1	3	84	100	1	3	165	100	1	2	-1	0	0	-1	0	0	-1	0	0	-1	0	0	4
541	宝箱	27	54	0	470	999	1425	-1	-1	-1	0	0	-1	0	0	-1	0	0	152	100	1	3	82	100	1	3	166	100	1	2	-1	0	0	-1	0	0	-1	0	0	-1	0	0	4
542	宝箱	27	54	0	475	999	1440	-1	-1	-1	0	0	-1	0	0	-1	0	0	149	100	1	3	83	100	1	3	167	100	1	2	-1	0	0	-1	0	0	-1	0	0	-1	0	0	4
543	宝箱	27	54	0	480	999	1455	-1	-1	-1	0	0	-1	0	0	-1	0	0	147	100	1	3	84	100	1	3	168	100	1	2	-1	0	0	-1	0	0	-1	0	0	-1	0	0	4
544	宝箱	27	54	0	485	999	1470	-1	-1	-1	0	0	-1	0	0	-1	0	0	153	100	1	3	75	100	1	3	169	100	1	2	-1	0	0	-1	0	0	-1	0	0	-1	0	0	4
545	宝箱	27	54	0	490	999	1485	-1	-1	-1	0	0	-1	0	0	-1	0	0	141	100	1	3	76	100	1	3	170	100	1	2	-1	0	0	-1	0	0	-1	0	0	-1	0	0	4
546	宝箱	27	54	0	495	999	1500	-1	-1	-1	0	0	-1	0	0	-1	0	0	142	100	1	3	77	100	1	3	164	100	1	2	-1	0	0	-1	0	0	-1	0	0	-1	0	0	4
547	宝箱	27	54	0	500	999	1515	-1	-1	-1	0	0	-1	0	0	-1	0	0	143	100	1	3	78	100	1	3	165	100	1	2	-1	0	0	-1	0	0	-1	0	0	-1	0	0	4
548	日曜 順位ﾎﾞｰﾅｽ	27	29	0	999	999	500	0	0	92	100	1	-1	100	1	-1	100	1	65	100	1	1	59	100	1	1	60	100	1	1	-1	0	0	-1	0	0	27	100	1	-1	0	0	2
549	日曜 順位ﾎﾞｰﾅｽ	27	29	0	999	999	500	1	0	92	100	1	-1	100	1	-1	100	1	65	100	1	1	59	100	1	1	61	100	1	1	-1	0	0	-1	0	0	27	100	1	-1	0	0	2
550	日曜 順位ﾎﾞｰﾅｽ	27	29	0	999	999	500	2	0	93	100	1	201	100	1	-1	100	1	65	100	1	1	59	100	2	2	62	100	1	1	-1	0	0	-1	0	0	22	100	1	-1	0	0	2
551	日曜 順位ﾎﾞｰﾅｽ	27	29	0	999	999	500	3	0	93	100	1	202	100	1	-1	100	1	65	100	1	1	59	100	2	2	63	100	1	1	-1	0	0	-1	0	0	44	100	1	-1	0	0	2
552	日曜 順位ﾎﾞｰﾅｽ	27	29	0	999	999	500	4	0	94	100	1	205	100	1	177	100	1	65	100	1	1	59	100	3	3	64	100	1	1	-1	0	0	-1	0	0	23	100	1	-1	0	0	2
553	日曜 順位ﾎﾞｰﾅｽ	27	29	0	999	999	500	5	0	95	100	1	207	100	1	181	100	1	65	100	2	2	59	100	3	3	9	100	1	1	-1	0	0	-1	0	0	24	100	1	-1	0	0	2
554	日曜 順位ﾎﾞｰﾅｽ	27	29	0	999	999	500	6	0	96	100	1	209	100	1	197	100	1	65	100	3	3	37	100	1	1	9	100	1	1	-1	0	0	-1	0	0	25	100	1	-1	0	0	2
555	月曜 順位ﾎﾞｰﾅｽ	27	29	0	999	999	500	0	1	42	100	1	-1	100	1	-1	100	1	31	100	1	1	57	100	1	1	60	100	1	1	-1	0	0	-1	0	0	85	100	1	-1	0	0	2
556	月曜 順位ﾎﾞｰﾅｽ	27	29	0	999	999	500	1	1	42	100	1	-1	100	1	-1	100	1	31	100	2	2	57	100	1	1	61	100	1	1	-1	0	0	-1	0	0	85	100	1	-1	0	0	2
557	月曜 順位ﾎﾞｰﾅｽ	27	29	0	999	999	500	2	1	43	100	1	201	100	1	-1	100	1	31	100	2	2	57	100	2	2	62	100	1	1	-1	0	0	-1	0	0	15	100	1	-1	0	0	2
558	月曜 順位ﾎﾞｰﾅｽ	27	29	0	999	999	500	3	1	43	100	1	204	100	1	-1	100	1	31	100	3	3	57	100	2	2	63	100	1	1	-1	0	0	-1	0	0	16	100	1	-1	0	0	2
559	月曜 順位ﾎﾞｰﾅｽ	27	29	0	999	999	500	4	1	44	100	1	208	100	1	179	100	1	27	100	1	1	57	100	3	3	64	100	1	1	-1	0	0	-1	0	0	17	100	1	-1	0	0	2
560	月曜 順位ﾎﾞｰﾅｽ	27	29	0	999	999	500	5	1	45	100	1	218	100	1	189	100	1	27	100	2	2	57	100	3	3	7	100	1	1	-1	0	0	-1	0	0	18	100	1	-1	0	0	2
561	月曜 順位ﾎﾞｰﾅｽ	27	29	0	999	999	500	6	1	46	100	1	219	100	1	193	100	1	27	100	3	3	37	100	1	1	7	100	1	1	-1	0	0	-1	0	0	19	100	1	-1	0	0	2
562	火曜 順位ﾎﾞｰﾅｽ	27	29	0	999	999	500	0	2	57	100	1	-1	100	1	-1	100	1	33	100	1	1	36	100	1	1	60	100	1	1	-1	0	0	-1	0	0	90	100	1	-1	0	0	2
563	火曜 順位ﾎﾞｰﾅｽ	27	29	0	999	999	500	1	2	57	100	1	-1	100	1	-1	100	1	33	100	2	2	36	100	1	1	61	100	1	1	-1	0	0	-1	0	0	90	100	1	-1	0	0	2
564	火曜 順位ﾎﾞｰﾅｽ	27	29	0	999	999	500	2	2	58	100	1	211	100	1	-1	100	1	33	100	2	2	36	100	2	2	62	100	1	1	-1	0	0	-1	0	0	10	100	1	-1	0	0	2
565	火曜 順位ﾎﾞｰﾅｽ	27	29	0	999	999	500	3	2	58	100	1	222	100	1	-1	100	1	33	100	3	3	36	100	2	2	63	100	1	1	-1	0	0	-1	0	0	11	100	1	-1	0	0	2
566	火曜 順位ﾎﾞｰﾅｽ	27	29	0	999	999	500	4	2	59	100	1	223	100	1	178	100	1	65	100	1	1	36	100	3	3	64	100	1	1	-1	0	0	-1	0	0	12	100	1	-1	0	0	2
567	火曜 順位ﾎﾞｰﾅｽ	27	29	0	999	999	500	5	2	60	100	1	224	100	1	190	100	1	65	100	2	2	36	100	3	3	8	100	1	1	-1	0	0	-1	0	0	13	100	1	-1	0	0	2
568	火曜 順位ﾎﾞｰﾅｽ	27	29	0	999	999	500	6	2	61	100	1	225	100	1	191	100	1	65	100	3	3	37	100	1	1	8	100	1	1	-1	0	0	-1	0	0	14	100	1	-1	0	0	2
569	水曜 順位ﾎﾞｰﾅｽ	27	29	0	999	999	500	0	3	22	100	1	-1	100	1	-1	100	1	31	100	1	1	26	100	1	1	60	100	1	1	-1	0	0	-1	0	0	87	100	1	-1	0	0	2
570	水曜 順位ﾎﾞｰﾅｽ	27	29	0	999	999	500	1	3	22	100	1	-1	100	1	-1	100	1	31	100	2	2	26	100	1	1	61	100	1	1	-1	0	0	-1	0	0	79	100	1	-1	0	0	2
571	水曜 順位ﾎﾞｰﾅｽ	27	29	0	999	999	500	2	3	23	100	1	201	100	1	-1	100	1	31	100	2	2	26	100	2	2	62	100	1	1	-1	0	0	-1	0	0	5	100	1	-1	0	0	2
572	水曜 順位ﾎﾞｰﾅｽ	27	29	0	999	999	500	3	3	23	100	1	202	100	1	-1	100	1	31	100	3	3	26	100	2	2	63	100	1	1	-1	0	0	-1	0	0	6	100	1	-1	0	0	2
573	水曜 順位ﾎﾞｰﾅｽ	27	29	0	999	999	500	4	3	24	100	1	205	100	1	180	100	1	27	100	1	1	26	100	3	3	64	100	1	1	-1	0	0	-1	0	0	7	100	1	-1	0	0	2
574	水曜 順位ﾎﾞｰﾅｽ	27	29	0	999	999	500	5	3	25	100	1	207	100	1	189	100	1	27	100	2	2	26	100	3	3	10	100	1	1	-1	0	0	-1	0	0	8	100	1	-1	0	0	2
575	水曜 順位ﾎﾞｰﾅｽ	27	29	0	999	999	500	6	3	26	100	1	209	100	1	185	100	1	27	100	3	3	37	100	1	1	10	100	1	1	-1	0	0	-1	0	0	9	100	1	-1	0	0	2
576	木曜 順位ﾎﾞｰﾅｽ	27	29	0	999	999	500	0	4	122	100	1	-1	100	1	-1	100	1	33	100	1	1	29	100	1	1	60	100	1	1	-1	0	0	-1	0	0	86	100	1	-1	0	0	2
577	木曜 順位ﾎﾞｰﾅｽ	27	29	0	999	999	500	1	4	122	100	1	-1	100	1	-1	100	1	33	100	2	2	29	100	1	1	61	100	1	1	-1	0	0	-1	0	0	86	100	1	-1	0	0	2
578	木曜 順位ﾎﾞｰﾅｽ	27	29	0	999	999	500	2	4	123	100	1	201	100	1	-1	100	1	33	100	2	2	29	100	2	2	62	100	1	1	-1	0	0	-1	0	0	64	100	1	-1	0	0	2
579	木曜 順位ﾎﾞｰﾅｽ	27	29	0	999	999	500	3	4	123	100	1	204	100	1	-1	100	1	33	100	3	3	29	100	2	2	63	100	1	1	-1	0	0	-1	0	0	33	100	1	-1	0	0	2
580	木曜 順位ﾎﾞｰﾅｽ	27	29	0	999	999	500	4	4	124	100	1	208	100	1	181	100	1	65	100	1	1	29	100	3	3	64	100	1	1	-1	0	0	-1	0	0	34	100	1	-1	0	0	2
581	木曜 順位ﾎﾞｰﾅｽ	27	29	0	999	999	500	5	4	125	100	1	218	100	1	191	100	1	65	100	2	2	29	100	3	3	9	100	1	1	-1	0	0	-1	0	0	92	100	1	-1	0	0	2
582	木曜 順位ﾎﾞｰﾅｽ	27	29	0	999	999	500	6	4	126	100	1	219	100	1	193	100	1	65	100	3	3	37	100	1	1	9	100	1	1	-1	0	0	-1	0	0	35	100	1	-1	0	0	2
583	金曜 順位ﾎﾞｰﾅｽ	27	29	0	999	999	500	0	5	132	100	1	-1	100	1	-1	100	1	33	100	1	1	31	100	1	1	60	100	1	1	-1	0	0	-1	0	0	84	100	1	-1	0	0	2
584	金曜 順位ﾎﾞｰﾅｽ	27	29	0	999	999	500	1	5	132	100	1	-1	100	1	-1	100	1	33	100	2	2	31	100	1	1	61	100	1	1	-1	0	0	-1	0	0	77	100	1	-1	0	0	2
585	金曜 順位ﾎﾞｰﾅｽ	27	29	0	999	999	500	2	5	133	100	1	211	100	1	-1	100	1	33	100	2	2	31	100	2	2	62	100	1	1	-1	0	0	-1	0	0	31	100	1	-1	0	0	2
586	金曜 順位ﾎﾞｰﾅｽ	27	29	0	999	999	500	3	5	133	100	1	222	100	1	-1	100	1	33	100	3	3	31	100	2	2	63	100	1	1	-1	0	0	-1	0	0	31	100	1	-1	0	0	2
587	金曜 順位ﾎﾞｰﾅｽ	27	29	0	999	999	500	4	5	134	100	1	223	100	1	181	100	1	27	100	1	1	31	100	3	3	64	100	1	1	-1	0	0	-1	0	0	32	100	1	-1	0	0	2
588	金曜 順位ﾎﾞｰﾅｽ	27	29	0	999	999	500	5	5	135	100	1	224	100	1	182	100	1	27	100	2	2	31	100	3	3	8	100	1	1	-1	0	0	-1	0	0	71	100	1	-1	0	0	2
589	金曜 順位ﾎﾞｰﾅｽ	27	29	0	999	999	500	6	5	136	100	1	225	100	1	187	100	1	27	100	3	3	37	100	1	1	8	100	1	1	-1	0	0	-1	0	0	72	100	1	-1	0	0	2
590	土曜 順位ﾎﾞｰﾅｽ	27	29	0	999	999	500	0	6	162	100	1	-1	100	1	-1	100	1	65	100	1	1	33	100	1	1	60	100	1	1	-1	0	0	-1	0	0	83	100	1	-1	0	0	2
591	土曜 順位ﾎﾞｰﾅｽ	27	29	0	999	999	500	1	6	162	100	1	-1	100	1	-1	100	1	65	100	1	1	33	100	1	1	61	100	1	1	-1	0	0	-1	0	0	67	100	1	-1	0	0	2
592	土曜 順位ﾎﾞｰﾅｽ	27	29	0	999	999	500	2	6	163	100	1	211	100	1	-1	100	1	65	100	1	1	33	100	2	2	62	100	1	1	-1	0	0	-1	0	0	37	100	1	-1	0	0	2
593	土曜 順位ﾎﾞｰﾅｽ	27	29	0	999	999	500	3	6	163	100	1	222	100	1	-1	100	1	65	100	1	1	33	100	2	2	63	100	1	1	-1	0	0	-1	0	0	38	100	1	-1	0	0	2
594	土曜 順位ﾎﾞｰﾅｽ	27	29	0	999	999	500	4	6	163	100	1	223	100	1	181	100	1	65	100	1	1	33	100	3	3	64	100	1	1	-1	0	0	-1	0	0	68	100	1	-1	0	0	2
595	土曜 順位ﾎﾞｰﾅｽ	27	29	0	999	999	500	5	6	164	100	1	224	100	1	191	100	1	65	100	2	2	33	100	3	3	10	100	1	1	-1	0	0	-1	0	0	39	100	1	-1	0	0	2
596	土曜 順位ﾎﾞｰﾅｽ	27	29	0	999	999	500	6	6	165	100	1	225	100	1	193	100	1	65	100	3	3	37	100	1	1	10	100	1	1	-1	0	0	-1	0	0	81	100	1	-1	0	0	2
597	ﾊﾞﾄﾙﾎﾞｰﾅｽ	27	54	0	999	999	500	0	-1	-1	100	1	-1	0	0	-1	0	0	51	100	1	1	44	100	1	1	-1	0	0	0	-1	0	0	-1	0	0	5	100	1	-1	0	0	8
598	ﾊﾞﾄﾙﾎﾞｰﾅｽ	27	54	0	999	999	500	0	-1	43	100	1	-1	0	0	-1	0	0	-1	0	1	1	45	100	1	1	-1	0	0	0	-1	0	0	-1	0	0	37	100	1	-1	0	0	8
599	ﾊﾞﾄﾙﾎﾞｰﾅｽ	27	54	0	999	999	500	0	-1	43	100	1	-1	0	0	-1	0	0	-1	0	1	1	45	100	1	1	-1	0	0	0	-1	0	0	-1	0	0	82	100	1	-1	0	0	8
600	ﾊﾞﾄﾙﾎﾞｰﾅｽ	27	54	0	999	999	500	0	-1	43	100	1	-1	0	0	-1	0	0	-1	0	1	1	45	100	1	1	-1	0	0	0	-1	0	0	-1	0	0	37	100	1	-1	0	0	8
601	ﾊﾞﾄﾙﾎﾞｰﾅｽ	27	54	0	999	999	500	0	-1	43	100	1	-1	0	0	-1	0	0	-1	0	1	1	45	100	1	1	-1	0	0	0	-1	0	0	-1	0	0	67	100	1	-1	0	0	8
602	ﾊﾞﾄﾙﾎﾞｰﾅｽ	27	54	0	999	999	500	0	-1	43	100	1	-1	0	0	-1	0	0	-1	0	1	1	45	100	1	1	-1	0	0	0	-1	0	0	-1	0	0	37	100	1	-1	0	0	8
603	ﾊﾞﾄﾙﾎﾞｰﾅｽ	27	54	0	999	999	500	0	-1	43	100	1	-1	0	0	-1	0	0	-1	0	1	1	45	100	1	1	-1	0	0	0	-1	0	0	-1	0	0	79	100	1	-1	0	0	8
604	ﾊﾞﾄﾙﾎﾞｰﾅｽ	27	54	0	999	999	500	0	-1	43	100	1	-1	0	0	-1	0	0	-1	0	1	1	45	100	1	1	-1	0	0	0	-1	0	0	-1	0	0	37	100	1	-1	0	0	8
605	ﾊﾞﾄﾙﾎﾞｰﾅｽ	27	54	0	999	999	500	0	-1	-1	100	1	-1	0	0	-1	0	0	65	100	1	1	46	100	1	1	39	100	1	1	-1	0	0	-1	0	0	-1	0	0	-1	0	0	8
606	ﾊﾞﾄﾙﾎﾞｰﾅｽ	27	54	0	999	999	500	0	-1	-1	100	1	-1	0	0	-1	0	0	39	100	1	1	47	100	1	1	-1	0	0	0	-1	0	0	-1	0	0	22	100	1	-1	0	0	8
607	ﾊﾞﾄﾙﾎﾞｰﾅｽ	27	54	0	999	999	500	0	-1	88	100	1	-1	0	0	-1	0	0	-1	0	1	1	48	100	1	1	-1	0	0	0	-1	0	0	-1	0	0	31	100	1	-1	0	0	8
608	ﾊﾞﾄﾙﾎﾞｰﾅｽ	27	54	0	999	999	500	0	-1	-1	100	1	-1	0	0	-1	0	0	36	100	1	1	49	100	1	1	39	100	1	1	-1	0	0	-1	0	0	-1	0	0	-1	0	0	8
609	ﾊﾞﾄﾙﾎﾞｰﾅｽ	27	54	0	999	999	500	0	-1	-1	100	1	-1	0	0	-1	0	0	33	100	1	1	50	100	1	1	-1	0	0	0	-1	0	0	-1	0	0	33	100	1	-1	0	0	8
610	ﾊﾞﾄﾙﾎﾞｰﾅｽ	27	54	0	999	999	500	1	-1	158	100	1	-1	0	0	-1	0	0	-1	0	1	1	52	100	1	2	-1	0	0	0	-1	0	0	-1	0	0	10	100	1	-1	0	0	8
611	ﾊﾞﾄﾙﾎﾞｰﾅｽ	27	54	0	999	999	500	1	-1	-1	100	1	-1	0	0	-1	0	0	57	100	1	1	53	100	1	2	39	100	1	1	-1	0	0	-1	0	0	-1	0	0	-1	0	0	8
612	ﾊﾞﾄﾙﾎﾞｰﾅｽ	27	54	0	999	999	500	1	-1	-1	100	1	-1	0	0	-1	0	0	65	100	1	1	54	100	1	2	-1	0	0	0	-1	0	0	-1	0	0	15	100	1	-1	0	0	8
613	ﾊﾞﾄﾙﾎﾞｰﾅｽ	27	54	0	999	999	500	1	-1	93	100	1	-1	0	0	-1	0	0	-1	0	1	1	55	100	1	2	-1	0	0	0	-1	0	0	-1	0	0	27	100	1	-1	0	0	8
614	ﾊﾞﾄﾙﾎﾞｰﾅｽ	27	54	0	999	999	500	1	-1	-1	100	1	-1	0	0	-1	0	0	38	100	1	1	56	100	1	2	39	100	1	1	-1	0	0	-1	0	0	-1	0	0	-1	0	0	8
615	ﾊﾞﾄﾙﾎﾞｰﾅｽ	27	54	0	999	999	500	1	-1	-1	100	1	-1	0	0	-1	0	0	36	100	1	1	44	100	1	2	-1	0	0	0	-1	0	0	-1	0	0	23	100	1	-1	0	0	8
616	ﾊﾞﾄﾙﾎﾞｰﾅｽ	27	54	0	999	999	500	1	-1	94	100	1	-1	0	0	-1	0	0	-1	0	1	1	45	100	1	2	-1	0	0	0	-1	0	0	-1	0	0	37	100	1	-1	0	0	8
617	ﾊﾞﾄﾙﾎﾞｰﾅｽ	27	54	0	999	999	500	2	-1	-1	100	1	-1	0	0	-1	0	0	51	100	1	1	46	100	1	3	39	100	1	1	-1	0	0	-1	0	0	-1	0	0	-1	0	0	8
618	ﾊﾞﾄﾙﾎﾞｰﾅｽ	27	54	0	999	999	500	2	-1	-1	100	1	-1	0	0	-1	0	0	57	100	1	1	47	100	1	3	-1	0	0	0	-1	0	0	-1	0	0	31	100	1	-1	0	0	8
619	ﾊﾞﾄﾙﾎﾞｰﾅｽ	27	54	0	999	999	500	2	-1	129	100	1	-1	0	0	-1	0	0	-1	0	1	1	48	100	1	3	-1	0	0	0	-1	0	0	-1	0	0	37	100	1	-1	0	0	8
620	ﾊﾞﾄﾙﾎﾞｰﾅｽ	27	54	0	999	999	500	2	-1	-1	100	1	-1	0	0	-1	0	0	39	100	1	1	49	100	1	3	39	100	1	1	-1	0	0	-1	0	0	-1	0	0	-1	0	0	8
621	ﾊﾞﾄﾙﾎﾞｰﾅｽ	27	54	0	999	999	500	2	-1	-1	100	1	-1	0	0	-1	0	0	38	100	1	1	50	100	1	3	-1	0	0	0	-1	0	0	-1	0	0	70	100	1	-1	0	0	8
622	ﾊﾞﾄﾙﾎﾞｰﾅｽ	27	54	0	999	999	500	2	-1	-1	100	1	-1	0	0	-1	0	0	38	100	1	1	50	100	1	3	-1	0	0	0	-1	0	0	-1	0	0	85	100	1	-1	0	0	8
623	ﾊﾞﾄﾙﾎﾞｰﾅｽ	27	54	0	999	999	500	2	-1	-1	100	1	-1	0	0	-1	0	0	38	100	1	1	50	100	1	3	-1	0	0	0	-1	0	0	-1	0	0	34	100	1	-1	0	0	8
624	ﾊﾞﾄﾙﾎﾞｰﾅｽ	27	54	0	999	999	500	2	-1	-1	100	1	-1	0	0	-1	0	0	38	100	1	1	50	100	1	3	-1	0	0	0	-1	0	0	-1	0	0	44	100	1	-1	0	0	8
625	ﾊﾞﾄﾙﾎﾞｰﾅｽ	27	54	0	999	999	500	2	-1	-1	100	1	-1	0	0	-1	0	0	38	100	1	1	50	100	1	3	-1	0	0	0	-1	0	0	-1	0	0	64	100	1	-1	0	0	8
626	ﾊﾞﾄﾙﾎﾞｰﾅｽ	27	54	0	999	999	500	2	-1	-1	100	1	-1	0	0	-1	0	0	38	100	1	1	50	100	1	3	-1	0	0	0	-1	0	0	-1	0	0	91	100	1	-1	0	0	8
627	ﾊﾞﾄﾙﾎﾞｰﾅｽ	27	54	0	999	999	500	2	-1	-1	100	1	-1	0	0	-1	0	0	38	100	1	1	50	100	1	3	-1	0	0	0	-1	0	0	-1	0	0	78	100	1	-1	0	0	8
628	ﾊﾞﾄﾙﾎﾞｰﾅｽ	27	54	0	999	999	500	2	-1	-1	100	1	-1	0	0	-1	0	0	38	100	1	1	50	100	1	3	-1	0	0	0	-1	0	0	-1	0	0	34	100	1	-1	0	0	8
629	ﾊﾞﾄﾙﾎﾞｰﾅｽ	27	54	0	999	999	500	2	-1	169	100	1	-1	0	0	-1	0	0	-1	0	1	1	52	100	1	3	-1	0	0	0	-1	0	0	-1	0	0	16	100	1	-1	0	0	8
630	ﾊﾞﾄﾙﾎﾞｰﾅｽ	27	54	0	999	999	500	2	-1	-1	100	1	-1	0	0	-1	0	0	33	100	1	1	53	100	1	3	39	100	1	1	-1	0	0	-1	0	0	-1	0	0	-1	0	0	8
631	ﾊﾞﾄﾙﾎﾞｰﾅｽ	27	54	0	999	999	500	3	-1	-1	100	1	-1	0	0	-1	0	0	51	100	1	1	54	100	1	4	-1	0	0	0	-1	0	0	-1	0	0	88	100	1	-1	0	0	8
632	ﾊﾞﾄﾙﾎﾞｰﾅｽ	27	54	0	999	999	500	3	-1	-1	100	1	-1	0	0	-1	0	0	51	100	1	1	54	100	1	4	-1	0	0	0	-1	0	0	-1	0	0	36	100	1	-1	0	0	8
633	ﾊﾞﾄﾙﾎﾞｰﾅｽ	27	54	0	999	999	500	3	-1	-1	100	1	-1	0	0	-1	0	0	51	100	1	1	54	100	1	4	-1	0	0	0	-1	0	0	-1	0	0	93	100	1	-1	0	0	8
634	ﾊﾞﾄﾙﾎﾞｰﾅｽ	27	54	0	999	999	500	3	-1	-1	100	1	-1	0	0	-1	0	0	51	100	1	1	54	100	1	4	-1	0	0	0	-1	0	0	-1	0	0	36	100	1	-1	0	0	8
635	ﾊﾞﾄﾙﾎﾞｰﾅｽ	27	54	0	999	999	500	3	-1	-1	100	1	-1	0	0	-1	0	0	51	100	1	1	54	100	1	4	-1	0	0	0	-1	0	0	-1	0	0	69	100	1	-1	0	0	8
636	ﾊﾞﾄﾙﾎﾞｰﾅｽ	27	54	0	999	999	500	3	-1	-1	100	1	-1	0	0	-1	0	0	51	100	1	1	54	100	1	4	-1	0	0	0	-1	0	0	-1	0	0	66	100	1	-1	0	0	8
637	ﾊﾞﾄﾙﾎﾞｰﾅｽ	27	54	0	999	999	500	3	-1	-1	100	1	-1	0	0	-1	0	0	51	100	1	1	54	100	1	4	-1	0	0	0	-1	0	0	-1	0	0	89	100	1	-1	0	0	8
638	ﾊﾞﾄﾙﾎﾞｰﾅｽ	27	54	0	999	999	500	3	-1	-1	100	1	-1	0	0	-1	0	0	51	100	1	1	54	100	1	4	-1	0	0	0	-1	0	0	-1	0	0	75	100	1	-1	0	0	8
639	ﾊﾞﾄﾙﾎﾞｰﾅｽ	27	54	0	999	999	500	3	-1	24	100	1	-1	0	0	-1	0	0	-1	0	1	1	55	100	1	4	-1	0	0	0	-1	0	0	-1	0	0	38	100	1	-1	0	0	8
640	ﾊﾞﾄﾙﾎﾞｰﾅｽ	27	54	0	999	999	500	3	-1	-1	100	1	-1	0	0	-1	0	0	65	100	1	1	56	100	1	4	39	100	1	1	-1	0	0	-1	0	0	-1	0	0	-1	0	0	8
641	ﾊﾞﾄﾙﾎﾞｰﾅｽ	27	54	0	999	999	500	3	-1	-1	100	1	-1	0	0	-1	0	0	39	100	1	1	44	100	1	4	-1	0	0	0	-1	0	0	-1	0	0	17	100	1	-1	0	0	8
642	ﾊﾞﾄﾙﾎﾞｰﾅｽ	27	54	0	999	999	500	3	-1	114	100	1	-1	0	0	-1	0	0	-1	0	1	1	45	100	1	4	-1	0	0	0	-1	0	0	-1	0	0	7	100	1	-1	0	0	8
643	ﾊﾞﾄﾙﾎﾞｰﾅｽ	27	54	0	999	999	500	3	-1	-1	100	1	-1	0	0	-1	0	0	36	100	1	1	46	100	1	4	39	100	1	1	-1	0	0	-1	0	0	-1	0	0	-1	0	0	8
644	ﾊﾞﾄﾙﾎﾞｰﾅｽ	27	54	0	999	999	500	3	-1	-1	100	1	-1	0	0	-1	0	0	33	100	1	1	47	100	1	4	-1	0	0	0	-1	0	0	-1	0	0	12	100	1	-1	0	0	8
645	ﾊﾞﾄﾙﾎﾞｰﾅｽ	27	54	0	999	999	500	4	-1	60	100	1	-1	0	0	-1	0	0	-1	0	1	1	48	100	1	5	-1	0	0	0	-1	0	0	-1	0	0	62	100	1	-1	0	0	8
646	ﾊﾞﾄﾙﾎﾞｰﾅｽ	27	54	0	999	999	500	4	-1	60	100	1	-1	0	0	-1	0	0	-1	0	1	1	48	100	1	5	-1	0	0	0	-1	0	0	-1	0	0	30	100	1	-1	0	0	8
647	ﾊﾞﾄﾙﾎﾞｰﾅｽ	27	54	0	999	999	500	4	-1	60	100	1	-1	0	0	-1	0	0	-1	0	1	1	48	100	1	5	-1	0	0	0	-1	0	0	-1	0	0	59	100	1	-1	0	0	8
648	ﾊﾞﾄﾙﾎﾞｰﾅｽ	27	54	0	999	999	500	4	-1	60	100	1	-1	0	0	-1	0	0	-1	0	1	1	48	100	1	5	-1	0	0	0	-1	0	0	-1	0	0	30	100	1	-1	0	0	8
649	ﾊﾞﾄﾙﾎﾞｰﾅｽ	27	54	0	999	999	500	4	-1	60	100	1	-1	0	0	-1	0	0	-1	0	1	1	48	100	1	5	-1	0	0	0	-1	0	0	-1	0	0	80	100	1	-1	0	0	8
650	ﾊﾞﾄﾙﾎﾞｰﾅｽ	27	54	0	999	999	500	4	-1	60	100	1	-1	0	0	-1	0	0	-1	0	1	1	48	100	1	5	-1	0	0	0	-1	0	0	-1	0	0	76	100	1	-1	0	0	8
651	ﾊﾞﾄﾙﾎﾞｰﾅｽ	27	54	0	999	999	500	4	-1	60	100	1	-1	0	0	-1	0	0	-1	0	1	1	48	100	1	5	-1	0	0	0	-1	0	0	-1	0	0	60	100	1	-1	0	0	8
652	ﾊﾞﾄﾙﾎﾞｰﾅｽ	27	54	0	999	999	500	4	-1	60	100	1	-1	0	0	-1	0	0	-1	0	1	1	48	100	1	5	-1	0	0	0	-1	0	0	-1	0	0	30	100	1	-1	0	0	8
653	ﾊﾞﾄﾙﾎﾞｰﾅｽ	27	54	0	999	999	500	4	-1	-1	100	1	-1	0	0	-1	0	0	57	100	1	1	49	100	1	5	39	100	1	1	-1	0	0	-1	0	0	-1	0	0	-1	0	0	8
654	ﾊﾞﾄﾙﾎﾞｰﾅｽ	27	54	0	999	999	500	4	-1	-1	100	1	-1	0	0	-1	0	0	65	100	1	1	50	100	1	5	-1	0	0	0	-1	0	0	-1	0	0	38	100	1	-1	0	0	8
655	ﾊﾞﾄﾙﾎﾞｰﾅｽ	27	54	0	999	999	500	4	-1	95	100	1	-1	0	0	-1	0	0	-1	0	1	1	52	100	1	5	-1	0	0	0	-1	0	0	-1	0	0	27	100	1	-1	0	0	8
656	ﾊﾞﾄﾙﾎﾞｰﾅｽ	27	54	0	999	999	500	4	-1	-1	100	1	-1	0	0	-1	0	0	38	100	1	1	53	100	1	5	39	100	1	1	-1	0	0	-1	0	0	-1	0	0	-1	0	0	8
657	ﾊﾞﾄﾙﾎﾞｰﾅｽ	27	54	0	999	999	500	4	-1	-1	100	1	-1	0	0	-1	0	0	36	100	1	1	54	100	1	5	-1	0	0	0	-1	0	0	-1	0	0	34	100	1	-1	0	0	8
658	ﾊﾞﾄﾙﾎﾞｰﾅｽ	27	54	0	999	999	500	4	-1	70	100	1	-1	0	0	-1	0	0	-1	0	1	1	55	100	1	5	-1	0	0	0	-1	0	0	-1	0	0	20	100	1	-1	0	0	8
659	ﾊﾞﾄﾙﾎﾞｰﾅｽ	27	54	0	999	999	500	5	-1	-1	100	1	-1	0	0	-1	0	0	51	100	1	1	56	100	1	6	39	100	1	1	-1	0	0	-1	0	0	-1	0	0	-1	0	0	8
660	ﾊﾞﾄﾙﾎﾞｰﾅｽ	27	54	0	999	999	500	5	-1	-1	100	1	-1	0	0	-1	0	0	57	100	1	1	44	100	1	6	-1	0	0	0	-1	0	0	-1	0	0	32	100	1	-1	0	0	8
661	ﾊﾞﾄﾙﾎﾞｰﾅｽ	27	54	0	999	999	500	5	-1	-1	100	1	-1	0	0	-1	0	0	57	100	1	1	44	100	1	6	-1	0	0	0	-1	0	0	-1	0	0	61	100	1	-1	0	0	8
662	ﾊﾞﾄﾙﾎﾞｰﾅｽ	27	54	0	999	999	500	5	-1	-1	100	1	-1	0	0	-1	0	0	57	100	1	1	44	100	1	6	-1	0	0	0	-1	0	0	-1	0	0	77	100	1	-1	0	0	8
663	ﾊﾞﾄﾙﾎﾞｰﾅｽ	27	54	0	999	999	500	5	-1	-1	100	1	-1	0	0	-1	0	0	57	100	1	1	44	100	1	6	-1	0	0	0	-1	0	0	-1	0	0	63	100	1	-1	0	0	8
664	ﾊﾞﾄﾙﾎﾞｰﾅｽ	27	54	0	999	999	500	5	-1	-1	100	1	-1	0	0	-1	0	0	57	100	1	1	44	100	1	6	-1	0	0	0	-1	0	0	-1	0	0	32	100	1	-1	0	0	8
665	ﾊﾞﾄﾙﾎﾞｰﾅｽ	27	54	0	999	999	500	5	-1	-1	100	1	-1	0	0	-1	0	0	57	100	1	1	44	100	1	6	-1	0	0	0	-1	0	0	-1	0	0	81	100	1	-1	0	0	8
666	ﾊﾞﾄﾙﾎﾞｰﾅｽ	27	54	0	999	999	500	5	-1	-1	100	1	-1	0	0	-1	0	0	57	100	1	1	44	100	1	6	-1	0	0	0	-1	0	0	-1	0	0	65	100	1	-1	0	0	8
667	ﾊﾞﾄﾙﾎﾞｰﾅｽ	27	54	0	999	999	500	5	-1	-1	100	1	-1	0	0	-1	0	0	57	100	1	1	44	100	1	6	-1	0	0	0	-1	0	0	-1	0	0	73	100	1	-1	0	0	8
668	ﾊﾞﾄﾙﾎﾞｰﾅｽ	27	54	0	999	999	500	5	-1	71	100	1	-1	0	0	-1	0	0	-1	0	1	1	45	100	1	6	-1	0	0	0	-1	0	0	-1	0	0	38	100	1	-1	0	0	8
669	ﾊﾞﾄﾙﾎﾞｰﾅｽ	27	54	0	999	999	500	5	-1	-1	100	1	-1	0	0	-1	0	0	39	100	1	1	46	100	1	6	39	100	1	1	-1	0	0	-1	0	0	-1	0	0	-1	0	0	8
670	ﾊﾞﾄﾙﾎﾞｰﾅｽ	27	54	0	999	999	500	5	-1	-1	100	1	-1	0	0	-1	0	0	38	100	1	1	47	100	1	6	-1	0	0	0	-1	0	0	-1	0	0	26	100	1	-1	0	0	8
671	ﾊﾞﾄﾙﾎﾞｰﾅｽ	27	54	0	999	999	500	5	-1	106	100	1	-1	0	0	-1	0	0	-1	0	1	1	48	100	1	6	-1	0	0	0	-1	0	0	-1	0	0	24	100	1	-1	0	0	8
672	ﾊﾞﾄﾙﾎﾞｰﾅｽ	27	54	0	999	999	500	5	-1	-1	100	1	-1	0	0	-1	0	0	33	100	1	1	49	100	1	6	39	100	1	1	-1	0	0	-1	0	0	-1	0	0	-1	0	0	8
673	ﾊﾞﾄﾙﾎﾞｰﾅｽ	27	54	0	999	999	500	6	-1	-1	100	1	-1	0	0	-1	0	0	51	100	1	1	50	100	1	7	-1	0	0	0	-1	0	0	-1	0	0	13	100	1	-1	0	0	8
674	ﾊﾞﾄﾙﾎﾞｰﾅｽ	27	54	0	999	999	500	6	-1	110	100	1	-1	0	0	-1	0	0	-1	0	1	1	52	100	1	7	-1	0	0	0	-1	0	0	-1	0	0	38	100	1	-1	0	0	8
675	ﾊﾞﾄﾙﾎﾞｰﾅｽ	27	54	0	999	999	500	6	-1	-1	100	1	-1	0	0	-1	0	0	65	100	1	1	53	100	1	7	39	100	1	1	-1	0	0	-1	0	0	-1	0	0	-1	0	0	8
676	ﾊﾞﾄﾙﾎﾞｰﾅｽ	27	54	0	999	999	500	6	-1	-1	100	1	-1	0	0	-1	0	0	39	100	1	1	54	100	1	7	-1	0	0	0	-1	0	0	-1	0	0	28	100	1	-1	0	0	8
677	ﾊﾞﾄﾙﾎﾞｰﾅｽ	27	54	0	999	999	500	6	-1	26	100	1	-1	0	0	-1	0	0	-1	0	1	1	55	100	1	7	-1	0	0	0	-1	0	0	-1	0	0	8	100	1	-1	0	0	8
678	ﾊﾞﾄﾙﾎﾞｰﾅｽ	27	54	0	999	999	500	6	-1	-1	100	1	-1	0	0	-1	0	0	36	100	1	1	56	100	1	7	39	100	1	1	-1	0	0	-1	0	0	-1	0	0	-1	0	0	8
679	ﾊﾞﾄﾙﾎﾞｰﾅｽ	27	54	0	999	999	500	6	-1	-1	100	1	-1	0	0	-1	0	0	33	100	1	1	44	100	1	7	-1	0	0	0	-1	0	0	-1	0	0	18	100	1	-1	0	0	8
680	ﾊﾞﾄﾙﾎﾞｰﾅｽ	27	61	1000	999	999	500	6	-1	172	15	1	-1	0	0	-1	0	0	40	100	1	1	42	20	1	1	65	3	1	1	-1	0	0	-1	0	0	94	5	1	-1	0	0	4
681	ﾊﾞﾄﾙﾎﾞｰﾅｽ	27	61	1000	999	999	500	6	-1	172	5	1	-1	0	0	-1	0	0	40	100	1	1	59	15	1	1	65	5	1	1	251	1	1	-1	0	0	40	5	1	-1	0	0	4
682	ﾊﾞﾄﾙﾎﾞｰﾅｽ	27	61	1001	999	999	500	6	-1	172	35	1	-1	0	0	-1	0	0	40	100	2	2	42	40	1	1	65	3	1	1	-1	0	0	-1	0	0	95	5	1	-1	0	0	4
683	ﾊﾞﾄﾙﾎﾞｰﾅｽ	27	61	1001	999	999	500	6	-1	172	10	1	-1	0	0	-1	0	0	40	100	1	2	59	25	1	1	65	10	1	1	251	1	1	-1	0	0	40	5	1	-1	0	0	4
684	ﾊﾞﾄﾙﾎﾞｰﾅｽ	27	61	1002	999	999	500	6	-1	172	65	1	-1	0	0	200	5	1	40	100	3	3	42	60	1	1	65	5	1	1	-1	0	0	-1	0	0	97	5	1	-1	0	0	4
685	ﾊﾞﾄﾙﾎﾞｰﾅｽ	27	61	1002	999	999	500	6	-1	172	45	1	-1	0	0	200	3	1	40	100	2	3	59	35	1	1	65	20	1	1	251	1	1	-1	0	0	40	5	1	-1	0	0	4
686	ﾊﾞﾄﾙﾎﾞｰﾅｽ	27	61	1003	999	999	500	6	-1	172	90	1	-1	0	0	200	10	1	40	100	5	5	42	80	1	1	65	10	1	1	251	2	1	-1	0	0	101	5	1	-1	0	0	4
687	ﾊﾞﾄﾙﾎﾞｰﾅｽ	27	61	1003	999	999	500	6	-1	172	55	1	-1	0	0	310	1	1	40	100	3	5	59	40	1	1	65	25	1	1	251	2	1	-1	0	0	41	5	1	-1	0	0	4
688	ﾊﾞﾄﾙﾎﾞｰﾅｽ	27	60	400	999	999	500	6	-1	176	15	1	-1	0	0	186	1	1	41	100	1	2	43	40	1	1	66	10	1	1	-1	0	0	-1	0	0	36	12	1	132	1	1	4
689	ﾊﾞﾄﾙﾎﾞｰﾅｽ	27	60	400	999	999	500	6	-1	176	5	1	-1	0	0	186	1	1	41	100	1	1	59	50	1	1	66	40	1	1	-1	0	0	-1	0	0	27	12	1	-1	0	0	4
690	ﾊﾞﾄﾙﾎﾞｰﾅｽ	27	60	401	999	999	500	6	-1	176	35	1	-1	0	0	186	3	1	41	100	2	4	43	60	1	2	67	20	1	1	-1	0	0	-1	0	0	20	12	1	132	2	1	4
691	ﾊﾞﾄﾙﾎﾞｰﾅｽ	27	60	401	999	999	500	6	-1	176	10	1	-1	0	0	186	2	1	41	100	2	2	59	60	1	1	67	50	1	1	-1	0	0	-1	0	0	30	12	1	-1	0	0	4
692	ﾊﾞﾄﾙﾎﾞｰﾅｽ	27	60	402	999	999	500	6	-1	176	65	1	-1	0	0	186	5	1	41	100	3	6	43	70	2	3	68	30	1	1	-1	0	0	-1	0	0	26	12	1	132	3	1	4
693	ﾊﾞﾄﾙﾎﾞｰﾅｽ	27	60	402	999	999	500	6	-1	176	45	1	-1	0	0	186	3	1	41	100	3	3	58	80	1	1	68	60	1	1	-1	0	0	-1	0	0	28	12	1	-1	0	0	4
694	ﾊﾞﾄﾙﾎﾞｰﾅｽ	27	60	403	999	999	500	6	-1	176	90	1	-1	0	0	186	10	1	41	100	5	10	43	80	3	5	69	50	1	1	-1	0	0	-1	0	0	21	12	1	132	5	1	4
695	ﾊﾞﾄﾙﾎﾞｰﾅｽ	27	60	403	999	999	500	6	-1	176	55	1	-1	0	0	186	5	1	41	100	5	5	58	60	1	1	70	50	1	1	-1	0	0	-1	0	0	29	12	1	-1	0	0	4
696	ﾊﾞﾄﾙﾎﾞｰﾅｽ	27	61	1100	999	999	500	6	-1	173	15	1	-1	0	0	200	1	1	40	100	1	1	42	20	1	1	65	3	1	1	-1	0	0	-1	0	0	60	5	1	-1	0	0	4
697	ﾊﾞﾄﾙﾎﾞｰﾅｽ	27	61	1100	999	999	500	6	-1	173	5	1	-1	0	0	200	1	1	40	100	1	1	59	15	1	1	65	5	1	1	251	1	1	-1	0	0	37	5	1	-1	0	0	4
698	ﾊﾞﾄﾙﾎﾞｰﾅｽ	27	61	1101	999	999	500	6	-1	173	35	1	-1	0	0	200	3	1	40	100	2	2	42	40	1	1	65	3	1	1	-1	0	0	-1	0	0	60	5	1	-1	0	0	4
699	ﾊﾞﾄﾙﾎﾞｰﾅｽ	27	61	1101	999	999	500	6	-1	173	10	1	-1	0	0	200	2	1	40	100	1	2	59	25	1	1	65	10	1	1	251	1	1	-1	0	0	37	5	1	-1	0	0	4
700	ﾊﾞﾄﾙﾎﾞｰﾅｽ	27	61	1102	999	999	500	6	-1	173	65	1	-1	0	0	200	5	1	40	100	3	3	42	60	1	1	65	5	1	1	-1	0	0	-1	0	0	59	5	1	-1	0	0	4
701	ﾊﾞﾄﾙﾎﾞｰﾅｽ	27	61	1102	999	999	500	6	-1	173	45	1	-1	0	0	200	3	1	40	100	2	3	59	35	1	1	65	20	1	1	251	1	1	-1	0	0	38	5	1	-1	0	0	4
702	ﾊﾞﾄﾙﾎﾞｰﾅｽ	27	61	1103	999	999	500	6	-1	173	90	1	-1	0	0	200	10	1	40	100	5	5	42	80	1	1	65	10	1	1	251	2	1	-1	0	0	59	5	1	-1	0	0	4
703	ﾊﾞﾄﾙﾎﾞｰﾅｽ	27	61	1103	999	999	500	6	-1	173	55	1	-1	0	0	310	1	1	40	100	3	5	59	40	1	1	65	25	1	1	251	2	1	-1	0	0	38	5	1	-1	0	0	4
704	ﾊﾞﾄﾙﾎﾞｰﾅｽ	27	61	1200	999	999	500	6	-1	174	15	1	-1	0	0	-1	0	0	40	100	1	1	42	20	1	1	65	3	1	1	-1	0	0	-1	0	0	64	5	1	-1	0	0	4
705	ﾊﾞﾄﾙﾎﾞｰﾅｽ	27	61	1200	999	999	500	6	-1	174	5	1	-1	0	0	-1	0	0	40	100	1	1	59	15	1	1	65	5	1	1	251	1	1	-1	0	0	37	5	1	132	1	1	4
706	ﾊﾞﾄﾙﾎﾞｰﾅｽ	27	61	1201	999	999	500	6	-1	174	35	1	-1	0	0	-1	0	0	40	100	2	2	42	40	1	1	65	3	1	1	-1	0	0	-1	0	0	64	5	1	-1	0	0	4
707	ﾊﾞﾄﾙﾎﾞｰﾅｽ	27	61	1201	999	999	500	6	-1	174	10	1	-1	0	0	-1	0	0	40	100	1	2	59	25	1	1	65	10	1	1	251	1	1	-1	0	0	37	5	1	132	2	1	4
708	ﾊﾞﾄﾙﾎﾞｰﾅｽ	27	61	1202	999	999	500	6	-1	174	65	1	-1	0	0	200	3	1	40	100	3	3	42	60	1	1	65	5	1	1	-1	0	0	-1	0	0	65	5	1	-1	0	0	4
709	ﾊﾞﾄﾙﾎﾞｰﾅｽ	27	61	1202	999	999	500	6	-1	174	45	1	-1	0	0	200	1	1	40	100	2	3	59	35	1	1	65	20	1	1	251	1	1	-1	0	0	38	5	1	132	3	1	4
710	ﾊﾞﾄﾙﾎﾞｰﾅｽ	27	61	1203	999	999	500	6	-1	174	90	1	-1	0	0	200	5	1	40	100	5	5	42	80	1	1	65	10	1	1	251	2	1	-1	0	0	65	5	1	-1	0	0	4
711	ﾊﾞﾄﾙﾎﾞｰﾅｽ	27	61	1203	999	999	500	6	-1	174	55	1	-1	0	0	310	1	1	40	100	3	5	59	40	1	1	65	25	1	1	251	2	1	-1	0	0	38	5	1	132	5	1	4
712	ﾊﾞﾄﾙﾎﾞｰﾅｽ	27	61	1300	999	999	500	6	-1	175	15	1	-1	0	0	-1	0	0	40	100	1	1	42	20	1	1	65	3	1	1	-1	0	0	-1	0	0	62	5	1	-1	0	0	4
713	ﾊﾞﾄﾙﾎﾞｰﾅｽ	27	61	1300	999	999	500	6	-1	175	5	1	-1	0	0	-1	0	0	40	100	1	1	59	15	1	1	65	5	1	1	251	1	1	-1	0	0	38	5	1	-1	0	0	4
714	ﾊﾞﾄﾙﾎﾞｰﾅｽ	27	61	1301	999	999	500	6	-1	175	35	1	-1	0	0	-1	0	0	40	100	2	2	42	40	1	1	65	3	1	1	-1	0	0	-1	0	0	62	5	1	-1	0	0	4
715	ﾊﾞﾄﾙﾎﾞｰﾅｽ	27	61	1301	999	999	500	6	-1	175	10	1	-1	0	0	-1	0	0	40	100	1	2	59	25	1	1	65	10	1	1	251	1	1	-1	0	0	38	5	1	-1	0	0	4
716	ﾊﾞﾄﾙﾎﾞｰﾅｽ	27	61	1302	999	999	500	6	-1	175	65	1	-1	0	0	200	3	1	40	100	3	3	42	60	1	1	65	5	1	1	-1	0	0	-1	0	0	63	5	1	-1	0	0	4
717	ﾊﾞﾄﾙﾎﾞｰﾅｽ	27	61	1302	999	999	500	6	-1	175	45	1	-1	0	0	200	1	1	40	100	2	3	59	35	1	1	65	20	1	1	251	1	1	-1	0	0	40	5	1	-1	0	0	4
718	ﾊﾞﾄﾙﾎﾞｰﾅｽ	27	61	1303	999	999	500	6	-1	175	90	1	-1	0	0	200	5	1	40	100	5	5	42	80	1	1	65	10	1	1	251	2	1	-1	0	0	63	5	1	-1	0	0	4
719	ﾊﾞﾄﾙﾎﾞｰﾅｽ	27	61	1303	999	999	500	6	-1	175	55	1	-1	0	0	200	1	1	40	100	3	5	59	40	1	1	65	25	1	1	251	2	1	-1	0	0	40	5	1	-1	0	0	4
720	ﾊﾞﾄﾙﾎﾞｰﾅｽ	27	61	1400	999	999	500	6	-1	172	15	1	173	8	1	174	3	1	40	100	1	1	42	20	1	1	65	3	1	1	-1	0	0	-1	0	0	31	5	1	-1	0	0	4
721	ﾊﾞﾄﾙﾎﾞｰﾅｽ	27	61	1400	999	999	500	6	-1	172	5	1	173	8	1	175	3	1	40	100	1	1	59	15	1	1	65	5	1	1	251	1	1	-1	0	0	38	5	1	-1	0	0	4
722	ﾊﾞﾄﾙﾎﾞｰﾅｽ	27	61	1401	999	999	500	6	-1	173	35	1	174	8	1	175	3	1	40	100	2	2	42	40	1	1	65	3	1	1	-1	0	0	-1	0	0	31	5	1	-1	0	0	4
723	ﾊﾞﾄﾙﾎﾞｰﾅｽ	27	61	1401	999	999	500	6	-1	173	10	1	174	8	1	172	3	1	40	100	1	2	59	25	1	1	65	10	1	1	251	1	1	-1	0	0	38	5	1	-1	0	0	4
724	ﾊﾞﾄﾙﾎﾞｰﾅｽ	27	61	1402	999	999	500	6	-1	174	65	1	175	8	1	173	3	1	40	100	3	3	42	60	1	1	65	5	1	1	-1	0	0	-1	0	0	33	5	1	-1	0	0	4
725	ﾊﾞﾄﾙﾎﾞｰﾅｽ	27	61	1402	999	999	500	6	-1	174	45	1	172	8	1	175	3	1	40	100	2	3	59	35	1	1	65	20	1	1	251	1	1	-1	0	0	38	5	1	-1	0	0	4
726	ﾊﾞﾄﾙﾎﾞｰﾅｽ	27	61	1403	999	999	500	6	-1	175	90	1	172	8	1	173	3	1	40	100	5	5	42	80	1	1	65	10	1	1	251	2	1	-1	0	0	33	5	1	-1	0	0	4
727	ﾊﾞﾄﾙﾎﾞｰﾅｽ	27	61	1403	999	999	500	6	-1	175	55	1	174	8	1	172	3	1	40	100	3	5	59	40	1	1	65	25	1	1	251	2	1	-1	0	0	40	5	1	-1	0	0	4
728	宝箱	27	54	0	500	999	1515	-1	-1	-1	0	0	-1	0	0	-1	0	0	12	100	1	3	-1	0	0	0	-1	0	0	0	-1	0	0	-1	0	0	-1	0	0	-1	0	0	4
729	お宝箱	27	54	999	1	1	1	6	-1	151	100	1	-1	0	0	-1	0	0	-1	0	0	0	-1	0	0	0	-1	0	0	0	-1	0	0	-1	0	0	-1	0	0	-1	0	0	0
730	お宝箱	27	54	999	1	1	1	6	-1	-1	0	0	-1	0	0	-1	0	0	-1	0	0	0	-1	0	0	0	-1	0	0	0	98	100	1	-1	0	0	-1	0	0	-1	0	0	0
731	お宝箱	27	54	999	1	1	1	6	-1	-1	0	0	-1	0	0	-1	0	0	-1	0	0	0	-1	0	0	0	-1	0	0	0	110	100	1	-1	0	0	-1	0	0	-1	0	0	0
732	お宝箱	27	54	999	1	1	1	6	-1	-1	0	0	-1	0	0	-1	0	0	-1	0	0	0	-1	0	0	0	-1	0	0	0	128	100	1	-1	0	0	-1	0	0	-1	0	0	0
733	お宝箱	27	54	999	1	1	1	6	-1	-1	0	0	-1	0	0	-1	0	0	12	100	1	3	-1	0	0	0	-1	0	0	0	-1	0	0	-1	0	0	-1	0	0	-1	0	0	0
734	お宝箱	27	54	999	1	1	1	6	-1	-1	0	0	-1	0	0	-1	0	0	12	100	1	3	-1	0	0	0	-1	0	0	0	-1	0	0	-1	0	0	-1	0	0	-1	0	0	0
735	お宝箱	27	54	999	1	1	1	6	-1	-1	0	0	-1	0	0	-1	0	0	12	100	1	3	-1	0	0	0	-1	0	0	0	-1	0	0	-1	0	0	-1	0	0	-1	0	0	0
736	お宝箱	27	54	999	1	1	1	6	-1	-1	0	0	-1	0	0	-1	0	0	12	100	1	3	-1	0	0	0	-1	0	0	0	-1	0	0	-1	0	0	-1	0	0	-1	0	0	0
737	お宝箱	27	54	999	1	1	1	6	-1	-1	0	0	-1	0	0	-1	0	0	12	100	1	3	-1	0	0	0	-1	0	0	0	-1	0	0	-1	0	0	-1	0	0	-1	0	0	0
738	お宝箱	27	54	999	1	1	1	6	-1	-1	0	0	-1	0	0	-1	0	0	12	100	1	3	-1	0	0	0	-1	0	0	0	-1	0	0	-1	0	0	-1	0	0	-1	0	0	0
739	お宝箱	27	54	999	1	1	1	6	-1	-1	0	0	-1	0	0	-1	0	0	12	100	1	3	-1	0	0	0	-1	0	0	0	-1	0	0	-1	0	0	-1	0	0	-1	0	0	0
740	お宝箱	27	54	999	1	1	1	6	-1	-1	0	0	-1	0	0	-1	0	0	12	100	1	3	-1	0	0	0	-1	0	0	0	-1	0	0	-1	0	0	-1	0	0	-1	0	0	0
741	お宝箱	27	54	999	1	1	1	6	-1	-1	0	0	-1	0	0	-1	0	0	12	100	1	3	-1	0	0	0	-1	0	0	0	-1	0	0	-1	0	0	-1	0	0	-1	0	0	0
742	お宝箱	27	54	999	1	1	1	6	-1	-1	0	0	-1	0	0	-1	0	0	12	100	1	3	-1	0	0	0	-1	0	0	0	-1	0	0	-1	0	0	-1	0	0	-1	0	0	0
743	お宝箱	27	54	999	1	1	1	6	-1	-1	0	0	-1	0	0	-1	0	0	12	100	1	3	-1	0	0	0	-1	0	0	0	-1	0	0	-1	0	0	-1	0	0	-1	0	0	0
744	お宝箱	27	54	999	1	1	1	6	-1	-1	0	0	-1	0	0	-1	0	0	12	100	1	3	-1	0	0	0	-1	0	0	0	-1	0	0	-1	0	0	-1	0	0	-1	0	0	0
745	お宝箱	27	54	999	1	1	1	6	-1	-1	0	0	-1	0	0	-1	0	0	12	100	1	3	-1	0	0	0	-1	0	0	0	-1	0	0	-1	0	0	-1	0	0	-1	0	0	0
746	お宝箱	27	54	999	1	1	1	6	-1	-1	0	0	-1	0	0	-1	0	0	12	100	1	3	-1	0	0	0	-1	0	0	0	-1	0	0	-1	0	0	-1	0	0	-1	0	0	0
747	お宝箱	27	54	999	1	1	1	6	-1	-1	0	0	-1	0	0	-1	0	0	12	100	1	3	-1	0	0	0	-1	0	0	0	-1	0	0	-1	0	0	-1	0	0	-1	0	0	0
748	お宝箱	27	54	999	1	1	1	6	-1	-1	0	0	-1	0	0	-1	0	0	12	100	1	3	-1	0	0	0	-1	0	0	0	-1	0	0	-1	0	0	-1	0	0	-1	0	0	0
749	お宝箱	27	54	999	1	1	1	6	-1	-1	0	0	-1	0	0	-1	0	0	12	100	1	3	-1	0	0	0	-1	0	0	0	-1	0	0	-1	0	0	-1	0	0	-1	0	0	0
750	お宝箱	27	54	999	1	1	1	6	-1	-1	0	0	-1	0	0	-1	0	0	12	100	1	3	-1	0	0	0	-1	0	0	0	-1	0	0	-1	0	0	-1	0	0	-1	0	0	0
751	お宝箱	27	54	999	1	1	1	6	-1	-1	0	0	-1	0	0	-1	0	0	12	100	1	3	-1	0	0	0	-1	0	0	0	-1	0	0	-1	0	0	-1	0	0	-1	0	0	0
752	お宝箱	27	54	999	1	1	1	6	-1	-1	0	0	-1	0	0	-1	0	0	12	100	1	3	-1	0	0	0	-1	0	0	0	-1	0	0	-1	0	0	-1	0	0	-1	0	0	0
753	お宝箱	27	54	999	1	1	1	6	-1	-1	0	0	-1	0	0	-1	0	0	12	100	1	3	-1	0	0	0	-1	0	0	0	-1	0	0	-1	0	0	-1	0	0	-1	0	0	0
754	お宝箱	27	54	999	1	1	1	6	-1	-1	0	0	-1	0	0	-1	0	0	12	100	1	3	-1	0	0	0	-1	0	0	0	-1	0	0	-1	0	0	-1	0	0	-1	0	0	0
755	調査ﾘｭｯｸ	27	74	2000	500	500	1515	6	-1	-1	0	0	-1	0	0	-1	0	0	-1	0	0	0	-1	0	0	0	-1	0	0	0	268	100	1	-1	0	0	-1	0	0	-1	0	0	4
756	調査ﾘｭｯｸ	27	74	2000	500	500	1515	6	-1	-1	0	0	-1	0	0	-1	0	0	-1	0	0	0	-1	0	0	0	-1	0	0	0	269	100	1	-1	0	0	-1	0	0	-1	0	0	4
757	調査ﾘｭｯｸ	27	74	2000	500	500	1515	6	-1	-1	0	0	-1	0	0	-1	0	0	-1	0	0	0	-1	0	0	0	-1	0	0	0	270	100	1	-1	0	0	-1	0	0	-1	0	0	4
758	調査ﾘｭｯｸ	27	74	2000	500	500	1515	6	-1	-1	0	0	-1	0	0	-1	0	0	-1	0	0	0	-1	0	0	0	-1	0	0	0	271	100	1	-1	0	0	-1	0	0	-1	0	0	4
759	調査ﾘｭｯｸ	27	74	2000	500	500	1515	6	-1	-1	0	0	-1	0	0	-1	0	0	-1	0	0	0	-1	0	0	0	-1	0	0	0	272	100	1	-1	0	0	-1	0	0	-1	0	0	4
760	調査ﾘｭｯｸ	27	74	2000	500	500	1515	6	-1	-1	0	0	-1	0	0	-1	0	0	-1	0	0	0	-1	0	0	0	-1	0	0	0	273	100	1	-1	0	0	-1	0	0	-1	0	0	4
761	調査ﾘｭｯｸ	27	74	2000	500	500	1515	6	-1	-1	0	0	-1	0	0	-1	0	0	-1	0	0	0	-1	0	0	0	-1	0	0	0	274	100	1	-1	0	0	-1	0	0	-1	0	0	4
762	調査ﾘｭｯｸ	27	74	2000	500	500	1515	6	-1	-1	0	0	-1	0	0	-1	0	0	-1	0	0	0	-1	0	0	0	-1	0	0	0	275	100	1	-1	0	0	-1	0	0	-1	0	0	4
763	調査ﾘｭｯｸ	27	74	2000	500	500	1515	6	-1	-1	0	0	-1	0	0	-1	0	0	-1	0	0	0	-1	0	0	0	-1	0	0	0	276	100	1	-1	0	0	-1	0	0	-1	0	0	4
764	調査ﾘｭｯｸ	27	74	2000	500	500	1515	6	-1	-1	0	0	-1	0	0	-1	0	0	-1	0	0	0	-1	0	0	0	-1	0	0	0	277	100	10	-1	0	0	-1	0	0	-1	0	0	4
765	調査ﾘｭｯｸ	27	74	2000	500	500	1515	6	-1	-1	0	0	-1	0	0	-1	0	0	-1	0	0	0	-1	0	0	0	-1	0	0	0	221	100	1	-1	0	0	-1	0	0	-1	0	0	4
766	調査ﾘｭｯｸ	27	75	2000	100	200	315	6	-1	-1	0	0	-1	0	0	-1	0	0	1	100	50	75	1	10	50	75	1	1	50	75	-1	0	0	-1	0	0	-1	0	0	-1	0	0	4
767	調査ﾘｭｯｸ	27	75	2000	100	200	315	6	-1	-1	0	0	-1	0	0	-1	0	0	2	100	40	60	2	10	40	60	2	1	40	60	-1	0	0	-1	0	0	-1	0	0	-1	0	0	4
768	調査ﾘｭｯｸ	27	75	2000	100	200	315	6	-1	-1	0	0	-1	0	0	-1	0	0	3	100	30	45	3	10	30	45	3	1	30	45	-1	0	0	-1	0	0	-1	0	0	-1	0	0	4
769	調査ﾘｭｯｸ	27	75	2000	100	200	315	6	-1	-1	0	0	-1	0	0	-1	0	0	4	100	20	30	4	10	20	30	4	1	20	30	-1	0	0	-1	0	0	-1	0	0	-1	0	0	4
770	調査ﾘｭｯｸ	27	75	2000	100	200	315	6	-1	-1	0	0	-1	0	0	-1	0	0	5	100	10	15	5	10	10	15	5	1	10	15	-1	0	0	-1	0	0	-1	0	0	-1	0	0	4
771	調査ﾘｭｯｸ	27	75	2000	100	200	315	6	-1	-1	0	0	-1	0	0	-1	0	0	1	100	100	150	1	10	100	150	1	1	100	150	-1	0	0	-1	0	0	-1	0	0	-1	0	0	4
772	調査ﾘｭｯｸ	27	75	2000	100	200	315	6	-1	-1	0	0	-1	0	0	-1	0	0	2	100	90	135	2	10	90	135	2	1	90	135	-1	0	0	-1	0	0	-1	0	0	-1	0	0	4
773	調査ﾘｭｯｸ	27	75	2000	100	200	315	6	-1	-1	0	0	-1	0	0	-1	0	0	3	100	80	120	3	10	80	120	3	1	80	120	-1	0	0	-1	0	0	-1	0	0	-1	0	0	4
774	調査ﾘｭｯｸ	27	75	2000	100	200	315	6	-1	-1	0	0	-1	0	0	-1	0	0	4	100	70	105	4	10	70	105	4	1	70	105	-1	0	0	-1	0	0	-1	0	0	-1	0	0	4
775	調査ﾘｭｯｸ	27	75	2000	100	200	315	6	-1	-1	0	0	-1	0	0	-1	0	0	5	100	60	90	5	10	60	90	5	1	60	90	-1	0	0	-1	0	0	-1	0	0	-1	0	0	4
776	調査ﾘｭｯｸ	27	76	2000	150	200	465	6	-1	-1	0	0	-1	0	0	-1	0	0	108	100	5	7	110	75	5	7	114	75	5	7	-1	0	0	-1	0	0	-1	0	0	-1	0	0	4
777	調査ﾘｭｯｸ	27	76	2000	150	200	465	6	-1	-1	0	0	-1	0	0	-1	0	0	109	100	5	7	111	75	5	7	115	75	5	7	-1	0	0	-1	0	0	-1	0	0	-1	0	0	4
778	調査ﾘｭｯｸ	27	76	2000	150	200	465	6	-1	-1	0	0	-1	0	0	-1	0	0	108	100	5	7	112	75	5	7	116	75	5	7	-1	0	0	-1	0	0	-1	0	0	-1	0	0	4
779	調査ﾘｭｯｸ	27	76	2000	150	200	465	6	-1	-1	0	0	-1	0	0	-1	0	0	109	100	5	7	113	75	5	7	117	75	5	7	-1	0	0	-1	0	0	-1	0	0	-1	0	0	4
780	調査ﾘｭｯｸ	27	76	2000	150	200	465	6	-1	-1	0	0	-1	0	0	-1	0	0	85	100	5	7	89	75	5	7	93	75	5	7	-1	0	0	-1	0	0	-1	0	0	-1	0	0	4
781	調査ﾘｭｯｸ	27	76	2000	150	200	465	6	-1	-1	0	0	-1	0	0	-1	0	0	86	100	5	7	90	75	5	7	94	75	5	7	-1	0	0	-1	0	0	-1	0	0	-1	0	0	4
782	調査ﾘｭｯｸ	27	76	2000	150	200	465	6	-1	-1	0	0	-1	0	0	-1	0	0	87	100	5	7	91	75	5	7	95	75	5	7	-1	0	0	-1	0	0	-1	0	0	-1	0	0	4
783	調査ﾘｭｯｸ	27	76	2000	150	200	465	6	-1	-1	0	0	-1	0	0	-1	0	0	88	100	5	7	92	75	5	7	85	75	5	7	-1	0	0	-1	0	0	-1	0	0	-1	0	0	4
784	調査ﾘｭｯｸ	27	76	2000	150	200	465	6	-1	-1	0	0	-1	0	0	-1	0	0	96	100	5	7	100	75	5	7	104	75	5	7	-1	0	0	-1	0	0	-1	0	0	-1	0	0	4
785	調査ﾘｭｯｸ	27	76	2000	150	200	465	6	-1	-1	0	0	-1	0	0	-1	0	0	97	100	5	7	101	75	5	7	105	75	5	7	-1	0	0	-1	0	0	-1	0	0	-1	0	0	4
786	調査ﾘｭｯｸ	27	76	2000	150	200	465	6	-1	-1	0	0	-1	0	0	-1	0	0	98	100	5	7	102	75	5	7	106	75	5	7	-1	0	0	-1	0	0	-1	0	0	-1	0	0	4
787	調査ﾘｭｯｸ	27	76	2000	150	200	465	6	-1	-1	0	0	-1	0	0	-1	0	0	99	100	5	7	103	75	5	7	107	75	5	7	-1	0	0	-1	0	0	-1	0	0	-1	0	0	4
788	調査ﾘｭｯｸ	27	76	2000	150	200	465	6	-1	-1	0	0	-1	0	0	-1	0	0	118	100	5	7	122	75	5	7	126	75	5	7	-1	0	0	-1	0	0	-1	0	0	-1	0	0	4
789	調査ﾘｭｯｸ	27	76	2000	150	200	465	6	-1	-1	0	0	-1	0	0	-1	0	0	119	100	5	7	123	75	5	7	127	75	5	7	-1	0	0	-1	0	0	-1	0	0	-1	0	0	4
790	調査ﾘｭｯｸ	27	76	2000	150	200	465	6	-1	-1	0	0	-1	0	0	-1	0	0	120	100	5	7	124	75	5	7	118	75	5	7	-1	0	0	-1	0	0	-1	0	0	-1	0	0	4
791	調査ﾘｭｯｸ	27	76	2000	150	200	465	6	-1	-1	0	0	-1	0	0	-1	0	0	121	100	5	7	125	75	5	7	119	75	5	7	-1	0	0	-1	0	0	-1	0	0	-1	0	0	4
792	調査ﾘｭｯｸ	27	76	2000	200	200	615	6	-1	-1	0	0	-1	0	0	-1	0	0	75	100	5	7	79	75	5	7	83	75	2	3	-1	0	0	-1	0	0	-1	0	0	-1	0	0	4
793	調査ﾘｭｯｸ	27	76	2000	200	200	615	6	-1	-1	0	0	-1	0	0	-1	0	0	76	100	5	7	80	75	5	7	84	75	2	3	-1	0	0	-1	0	0	-1	0	0	-1	0	0	4
794	調査ﾘｭｯｸ	27	76	2000	200	200	615	6	-1	-1	0	0	-1	0	0	-1	0	0	77	100	5	7	81	75	5	7	83	75	2	3	-1	0	0	-1	0	0	-1	0	0	-1	0	0	4
795	調査ﾘｭｯｸ	27	76	2000	200	200	615	6	-1	-1	0	0	-1	0	0	-1	0	0	78	100	5	7	82	75	5	7	84	75	2	3	-1	0	0	-1	0	0	-1	0	0	-1	0	0	4
796	調査ﾘｭｯｸ	27	76	2000	200	200	615	6	-1	-1	0	0	-1	0	0	-1	0	0	164	100	2	3	167	100	2	3	169	100	2	3	-1	0	0	-1	0	0	-1	0	0	-1	0	0	4
797	調査ﾘｭｯｸ	27	76	2000	200	200	615	6	-1	-1	0	0	-1	0	0	-1	0	0	165	100	2	3	168	100	2	3	170	100	2	3	-1	0	0	-1	0	0	-1	0	0	-1	0	0	4
798	調査ﾘｭｯｸ	27	76	2000	200	200	615	6	-1	-1	0	0	-1	0	0	-1	0	0	166	100	2	3	164	100	2	3	165	100	2	3	-1	0	0	-1	0	0	-1	0	0	-1	0	0	4
799	調査ﾘｭｯｸ	27	75	2000	120	200	375	6	-1	-1	0	0	-1	0	0	-1	0	0	12	100	25	37	12	50	10	15	13	1	1	1	-1	0	0	-1	0	0	-1	0	0	-1	0	0	4
800	調査ﾘｭｯｸ	27	75	2000	120	200	375	6	-1	-1	0	0	-1	0	0	-1	0	0	12	100	50	75	12	50	35	52	13	10	3	4	-1	0	0	-1	0	0	-1	0	0	-1	0	0	4
801	調査ﾘｭｯｸ	27	77	2000	350	200	1065	6	-1	172	100	1	172	20	1	172	3	1	-1	0	0	0	-1	0	0	0	-1	0	0	0	-1	0	0	-1	0	0	-1	0	0	-1	0	0	4
802	調査ﾘｭｯｸ	27	77	2000	350	200	1065	6	-1	173	100	1	173	20	1	173	3	1	-1	0	0	0	-1	0	0	0	-1	0	0	0	-1	0	0	-1	0	0	-1	0	0	-1	0	0	4
803	調査ﾘｭｯｸ	27	77	2000	350	200	1065	6	-1	174	100	1	174	20	1	174	3	1	-1	0	0	0	-1	0	0	0	-1	0	0	0	-1	0	0	-1	0	0	-1	0	0	-1	0	0	4
804	調査ﾘｭｯｸ	27	77	2000	350	200	1065	6	-1	175	100	1	175	20	1	175	3	1	-1	0	0	0	-1	0	0	0	-1	0	0	0	-1	0	0	-1	0	0	-1	0	0	-1	0	0	4
805	調査ﾘｭｯｸ	27	77	2000	350	200	1065	6	-1	176	100	1	176	20	1	176	3	1	-1	0	0	0	-1	0	0	0	-1	0	0	0	-1	0	0	-1	0	0	-1	0	0	-1	0	0	4
806	調査ﾘｭｯｸ	27	74	2000	500	500	1515	6	-1	-1	0	0	-1	0	0	-1	0	0	-1	0	0	0	-1	0	0	0	-1	0	0	0	296	100	1	-1	0	0	-1	0	0	-1	0	0	4
807	調査ﾘｭｯｸ	27	74	2000	500	500	1515	6	-1	-1	0	0	-1	0	0	-1	0	0	-1	0	0	0	-1	0	0	0	-1	0	0	0	216	100	1	-1	0	0	-1	0	0	-1	0	0	4
808	調査ﾘｭｯｸ	27	77	2000	350	200	1065	6	-1	-1	0	0	-1	0	0	-1	0	0	-1	0	0	0	-1	0	0	0	-1	0	0	0	-1	0	0	-1	0	0	105	100	1	-1	0	0	4
809	調査ﾘｭｯｸ	27	77	2000	350	200	1065	6	-1	-1	0	0	-1	0	0	-1	0	0	-1	0	0	0	-1	0	0	0	-1	0	0	0	-1	0	0	-1	0	0	106	100	1	-1	0	0	4
810	調査ﾘｭｯｸ	27	77	2000	350	200	1065	6	-1	-1	0	0	-1	0	0	-1	0	0	-1	0	0	0	-1	0	0	0	-1	0	0	0	-1	0	0	-1	0	0	107	100	1	-1	0	0	4
811	調査ﾘｭｯｸ	27	77	2000	350	200	1065	6	-1	-1	0	0	-1	0	0	-1	0	0	-1	0	0	0	-1	0	0	0	-1	0	0	0	-1	0	0	-1	0	0	94	100	1	-1	0	0	4
812	調査ﾘｭｯｸ	27	77	2000	350	200	1065	6	-1	-1	0	0	-1	0	0	-1	0	0	-1	0	0	0	-1	0	0	0	-1	0	0	0	-1	0	0	-1	0	0	95	100	1	-1	0	0	4
813	調査ﾘｭｯｸ	27	77	2000	350	200	1065	6	-1	-1	0	0	-1	0	0	-1	0	0	-1	0	0	0	-1	0	0	0	-1	0	0	0	-1	0	0	-1	0	0	97	100	1	-1	0	0	4
814	調査ﾘｭｯｸ	27	77	2000	350	200	1065	6	-1	-1	0	0	-1	0	0	-1	0	0	-1	0	0	0	-1	0	0	0	-1	0	0	0	-1	0	0	-1	0	0	101	100	1	-1	0	0	4
815	調査ﾘｭｯｸ	27	75	2000	250	200	765	6	-1	-1	0	0	-1	0	0	-1	0	0	-1	0	0	0	-1	0	0	0	-1	0	0	0	-1	0	0	-1	0	0	-1	0	0	132	100	1	4
816	お宝箱	27	54	999	1	1	1	6	-1	-1	0	0	-1	0	0	-1	0	0	-1	0	0	0	-1	0	0	0	-1	0	0	0	29	100	1	-1	0	0	-1	0	0	-1	0	0	0
817	お宝箱	27	54	999	1	1	1	6	-1	-1	0	0	-1	0	0	-1	0	0	-1	0	0	0	-1	0	0	0	-1	0	0	0	30	100	1	-1	0	0	-1	0	0	-1	0	0	0
818	お宝箱	27	54	999	1	1	1	6	-1	-1	0	0	-1	0	0	-1	0	0	-1	0	0	0	-1	0	0	0	-1	0	0	0	31	100	1	-1	0	0	-1	0	0	-1	0	0	0
819	お宝箱	27	54	999	1	1	1	6	-1	-1	0	0	-1	0	0	-1	0	0	-1	0	0	0	-1	0	0	0	-1	0	0	0	32	100	1	-1	0	0	-1	0	0	-1	0	0	0
820	お宝箱	27	54	999	1	1	1	6	-1	-1	0	0	-1	0	0	-1	0	0	-1	0	0	0	-1	0	0	0	-1	0	0	0	33	100	1	-1	0	0	-1	0	0	-1	0	0	0
821	お宝箱	27	54	999	1	1	1	6	-1	-1	0	0	-1	0	0	-1	0	0	-1	0	0	0	-1	0	0	0	-1	0	0	0	34	100	1	-1	0	0	-1	0	0	-1	0	0	0
822	お宝箱	27	54	999	1	1	1	6	-1	-1	0	0	-1	0	0	-1	0	0	-1	0	0	0	-1	0	0	0	-1	0	0	0	36	100	1	-1	0	0	-1	0	0	-1	0	0	0
823	お宝箱	27	54	999	1	1	1	6	-1	-1	0	0	-1	0	0	-1	0	0	-1	0	0	0	-1	0	0	0	-1	0	0	0	79	100	1	-1	0	0	-1	0	0	-1	0	0	0
824	お宝箱	27	54	999	1	1	1	6	-1	-1	0	0	-1	0	0	-1	0	0	-1	0	0	0	-1	0	0	0	-1	0	0	0	80	100	1	-1	0	0	-1	0	0	-1	0	0	0
825	お宝箱	27	54	999	1	1	1	6	-1	-1	0	0	-1	0	0	-1	0	0	-1	0	0	0	-1	0	0	0	-1	0	0	0	81	100	1	-1	0	0	-1	0	0	-1	0	0	0
826	お宝箱	27	54	999	1	1	1	6	-1	-1	0	0	-1	0	0	-1	0	0	-1	0	0	0	-1	0	0	0	-1	0	0	0	82	100	1	-1	0	0	-1	0	0	-1	0	0	0
827	お宝箱	27	54	999	1	1	1	6	-1	-1	0	0	-1	0	0	-1	0	0	-1	0	0	0	-1	0	0	0	-1	0	0	0	84	100	1	-1	0	0	-1	0	0	-1	0	0	0
828	お宝箱	27	54	999	1	1	1	6	-1	-1	0	0	-1	0	0	-1	0	0	-1	0	0	0	-1	0	0	0	-1	0	0	0	85	100	1	-1	0	0	-1	0	0	-1	0	0	0
829	お宝箱	27	54	999	1	1	1	6	-1	-1	0	0	-1	0	0	-1	0	0	-1	0	0	0	-1	0	0	0	-1	0	0	0	86	100	1	-1	0	0	-1	0	0	-1	0	0	0
830	お宝箱	27	54	999	1	1	1	6	-1	-1	0	0	-1	0	0	-1	0	0	-1	0	0	0	-1	0	0	0	-1	0	0	0	87	100	1	-1	0	0	-1	0	0	-1	0	0	0
831	お宝箱	27	54	999	1	1	1	6	-1	-1	0	0	-1	0	0	-1	0	0	-1	0	0	0	-1	0	0	0	-1	0	0	0	88	100	1	-1	0	0	-1	0	0	-1	0	0	0
832	お宝箱	27	54	999	1	1	1	6	-1	-1	0	0	-1	0	0	-1	0	0	-1	0	0	0	-1	0	0	0	-1	0	0	0	89	100	1	-1	0	0	-1	0	0	-1	0	0	0
833	お宝箱	27	54	999	1	1	1	6	-1	-1	0	0	-1	0	0	-1	0	0	-1	0	0	0	-1	0	0	0	-1	0	0	0	90	100	1	-1	0	0	-1	0	0	-1	0	0	0
834	お宝箱	27	54	999	1	1	1	6	-1	-1	0	0	-1	0	0	-1	0	0	-1	0	0	0	-1	0	0	0	-1	0	0	0	91	100	1	-1	0	0	-1	0	0	-1	0	0	0
835	お宝箱	27	54	999	1	1	1	6	-1	-1	0	0	-1	0	0	-1	0	0	-1	0	0	0	-1	0	0	0	-1	0	0	0	92	100	1	-1	0	0	-1	0	0	-1	0	0	0
836	お宝箱	27	54	999	1	1	1	6	-1	-1	0	0	-1	0	0	-1	0	0	-1	0	0	0	-1	0	0	0	-1	0	0	0	93	100	1	-1	0	0	-1	0	0	-1	0	0	0
837	お宝箱	27	54	999	1	1	1	6	-1	-1	0	0	-1	0	0	-1	0	0	-1	0	0	0	-1	0	0	0	-1	0	0	0	94	100	1	-1	0	0	-1	0	0	-1	0	0	0
838	お宝箱	27	54	999	1	1	1	6	-1	-1	0	0	-1	0	0	-1	0	0	-1	0	0	0	-1	0	0	0	-1	0	0	0	95	100	1	-1	0	0	-1	0	0	-1	0	0	0
839	お宝箱	27	54	999	1	1	1	6	-1	-1	0	0	-1	0	0	-1	0	0	-1	0	0	0	-1	0	0	0	-1	0	0	0	96	100	1	-1	0	0	-1	0	0	-1	0	0	0
840	お宝箱	27	54	999	1	1	1	6	-1	-1	0	0	-1	0	0	-1	0	0	-1	0	0	0	-1	0	0	0	-1	0	0	0	97	100	1	-1	0	0	-1	0	0	-1	0	0	0
841	お宝箱	27	54	999	1	1	1	6	-1	-1	0	0	-1	0	0	-1	0	0	-1	0	0	0	-1	0	0	0	-1	0	0	0	98	100	1	-1	0	0	-1	0	0	-1	0	0	0
842	お宝箱	27	54	999	1	1	1	6	-1	-1	0	0	-1	0	0	-1	0	0	-1	0	0	0	-1	0	0	0	-1	0	0	0	99	100	1	-1	0	0	-1	0	0	-1	0	0	0
843	お宝箱	27	54	999	1	1	1	6	-1	-1	0	0	-1	0	0	-1	0	0	-1	0	0	0	-1	0	0	0	-1	0	0	0	100	100	1	-1	0	0	-1	0	0	-1	0	0	0
844	お宝箱	27	54	999	1	1	1	6	-1	-1	0	0	-1	0	0	-1	0	0	-1	0	0	0	-1	0	0	0	-1	0	0	0	101	100	1	-1	0	0	-1	0	0	-1	0	0	0
845	お宝箱	27	54	999	1	1	1	6	-1	-1	0	0	-1	0	0	-1	0	0	-1	0	0	0	-1	0	0	0	-1	0	0	0	102	100	1	-1	0	0	-1	0	0	-1	0	0	0
846	お宝箱	27	54	999	1	1	1	6	-1	-1	0	0	-1	0	0	-1	0	0	-1	0	0	0	-1	0	0	0	-1	0	0	0	103	100	1	-1	0	0	-1	0	0	-1	0	0	0
847	お宝箱	27	54	999	1	1	1	6	-1	-1	0	0	-1	0	0	-1	0	0	-1	0	0	0	-1	0	0	0	-1	0	0	0	105	100	1	-1	0	0	-1	0	0	-1	0	0	0
848	お宝箱	27	54	999	1	1	1	6	-1	-1	0	0	-1	0	0	-1	0	0	-1	0	0	0	-1	0	0	0	-1	0	0	0	106	100	1	-1	0	0	-1	0	0	-1	0	0	0
849	お宝箱	27	54	999	1	1	1	6	-1	-1	0	0	-1	0	0	-1	0	0	-1	0	0	0	-1	0	0	0	-1	0	0	0	107	100	1	-1	0	0	-1	0	0	-1	0	0	0
850	お宝箱	27	54	999	1	1	1	6	-1	-1	0	0	-1	0	0	-1	0	0	-1	0	0	0	-1	0	0	0	-1	0	0	0	108	100	1	-1	0	0	-1	0	0	-1	0	0	0
851	お宝箱	27	54	999	1	1	1	6	-1	-1	0	0	-1	0	0	-1	0	0	-1	0	0	0	-1	0	0	0	-1	0	0	0	109	100	1	-1	0	0	-1	0	0	-1	0	0	0
852	お宝箱	27	54	999	1	1	1	6	-1	-1	0	0	-1	0	0	-1	0	0	-1	0	0	0	-1	0	0	0	-1	0	0	0	110	100	1	-1	0	0	-1	0	0	-1	0	0	0
853	お宝箱	27	54	999	1	1	1	6	-1	-1	0	0	-1	0	0	-1	0	0	-1	0	0	0	-1	0	0	0	-1	0	0	0	111	100	1	-1	0	0	-1	0	0	-1	0	0	0
854	お宝箱	27	54	999	1	1	1	6	-1	-1	0	0	-1	0	0	-1	0	0	-1	0	0	0	-1	0	0	0	-1	0	0	0	112	100	1	-1	0	0	-1	0	0	-1	0	0	0
855	お宝箱	27	54	999	1	1	1	6	-1	-1	0	0	-1	0	0	-1	0	0	-1	0	0	0	-1	0	0	0	-1	0	0	0	113	100	1	-1	0	0	-1	0	0	-1	0	0	0
856	お宝箱	27	54	999	1	1	1	6	-1	-1	0	0	-1	0	0	-1	0	0	-1	0	0	0	-1	0	0	0	-1	0	0	0	114	100	1	-1	0	0	-1	0	0	-1	0	0	0
857	お宝箱	27	54	999	1	1	1	6	-1	-1	0	0	-1	0	0	-1	0	0	-1	0	0	0	-1	0	0	0	-1	0	0	0	115	100	1	-1	0	0	-1	0	0	-1	0	0	0
858	お宝箱	27	54	999	1	1	1	6	-1	-1	0	0	-1	0	0	-1	0	0	-1	0	0	0	-1	0	0	0	-1	0	0	0	116	100	1	-1	0	0	-1	0	0	-1	0	0	0
859	お宝箱	27	54	999	1	1	1	6	-1	-1	0	0	-1	0	0	-1	0	0	-1	0	0	0	-1	0	0	0	-1	0	0	0	117	100	1	-1	0	0	-1	0	0	-1	0	0	0
860	お宝箱	27	54	999	1	1	1	6	-1	-1	0	0	-1	0	0	-1	0	0	-1	0	0	0	-1	0	0	0	-1	0	0	0	118	100	1	-1	0	0	-1	0	0	-1	0	0	0
861	お宝箱	27	54	999	1	1	1	6	-1	-1	0	0	-1	0	0	-1	0	0	-1	0	0	0	-1	0	0	0	-1	0	0	0	119	100	1	-1	0	0	-1	0	0	-1	0	0	0
862	お宝箱	27	54	999	1	1	1	6	-1	-1	0	0	-1	0	0	-1	0	0	-1	0	0	0	-1	0	0	0	-1	0	0	0	120	100	1	-1	0	0	-1	0	0	-1	0	0	0
863	お宝箱	27	54	999	1	1	1	6	-1	-1	0	0	-1	0	0	-1	0	0	-1	0	0	0	-1	0	0	0	-1	0	0	0	121	100	1	-1	0	0	-1	0	0	-1	0	0	0
864	お宝箱	27	54	999	1	1	1	6	-1	-1	0	0	-1	0	0	-1	0	0	-1	0	0	0	-1	0	0	0	-1	0	0	0	122	100	1	-1	0	0	-1	0	0	-1	0	0	0
865	お宝箱	27	54	999	1	1	1	6	-1	-1	0	0	-1	0	0	-1	0	0	-1	0	0	0	-1	0	0	0	-1	0	0	0	123	100	1	-1	0	0	-1	0	0	-1	0	0	0
866	お宝箱	27	54	999	1	1	1	6	-1	-1	0	0	-1	0	0	-1	0	0	-1	0	0	0	-1	0	0	0	-1	0	0	0	124	100	1	-1	0	0	-1	0	0	-1	0	0	0
867	お宝箱	27	54	999	1	1	1	6	-1	-1	0	0	-1	0	0	-1	0	0	-1	0	0	0	-1	0	0	0	-1	0	0	0	125	100	1	-1	0	0	-1	0	0	-1	0	0	0
868	お宝箱	27	54	999	1	1	1	6	-1	-1	0	0	-1	0	0	-1	0	0	-1	0	0	0	-1	0	0	0	-1	0	0	0	126	100	1	-1	0	0	-1	0	0	-1	0	0	0
869	お宝箱	27	54	999	1	1	1	6	-1	-1	0	0	-1	0	0	-1	0	0	-1	0	0	0	-1	0	0	0	-1	0	0	0	127	100	1	-1	0	0	-1	0	0	-1	0	0	0
870	お宝箱	27	54	999	1	1	1	6	-1	-1	0	0	-1	0	0	-1	0	0	-1	0	0	0	-1	0	0	0	-1	0	0	0	128	100	1	-1	0	0	-1	0	0	-1	0	0	0
871	お宝箱	27	54	999	1	1	1	6	-1	-1	0	0	-1	0	0	-1	0	0	-1	0	0	0	-1	0	0	0	-1	0	0	0	129	100	1	-1	0	0	-1	0	0	-1	0	0	0
872	お宝箱	27	54	999	1	1	1	6	-1	-1	0	0	-1	0	0	-1	0	0	-1	0	0	0	-1	0	0	0	-1	0	0	0	130	100	1	-1	0	0	-1	0	0	-1	0	0	0
873	お宝箱	27	54	999	1	1	1	6	-1	-1	0	0	-1	0	0	-1	0	0	-1	0	0	0	-1	0	0	0	-1	0	0	0	131	100	1	-1	0	0	-1	0	0	-1	0	0	0
874	お宝箱	27	54	999	1	1	1	6	-1	-1	0	0	-1	0	0	-1	0	0	-1	0	0	0	-1	0	0	0	-1	0	0	0	132	100	1	-1	0	0	-1	0	0	-1	0	0	0
875	お宝箱	27	54	999	1	1	1	6	-1	-1	0	0	-1	0	0	-1	0	0	-1	0	0	0	-1	0	0	0	-1	0	0	0	133	100	1	-1	0	0	-1	0	0	-1	0	0	0
876	お宝箱	27	54	999	1	1	1	6	-1	-1	0	0	-1	0	0	-1	0	0	-1	0	0	0	-1	0	0	0	-1	0	0	0	134	100	1	-1	0	0	-1	0	0	-1	0	0	0
877	お宝箱	27	54	999	1	1	1	6	-1	-1	0	0	-1	0	0	-1	0	0	-1	0	0	0	-1	0	0	0	-1	0	0	0	135	100	1	-1	0	0	-1	0	0	-1	0	0	0
878	お宝箱	27	54	999	1	1	1	6	-1	-1	0	0	-1	0	0	-1	0	0	-1	0	0	0	-1	0	0	0	-1	0	0	0	136	100	1	-1	0	0	-1	0	0	-1	0	0	0
879	お宝箱	27	54	999	1	1	1	6	-1	-1	0	0	-1	0	0	-1	0	0	-1	0	0	0	-1	0	0	0	-1	0	0	0	137	100	1	-1	0	0	-1	0	0	-1	0	0	0
880	お宝箱	27	54	999	1	1	1	6	-1	-1	0	0	-1	0	0	-1	0	0	-1	0	0	0	-1	0	0	0	-1	0	0	0	138	100	1	-1	0	0	-1	0	0	-1	0	0	0
881	お宝箱	27	54	999	1	1	1	6	-1	-1	0	0	-1	0	0	-1	0	0	-1	0	0	0	-1	0	0	0	-1	0	0	0	139	100	1	-1	0	0	-1	0	0	-1	0	0	0
882	お宝箱	27	54	999	1	1	1	6	-1	-1	0	0	-1	0	0	-1	0	0	-1	0	0	0	-1	0	0	0	-1	0	0	0	140	100	1	-1	0	0	-1	0	0	-1	0	0	0
883	お宝箱	27	54	999	1	1	1	6	-1	-1	0	0	-1	0	0	-1	0	0	-1	0	0	0	-1	0	0	0	-1	0	0	0	141	100	1	-1	0	0	-1	0	0	-1	0	0	0
884	お宝箱	27	54	999	1	1	1	6	-1	-1	0	0	-1	0	0	-1	0	0	-1	0	0	0	-1	0	0	0	-1	0	0	0	142	100	1	-1	0	0	-1	0	0	-1	0	0	0
885	お宝箱	27	54	999	1	1	1	6	-1	-1	0	0	-1	0	0	-1	0	0	-1	0	0	0	-1	0	0	0	-1	0	0	0	143	100	1	-1	0	0	-1	0	0	-1	0	0	0
886	お宝箱	27	54	999	1	1	1	6	-1	-1	0	0	-1	0	0	-1	0	0	-1	0	0	0	-1	0	0	0	-1	0	0	0	144	100	1	-1	0	0	-1	0	0	-1	0	0	0
887	お宝箱	27	54	999	1	1	1	6	-1	-1	0	0	-1	0	0	-1	0	0	-1	0	0	0	-1	0	0	0	-1	0	0	0	145	100	1	-1	0	0	-1	0	0	-1	0	0	0
888	お宝箱	27	54	999	1	1	1	6	-1	-1	0	0	-1	0	0	-1	0	0	-1	0	0	0	-1	0	0	0	-1	0	0	0	146	100	1	-1	0	0	-1	0	0	-1	0	0	0
889	お宝箱	27	54	999	1	1	1	6	-1	-1	0	0	-1	0	0	-1	0	0	-1	0	0	0	-1	0	0	0	-1	0	0	0	147	100	1	-1	0	0	-1	0	0	-1	0	0	0
890	お宝箱	27	54	999	1	1	1	6	-1	-1	0	0	-1	0	0	-1	0	0	-1	0	0	0	-1	0	0	0	-1	0	0	0	148	100	1	-1	0	0	-1	0	0	-1	0	0	0
891	お宝箱	27	54	999	1	1	1	6	-1	-1	0	0	-1	0	0	-1	0	0	-1	0	0	0	-1	0	0	0	-1	0	0	0	149	100	1	-1	0	0	-1	0	0	-1	0	0	0
892	お宝箱	27	54	999	1	1	1	6	-1	-1	0	0	-1	0	0	-1	0	0	-1	0	0	0	-1	0	0	0	-1	0	0	0	150	100	1	-1	0	0	-1	0	0	-1	0	0	0
893	お宝箱	27	54	999	1	1	1	6	-1	-1	0	0	-1	0	0	-1	0	0	-1	0	0	0	-1	0	0	0	-1	0	0	0	151	100	1	-1	0	0	-1	0	0	-1	0	0	0
894	お宝箱	27	54	999	1	1	1	6	-1	-1	0	0	-1	0	0	-1	0	0	-1	0	0	0	-1	0	0	0	-1	0	0	0	152	100	1	-1	0	0	-1	0	0	-1	0	0	0
895	お宝箱	27	54	999	1	1	1	6	-1	-1	0	0	-1	0	0	-1	0	0	-1	0	0	0	-1	0	0	0	-1	0	0	0	153	100	1	-1	0	0	-1	0	0	-1	0	0	0
896	お宝箱	27	54	999	1	1	1	6	-1	-1	0	0	-1	0	0	-1	0	0	-1	0	0	0	-1	0	0	0	-1	0	0	0	154	100	1	-1	0	0	-1	0	0	-1	0	0	0
897	お宝箱	27	54	999	1	1	1	6	-1	-1	0	0	-1	0	0	-1	0	0	-1	0	0	0	-1	0	0	0	-1	0	0	0	155	100	1	-1	0	0	-1	0	0	-1	0	0	0
898	お宝箱	27	54	999	1	1	1	6	-1	-1	0	0	-1	0	0	-1	0	0	-1	0	0	0	-1	0	0	0	-1	0	0	0	156	100	1	-1	0	0	-1	0	0	-1	0	0	0
899	お宝箱	27	54	999	1	1	1	6	-1	-1	0	0	-1	0	0	-1	0	0	-1	0	0	0	-1	0	0	0	-1	0	0	0	157	100	1	-1	0	0	-1	0	0	-1	0	0	0
900	お宝箱	27	54	999	1	1	1	6	-1	-1	0	0	-1	0	0	-1	0	0	-1	0	0	0	-1	0	0	0	-1	0	0	0	158	100	1	-1	0	0	-1	0	0	-1	0	0	0
901	お宝箱	27	54	999	1	1	1	6	-1	-1	0	0	-1	0	0	-1	0	0	-1	0	0	0	-1	0	0	0	-1	0	0	0	159	100	1	-1	0	0	-1	0	0	-1	0	0	0
902	お宝箱	27	54	999	1	1	1	6	-1	-1	0	0	-1	0	0	-1	0	0	-1	0	0	0	-1	0	0	0	-1	0	0	0	160	100	1	-1	0	0	-1	0	0	-1	0	0	0
903	お宝箱	27	54	999	1	1	1	6	-1	-1	0	0	-1	0	0	-1	0	0	-1	0	0	0	-1	0	0	0	-1	0	0	0	161	100	1	-1	0	0	-1	0	0	-1	0	0	0
904	お宝箱	27	54	999	1	1	1	6	-1	-1	0	0	-1	0	0	-1	0	0	-1	0	0	0	-1	0	0	0	-1	0	0	0	162	100	1	-1	0	0	-1	0	0	-1	0	0	0
905	お宝箱	27	54	999	1	1	1	6	-1	-1	0	0	-1	0	0	-1	0	0	-1	0	0	0	-1	0	0	0	-1	0	0	0	163	100	1	-1	0	0	-1	0	0	-1	0	0	0
906	お宝箱	27	54	999	1	1	1	6	-1	-1	0	0	-1	0	0	-1	0	0	-1	0	0	0	-1	0	0	0	-1	0	0	0	164	100	1	-1	0	0	-1	0	0	-1	0	0	0
907	お宝箱	27	54	999	1	1	1	6	-1	-1	0	0	-1	0	0	-1	0	0	-1	0	0	0	-1	0	0	0	-1	0	0	0	165	100	1	-1	0	0	-1	0	0	-1	0	0	0
908	お宝箱	27	54	999	1	1	1	6	-1	-1	0	0	-1	0	0	-1	0	0	-1	0	0	0	-1	0	0	0	-1	0	0	0	166	100	1	-1	0	0	-1	0	0	-1	0	0	0
909	お宝箱	27	54	999	1	1	1	6	-1	-1	0	0	-1	0	0	-1	0	0	-1	0	0	0	-1	0	0	0	-1	0	0	0	167	100	1	-1	0	0	-1	0	0	-1	0	0	0
910	お宝箱	27	54	999	1	1	1	6	-1	-1	0	0	-1	0	0	-1	0	0	-1	0	0	0	-1	0	0	0	-1	0	0	0	168	100	1	-1	0	0	-1	0	0	-1	0	0	0
911	お宝箱	27	54	999	1	1	1	6	-1	-1	0	0	-1	0	0	-1	0	0	-1	0	0	0	-1	0	0	0	-1	0	0	0	169	100	1	-1	0	0	-1	0	0	-1	0	0	0
912	お宝箱	27	54	999	1	1	1	6	-1	-1	0	0	-1	0	0	-1	0	0	-1	0	0	0	-1	0	0	0	-1	0	0	0	170	100	1	-1	0	0	-1	0	0	-1	0	0	0
913	お宝箱	27	54	999	1	1	1	6	-1	-1	0	0	-1	0	0	-1	0	0	-1	0	0	0	-1	0	0	0	-1	0	0	0	171	100	1	-1	0	0	-1	0	0	-1	0	0	0
914	お宝箱	27	54	999	1	1	1	6	-1	-1	0	0	-1	0	0	-1	0	0	-1	0	0	0	-1	0	0	0	-1	0	0	0	172	100	1	-1	0	0	-1	0	0	-1	0	0	0
915	お宝箱	27	54	999	1	1	1	6	-1	-1	0	0	-1	0	0	-1	0	0	-1	0	0	0	-1	0	0	0	-1	0	0	0	173	100	1	-1	0	0	-1	0	0	-1	0	0	0
916	お宝箱	27	54	999	1	1	1	6	-1	-1	0	0	-1	0	0	-1	0	0	-1	0	0	0	-1	0	0	0	-1	0	0	0	174	100	1	-1	0	0	-1	0	0	-1	0	0	0
917	お宝箱	27	54	999	1	1	1	6	-1	-1	0	0	-1	0	0	-1	0	0	-1	0	0	0	-1	0	0	0	-1	0	0	0	175	100	1	-1	0	0	-1	0	0	-1	0	0	0
918	お宝箱	27	54	999	1	1	1	6	-1	-1	0	0	-1	0	0	-1	0	0	-1	0	0	0	-1	0	0	0	-1	0	0	0	176	100	1	-1	0	0	-1	0	0	-1	0	0	0
919	お宝箱	27	54	999	1	1	1	6	-1	-1	0	0	-1	0	0	-1	0	0	-1	0	0	0	-1	0	0	0	-1	0	0	0	177	100	1	-1	0	0	-1	0	0	-1	0	0	0
920	お宝箱	27	54	999	1	1	1	6	-1	-1	0	0	-1	0	0	-1	0	0	-1	0	0	0	-1	0	0	0	-1	0	0	0	178	100	1	-1	0	0	-1	0	0	-1	0	0	0
921	お宝箱	27	54	999	1	1	1	6	-1	-1	0	0	-1	0	0	-1	0	0	-1	0	0	0	-1	0	0	0	-1	0	0	0	179	100	1	-1	0	0	-1	0	0	-1	0	0	0
922	お宝箱	27	54	999	1	1	1	6	-1	-1	0	0	-1	0	0	-1	0	0	-1	0	0	0	-1	0	0	0	-1	0	0	0	180	100	1	-1	0	0	-1	0	0	-1	0	0	0
923	お宝箱	27	54	999	1	1	1	6	-1	-1	0	0	-1	0	0	-1	0	0	-1	0	0	0	-1	0	0	0	-1	0	0	0	181	100	1	-1	0	0	-1	0	0	-1	0	0	0
924	お宝箱	27	54	999	1	1	1	6	-1	-1	0	0	-1	0	0	-1	0	0	-1	0	0	0	-1	0	0	0	-1	0	0	0	182	100	1	-1	0	0	-1	0	0	-1	0	0	0
925	お宝箱	27	54	999	1	1	1	6	-1	-1	0	0	-1	0	0	-1	0	0	-1	0	0	0	-1	0	0	0	-1	0	0	0	183	100	1	-1	0	0	-1	0	0	-1	0	0	0
926	お宝箱	27	54	999	1	1	1	6	-1	-1	0	0	-1	0	0	-1	0	0	-1	0	0	0	-1	0	0	0	-1	0	0	0	184	100	1	-1	0	0	-1	0	0	-1	0	0	0
927	お宝箱	27	54	999	1	1	1	6	-1	-1	0	0	-1	0	0	-1	0	0	-1	0	0	0	-1	0	0	0	-1	0	0	0	185	100	1	-1	0	0	-1	0	0	-1	0	0	0
928	お宝箱	27	54	999	1	1	1	6	-1	-1	0	0	-1	0	0	-1	0	0	-1	0	0	0	-1	0	0	0	-1	0	0	0	186	100	1	-1	0	0	-1	0	0	-1	0	0	0
929	お宝箱	27	54	999	1	1	1	6	-1	-1	0	0	-1	0	0	-1	0	0	-1	0	0	0	-1	0	0	0	-1	0	0	0	187	100	1	-1	0	0	-1	0	0	-1	0	0	0
930	お宝箱	27	54	999	1	1	1	6	-1	-1	0	0	-1	0	0	-1	0	0	-1	0	0	0	-1	0	0	0	-1	0	0	0	188	100	1	-1	0	0	-1	0	0	-1	0	0	0
931	お宝箱	27	54	999	1	1	1	6	-1	-1	0	0	-1	0	0	-1	0	0	-1	0	0	0	-1	0	0	0	-1	0	0	0	189	100	1	-1	0	0	-1	0	0	-1	0	0	0
932	お宝箱	27	54	999	1	1	1	6	-1	-1	0	0	-1	0	0	-1	0	0	-1	0	0	0	-1	0	0	0	-1	0	0	0	190	100	1	-1	0	0	-1	0	0	-1	0	0	0
933	お宝箱	27	54	999	1	1	1	6	-1	-1	0	0	-1	0	0	-1	0	0	-1	0	0	0	-1	0	0	0	-1	0	0	0	191	100	1	-1	0	0	-1	0	0	-1	0	0	0
934	お宝箱	27	54	999	1	1	1	6	-1	-1	0	0	-1	0	0	-1	0	0	-1	0	0	0	-1	0	0	0	-1	0	0	0	216	100	1	-1	0	0	-1	0	0	-1	0	0	0
935	お宝箱	27	54	999	1	1	1	6	-1	-1	0	0	-1	0	0	-1	0	0	-1	0	0	0	-1	0	0	0	-1	0	0	0	217	100	1	-1	0	0	-1	0	0	-1	0	0	0
936	お宝箱	27	54	999	1	1	1	6	-1	-1	0	0	-1	0	0	-1	0	0	-1	0	0	0	-1	0	0	0	-1	0	0	0	218	100	1	-1	0	0	-1	0	0	-1	0	0	0
937	お宝箱	27	54	999	1	1	1	6	-1	-1	0	0	-1	0	0	-1	0	0	-1	0	0	0	-1	0	0	0	-1	0	0	0	219	100	1	-1	0	0	-1	0	0	-1	0	0	0
938	お宝箱	27	54	999	1	1	1	6	-1	-1	0	0	-1	0	0	-1	0	0	-1	0	0	0	-1	0	0	0	-1	0	0	0	221	100	1	-1	0	0	-1	0	0	-1	0	0	0
939	お宝箱	27	54	999	1	1	1	6	-1	-1	0	0	-1	0	0	-1	0	0	-1	0	0	0	-1	0	0	0	-1	0	0	0	224	100	1	-1	0	0	-1	0	0	-1	0	0	0
940	お宝箱	27	54	999	1	1	1	6	-1	-1	0	0	-1	0	0	-1	0	0	-1	0	0	0	-1	0	0	0	-1	0	0	0	225	100	1	-1	0	0	-1	0	0	-1	0	0	0
941	お宝箱	27	54	999	1	1	1	6	-1	-1	0	0	-1	0	0	-1	0	0	-1	0	0	0	-1	0	0	0	-1	0	0	0	226	100	1	-1	0	0	-1	0	0	-1	0	0	0
942	お宝箱	27	54	999	1	1	1	6	-1	-1	0	0	-1	0	0	-1	0	0	-1	0	0	0	-1	0	0	0	-1	0	0	0	227	100	1	-1	0	0	-1	0	0	-1	0	0	0
943	お宝箱	27	54	999	1	1	1	6	-1	-1	0	0	-1	0	0	-1	0	0	-1	0	0	0	-1	0	0	0	-1	0	0	0	228	100	1	-1	0	0	-1	0	0	-1	0	0	0
944	お宝箱	27	54	999	1	1	1	6	-1	-1	0	0	-1	0	0	-1	0	0	-1	0	0	0	-1	0	0	0	-1	0	0	0	229	100	1	-1	0	0	-1	0	0	-1	0	0	0
945	お宝箱	27	54	999	1	1	1	6	-1	-1	0	0	-1	0	0	-1	0	0	-1	0	0	0	-1	0	0	0	-1	0	0	0	230	100	1	-1	0	0	-1	0	0	-1	0	0	0
946	お宝箱	27	54	999	1	1	1	6	-1	-1	0	0	-1	0	0	-1	0	0	-1	0	0	0	-1	0	0	0	-1	0	0	0	231	100	1	-1	0	0	-1	0	0	-1	0	0	0
947	お宝箱	27	54	999	1	1	1	6	-1	-1	0	0	-1	0	0	-1	0	0	-1	0	0	0	-1	0	0	0	-1	0	0	0	232	100	1	-1	0	0	-1	0	0	-1	0	0	0
948	お宝箱	27	54	999	1	1	1	6	-1	-1	0	0	-1	0	0	-1	0	0	-1	0	0	0	-1	0	0	0	-1	0	0	0	233	100	1	-1	0	0	-1	0	0	-1	0	0	0
949	お宝箱	27	54	999	1	1	1	6	-1	-1	0	0	-1	0	0	-1	0	0	-1	0	0	0	-1	0	0	0	-1	0	0	0	234	100	1	-1	0	0	-1	0	0	-1	0	0	0
950	お宝箱	27	54	999	1	1	1	6	-1	-1	0	0	-1	0	0	-1	0	0	-1	0	0	0	-1	0	0	0	-1	0	0	0	235	100	1	-1	0	0	-1	0	0	-1	0	0	0
951	お宝箱	27	54	999	1	1	1	6	-1	-1	0	0	-1	0	0	-1	0	0	-1	0	0	0	-1	0	0	0	-1	0	0	0	236	100	1	-1	0	0	-1	0	0	-1	0	0	0
952	お宝箱	27	54	999	1	1	1	6	-1	-1	0	0	-1	0	0	-1	0	0	-1	0	0	0	-1	0	0	0	-1	0	0	0	237	100	1	-1	0	0	-1	0	0	-1	0	0	0
953	お宝箱	27	54	999	1	1	1	6	-1	-1	0	0	-1	0	0	-1	0	0	-1	0	0	0	-1	0	0	0	-1	0	0	0	238	100	1	-1	0	0	-1	0	0	-1	0	0	0
954	お宝箱	27	54	999	1	1	1	6	-1	-1	0	0	-1	0	0	-1	0	0	-1	0	0	0	-1	0	0	0	-1	0	0	0	239	100	1	-1	0	0	-1	0	0	-1	0	0	0
955	お宝箱	27	54	999	1	1	1	6	-1	-1	0	0	-1	0	0	-1	0	0	-1	0	0	0	-1	0	0	0	-1	0	0	0	241	100	1	-1	0	0	-1	0	0	-1	0	0	0
956	お宝箱	27	54	999	1	1	1	6	-1	-1	0	0	-1	0	0	-1	0	0	-1	0	0	0	-1	0	0	0	-1	0	0	0	242	100	1	-1	0	0	-1	0	0	-1	0	0	0
957	お宝箱	27	54	999	1	1	1	6	-1	-1	0	0	-1	0	0	-1	0	0	-1	0	0	0	-1	0	0	0	-1	0	0	0	243	100	1	-1	0	0	-1	0	0	-1	0	0	0
958	お宝箱	27	54	999	1	1	1	6	-1	-1	0	0	-1	0	0	-1	0	0	-1	0	0	0	-1	0	0	0	-1	0	0	0	244	100	1	-1	0	0	-1	0	0	-1	0	0	0
959	お宝箱	27	54	999	1	1	1	6	-1	-1	0	0	-1	0	0	-1	0	0	-1	0	0	0	-1	0	0	0	-1	0	0	0	245	100	1	-1	0	0	-1	0	0	-1	0	0	0
960	お宝箱	27	54	999	1	1	1	6	-1	-1	0	0	-1	0	0	-1	0	0	-1	0	0	0	-1	0	0	0	-1	0	0	0	246	100	1	-1	0	0	-1	0	0	-1	0	0	0
961	お宝箱	27	54	999	1	1	1	6	-1	-1	0	0	-1	0	0	-1	0	0	-1	0	0	0	-1	0	0	0	-1	0	0	0	247	100	1	-1	0	0	-1	0	0	-1	0	0	0
962	お宝箱	27	54	999	1	1	1	6	-1	-1	0	0	-1	0	0	-1	0	0	-1	0	0	0	-1	0	0	0	-1	0	0	0	248	100	1	-1	0	0	-1	0	0	-1	0	0	0
963	お宝箱	27	54	999	1	1	1	6	-1	-1	0	0	-1	0	0	-1	0	0	-1	0	0	0	-1	0	0	0	-1	0	0	0	249	100	1	-1	0	0	-1	0	0	-1	0	0	0
964	お宝箱	27	54	999	1	1	1	6	-1	-1	0	0	-1	0	0	-1	0	0	-1	0	0	0	-1	0	0	0	-1	0	0	0	250	100	1	-1	0	0	-1	0	0	-1	0	0	0
965	お宝箱	27	54	999	1	1	1	6	-1	-1	0	0	-1	0	0	-1	0	0	-1	0	0	0	-1	0	0	0	-1	0	0	0	251	100	1	-1	0	0	-1	0	0	-1	0	0	0
966	お宝箱	27	54	999	1	1	1	6	-1	-1	0	0	-1	0	0	-1	0	0	-1	0	0	0	-1	0	0	0	-1	0	0	0	254	100	1	-1	0	0	-1	0	0	-1	0	0	0
967	お宝箱	27	54	999	1	1	1	6	-1	-1	0	0	-1	0	0	-1	0	0	-1	0	0	0	-1	0	0	0	-1	0	0	0	255	100	1	-1	0	0	-1	0	0	-1	0	0	0
968	お宝箱	27	54	999	1	1	1	6	-1	-1	0	0	-1	0	0	-1	0	0	-1	0	0	0	-1	0	0	0	-1	0	0	0	256	100	1	-1	0	0	-1	0	0	-1	0	0	0
969	お宝箱	27	54	999	1	1	1	6	-1	-1	0	0	-1	0	0	-1	0	0	-1	0	0	0	-1	0	0	0	-1	0	0	0	257	100	1	-1	0	0	-1	0	0	-1	0	0	0
970	お宝箱	27	54	999	1	1	1	6	-1	-1	0	0	-1	0	0	-1	0	0	-1	0	0	0	-1	0	0	0	-1	0	0	0	268	100	1	-1	0	0	-1	0	0	-1	0	0	0
971	お宝箱	27	54	999	1	1	1	6	-1	-1	0	0	-1	0	0	-1	0	0	-1	0	0	0	-1	0	0	0	-1	0	0	0	269	100	1	-1	0	0	-1	0	0	-1	0	0	0
972	お宝箱	27	54	999	1	1	1	6	-1	-1	0	0	-1	0	0	-1	0	0	-1	0	0	0	-1	0	0	0	-1	0	0	0	270	100	1	-1	0	0	-1	0	0	-1	0	0	0
973	お宝箱	27	54	999	1	1	1	6	-1	-1	0	0	-1	0	0	-1	0	0	-1	0	0	0	-1	0	0	0	-1	0	0	0	271	100	1	-1	0	0	-1	0	0	-1	0	0	0
974	お宝箱	27	54	999	1	1	1	6	-1	-1	0	0	-1	0	0	-1	0	0	-1	0	0	0	-1	0	0	0	-1	0	0	0	272	100	1	-1	0	0	-1	0	0	-1	0	0	0
975	お宝箱	27	54	999	1	1	1	6	-1	-1	0	0	-1	0	0	-1	0	0	-1	0	0	0	-1	0	0	0	-1	0	0	0	273	100	1	-1	0	0	-1	0	0	-1	0	0	0
976	お宝箱	27	54	999	1	1	1	6	-1	-1	0	0	-1	0	0	-1	0	0	-1	0	0	0	-1	0	0	0	-1	0	0	0	274	100	1	-1	0	0	-1	0	0	-1	0	0	0
977	お宝箱	27	54	999	1	1	1	6	-1	-1	0	0	-1	0	0	-1	0	0	-1	0	0	0	-1	0	0	0	-1	0	0	0	275	100	1	-1	0	0	-1	0	0	-1	0	0	0
978	お宝箱	27	54	999	1	1	1	6	-1	-1	0	0	-1	0	0	-1	0	0	-1	0	0	0	-1	0	0	0	-1	0	0	0	276	100	1	-1	0	0	-1	0	0	-1	0	0	0
979	お宝箱	27	54	999	1	1	1	6	-1	-1	0	0	-1	0	0	-1	0	0	-1	0	0	0	-1	0	0	0	-1	0	0	0	277	100	1	-1	0	0	-1	0	0	-1	0	0	0
980	お宝箱	27	54	999	1	1	1	6	-1	-1	0	0	-1	0	0	-1	0	0	-1	0	0	0	-1	0	0	0	-1	0	0	0	285	100	1	-1	0	0	-1	0	0	-1	0	0	0
981	お宝箱	27	54	999	1	1	1	6	-1	-1	0	0	-1	0	0	-1	0	0	-1	0	0	0	-1	0	0	0	-1	0	0	0	286	100	1	-1	0	0	-1	0	0	-1	0	0	0
982	お宝箱	27	54	999	1	1	1	6	-1	-1	0	0	-1	0	0	-1	0	0	-1	0	0	0	-1	0	0	0	-1	0	0	0	287	100	1	-1	0	0	-1	0	0	-1	0	0	0
983	お宝箱	27	54	999	1	1	1	6	-1	-1	0	0	-1	0	0	-1	0	0	-1	0	0	0	-1	0	0	0	-1	0	0	0	288	100	1	-1	0	0	-1	0	0	-1	0	0	0
984	お宝箱	27	54	999	1	1	1	6	-1	-1	0	0	-1	0	0	-1	0	0	-1	0	0	0	-1	0	0	0	-1	0	0	0	289	100	1	-1	0	0	-1	0	0	-1	0	0	0
985	お宝箱	27	54	999	1	1	1	6	-1	-1	0	0	-1	0	0	-1	0	0	-1	0	0	0	-1	0	0	0	-1	0	0	0	290	100	1	-1	0	0	-1	0	0	-1	0	0	0
986	お宝箱	27	54	999	1	1	1	6	-1	-1	0	0	-1	0	0	-1	0	0	-1	0	0	0	-1	0	0	0	-1	0	0	0	291	100	1	-1	0	0	-1	0	0	-1	0	0	0
987	お宝箱	27	54	999	1	1	1	6	-1	-1	0	0	-1	0	0	-1	0	0	-1	0	0	0	-1	0	0	0	-1	0	0	0	292	100	1	-1	0	0	-1	0	0	-1	0	0	0
988	お宝箱	27	54	999	1	1	1	6	-1	-1	0	0	-1	0	0	-1	0	0	-1	0	0	0	-1	0	0	0	-1	0	0	0	293	100	1	-1	0	0	-1	0	0	-1	0	0	0
989	お宝箱	27	54	999	1	1	1	6	-1	-1	0	0	-1	0	0	-1	0	0	-1	0	0	0	-1	0	0	0	-1	0	0	0	294	100	1	-1	0	0	-1	0	0	-1	0	0	0
990	お宝箱	27	54	999	1	1	1	6	-1	-1	0	0	-1	0	0	-1	0	0	-1	0	0	0	-1	0	0	0	-1	0	0	0	295	100	1	-1	0	0	-1	0	0	-1	0	0	0
991	お宝箱	27	54	999	1	1	1	6	-1	-1	0	0	-1	0	0	-1	0	0	-1	0	0	0	-1	0	0	0	-1	0	0	0	296	100	1	-1	0	0	-1	0	0	-1	0	0	0
992	お宝箱	27	54	999	1	1	1	6	-1	-1	0	0	-1	0	0	-1	0	0	-1	0	0	0	-1	0	0	0	-1	0	0	0	298	100	1	-1	0	0	-1	0	0	-1	0	0	0
993	お宝箱	27	54	999	1	1	1	6	-1	-1	0	0	-1	0	0	-1	0	0	-1	0	0	0	-1	0	0	0	-1	0	0	0	299	100	1	-1	0	0	-1	0	0	-1	0	0	0
994	お宝箱	27	54	999	1	1	1	6	-1	-1	0	0	-1	0	0	-1	0	0	-1	0	0	0	-1	0	0	0	-1	0	0	0	300	100	1	-1	0	0	-1	0	0	-1	0	0	0
995	お宝箱	27	54	999	1	1	1	6	-1	-1	0	0	-1	0	0	-1	0	0	-1	0	0	0	-1	0	0	0	-1	0	0	0	301	100	1	-1	0	0	-1	0	0	-1	0	0	0
996	お宝箱	27	54	999	1	1	1	6	-1	-1	0	0	-1	0	0	-1	0	0	-1	0	0	0	-1	0	0	0	-1	0	0	0	302	100	1	-1	0	0	-1	0	0	-1	0	0	0
997	お宝箱	27	54	999	1	1	1	6	-1	-1	0	0	-1	0	0	-1	0	0	-1	0	0	0	-1	0	0	0	-1	0	0	0	303	100	1	-1	0	0	-1	0	0	-1	0	0	0
998	お宝箱	27	54	999	1	1	1	6	-1	-1	0	0	-1	0	0	-1	0	0	-1	0	0	0	-1	0	0	0	-1	0	0	0	304	100	1	-1	0	0	-1	0	0	-1	0	0	0
999	お宝箱	27	54	999	1	1	1	6	-1	17	100	1	-1	0	0	-1	0	0	-1	0	0	0	-1	0	0	0	-1	0	0	0	-1	0	0	-1	0	0	-1	0	0	-1	0	0	0
1000	お宝箱	27	54	999	1	1	1	6	-1	18	100	1	-1	0	0	-1	0	0	-1	0	0	0	-1	0	0	0	-1	0	0	0	-1	0	0	-1	0	0	-1	0	0	-1	0	0	0
1001	お宝箱	27	54	999	1	1	1	6	-1	19	100	1	-1	0	0	-1	0	0	-1	0	0	0	-1	0	0	0	-1	0	0	0	-1	0	0	-1	0	0	-1	0	0	-1	0	0	0
1002	お宝箱	27	54	999	1	1	1	6	-1	20	100	1	-1	0	0	-1	0	0	-1	0	0	0	-1	0	0	0	-1	0	0	0	-1	0	0	-1	0	0	-1	0	0	-1	0	0	0
1003	お宝箱	27	54	999	1	1	1	6	-1	21	100	1	-1	0	0	-1	0	0	-1	0	0	0	-1	0	0	0	-1	0	0	0	-1	0	0	-1	0	0	-1	0	0	-1	0	0	0
1004	お宝箱	27	54	999	1	1	1	6	-1	22	100	1	-1	0	0	-1	0	0	-1	0	0	0	-1	0	0	0	-1	0	0	0	-1	0	0	-1	0	0	-1	0	0	-1	0	0	0
1005	お宝箱	27	54	999	1	1	1	6	-1	23	100	1	-1	0	0	-1	0	0	-1	0	0	0	-1	0	0	0	-1	0	0	0	-1	0	0	-1	0	0	-1	0	0	-1	0	0	0
1006	お宝箱	27	54	999	1	1	1	6	-1	24	100	1	-1	0	0	-1	0	0	-1	0	0	0	-1	0	0	0	-1	0	0	0	-1	0	0	-1	0	0	-1	0	0	-1	0	0	0
1007	お宝箱	27	54	999	1	1	1	6	-1	25	100	1	-1	0	0	-1	0	0	-1	0	0	0	-1	0	0	0	-1	0	0	0	-1	0	0	-1	0	0	-1	0	0	-1	0	0	0
1008	お宝箱	27	54	999	1	1	1	6	-1	26	100	1	-1	0	0	-1	0	0	-1	0	0	0	-1	0	0	0	-1	0	0	0	-1	0	0	-1	0	0	-1	0	0	-1	0	0	0
1009	お宝箱	27	54	999	1	1	1	6	-1	27	100	1	-1	0	0	-1	0	0	-1	0	0	0	-1	0	0	0	-1	0	0	0	-1	0	0	-1	0	0	-1	0	0	-1	0	0	0
1010	お宝箱	27	54	999	1	1	1	6	-1	28	100	1	-1	0	0	-1	0	0	-1	0	0	0	-1	0	0	0	-1	0	0	0	-1	0	0	-1	0	0	-1	0	0	-1	0	0	0
1011	お宝箱	27	54	999	1	1	1	6	-1	29	100	1	-1	0	0	-1	0	0	-1	0	0	0	-1	0	0	0	-1	0	0	0	-1	0	0	-1	0	0	-1	0	0	-1	0	0	0
1012	お宝箱	27	54	999	1	1	1	6	-1	30	100	1	-1	0	0	-1	0	0	-1	0	0	0	-1	0	0	0	-1	0	0	0	-1	0	0	-1	0	0	-1	0	0	-1	0	0	0
1013	お宝箱	27	54	999	1	1	1	6	-1	31	100	1	-1	0	0	-1	0	0	-1	0	0	0	-1	0	0	0	-1	0	0	0	-1	0	0	-1	0	0	-1	0	0	-1	0	0	0
1014	お宝箱	27	54	999	1	1	1	6	-1	32	100	1	-1	0	0	-1	0	0	-1	0	0	0	-1	0	0	0	-1	0	0	0	-1	0	0	-1	0	0	-1	0	0	-1	0	0	0
1015	お宝箱	27	54	999	1	1	1	6	-1	33	100	1	-1	0	0	-1	0	0	-1	0	0	0	-1	0	0	0	-1	0	0	0	-1	0	0	-1	0	0	-1	0	0	-1	0	0	0
1016	お宝箱	27	54	999	1	1	1	6	-1	34	100	1	-1	0	0	-1	0	0	-1	0	0	0	-1	0	0	0	-1	0	0	0	-1	0	0	-1	0	0	-1	0	0	-1	0	0	0
1017	お宝箱	27	54	999	1	1	1	6	-1	35	100	1	-1	0	0	-1	0	0	-1	0	0	0	-1	0	0	0	-1	0	0	0	-1	0	0	-1	0	0	-1	0	0	-1	0	0	0
1018	お宝箱	27	54	999	1	1	1	6	-1	36	100	1	-1	0	0	-1	0	0	-1	0	0	0	-1	0	0	0	-1	0	0	0	-1	0	0	-1	0	0	-1	0	0	-1	0	0	0
1019	お宝箱	27	54	999	1	1	1	6	-1	37	100	1	-1	0	0	-1	0	0	-1	0	0	0	-1	0	0	0	-1	0	0	0	-1	0	0	-1	0	0	-1	0	0	-1	0	0	0
1020	お宝箱	27	54	999	1	1	1	6	-1	38	100	1	-1	0	0	-1	0	0	-1	0	0	0	-1	0	0	0	-1	0	0	0	-1	0	0	-1	0	0	-1	0	0	-1	0	0	0
1021	お宝箱	27	54	999	1	1	1	6	-1	39	100	1	-1	0	0	-1	0	0	-1	0	0	0	-1	0	0	0	-1	0	0	0	-1	0	0	-1	0	0	-1	0	0	-1	0	0	0
1022	お宝箱	27	54	999	1	1	1	6	-1	40	100	1	-1	0	0	-1	0	0	-1	0	0	0	-1	0	0	0	-1	0	0	0	-1	0	0	-1	0	0	-1	0	0	-1	0	0	0
1023	お宝箱	27	54	999	1	1	1	6	-1	41	100	1	-1	0	0	-1	0	0	-1	0	0	0	-1	0	0	0	-1	0	0	0	-1	0	0	-1	0	0	-1	0	0	-1	0	0	0
1024	お宝箱	27	54	999	1	1	1	6	-1	42	100	1	-1	0	0	-1	0	0	-1	0	0	0	-1	0	0	0	-1	0	0	0	-1	0	0	-1	0	0	-1	0	0	-1	0	0	0
1025	お宝箱	27	54	999	1	1	1	6	-1	43	100	1	-1	0	0	-1	0	0	-1	0	0	0	-1	0	0	0	-1	0	0	0	-1	0	0	-1	0	0	-1	0	0	-1	0	0	0
1026	お宝箱	27	54	999	1	1	1	6	-1	44	100	1	-1	0	0	-1	0	0	-1	0	0	0	-1	0	0	0	-1	0	0	0	-1	0	0	-1	0	0	-1	0	0	-1	0	0	0
1027	お宝箱	27	54	999	1	1	1	6	-1	45	100	1	-1	0	0	-1	0	0	-1	0	0	0	-1	0	0	0	-1	0	0	0	-1	0	0	-1	0	0	-1	0	0	-1	0	0	0
1028	お宝箱	27	54	999	1	1	1	6	-1	46	100	1	-1	0	0	-1	0	0	-1	0	0	0	-1	0	0	0	-1	0	0	0	-1	0	0	-1	0	0	-1	0	0	-1	0	0	0
1029	お宝箱	27	54	999	1	1	1	6	-1	47	100	1	-1	0	0	-1	0	0	-1	0	0	0	-1	0	0	0	-1	0	0	0	-1	0	0	-1	0	0	-1	0	0	-1	0	0	0
1030	お宝箱	27	54	999	1	1	1	6	-1	48	100	1	-1	0	0	-1	0	0	-1	0	0	0	-1	0	0	0	-1	0	0	0	-1	0	0	-1	0	0	-1	0	0	-1	0	0	0
1031	お宝箱	27	54	999	1	1	1	6	-1	49	100	1	-1	0	0	-1	0	0	-1	0	0	0	-1	0	0	0	-1	0	0	0	-1	0	0	-1	0	0	-1	0	0	-1	0	0	0
1032	お宝箱	27	54	999	1	1	1	6	-1	50	100	1	-1	0	0	-1	0	0	-1	0	0	0	-1	0	0	0	-1	0	0	0	-1	0	0	-1	0	0	-1	0	0	-1	0	0	0
1033	お宝箱	27	54	999	1	1	1	6	-1	51	100	1	-1	0	0	-1	0	0	-1	0	0	0	-1	0	0	0	-1	0	0	0	-1	0	0	-1	0	0	-1	0	0	-1	0	0	0
1034	お宝箱	27	54	999	1	1	1	6	-1	52	100	1	-1	0	0	-1	0	0	-1	0	0	0	-1	0	0	0	-1	0	0	0	-1	0	0	-1	0	0	-1	0	0	-1	0	0	0
1035	お宝箱	27	54	999	1	1	1	6	-1	53	100	1	-1	0	0	-1	0	0	-1	0	0	0	-1	0	0	0	-1	0	0	0	-1	0	0	-1	0	0	-1	0	0	-1	0	0	0
1036	お宝箱	27	54	999	1	1	1	6	-1	54	100	1	-1	0	0	-1	0	0	-1	0	0	0	-1	0	0	0	-1	0	0	0	-1	0	0	-1	0	0	-1	0	0	-1	0	0	0
1037	お宝箱	27	54	999	1	1	1	6	-1	55	100	1	-1	0	0	-1	0	0	-1	0	0	0	-1	0	0	0	-1	0	0	0	-1	0	0	-1	0	0	-1	0	0	-1	0	0	0
1038	お宝箱	27	54	999	1	1	1	6	-1	56	100	1	-1	0	0	-1	0	0	-1	0	0	0	-1	0	0	0	-1	0	0	0	-1	0	0	-1	0	0	-1	0	0	-1	0	0	0
1039	お宝箱	27	54	999	1	1	1	6	-1	57	100	1	-1	0	0	-1	0	0	-1	0	0	0	-1	0	0	0	-1	0	0	0	-1	0	0	-1	0	0	-1	0	0	-1	0	0	0
1040	お宝箱	27	54	999	1	1	1	6	-1	58	100	1	-1	0	0	-1	0	0	-1	0	0	0	-1	0	0	0	-1	0	0	0	-1	0	0	-1	0	0	-1	0	0	-1	0	0	0
1041	お宝箱	27	54	999	1	1	1	6	-1	59	100	1	-1	0	0	-1	0	0	-1	0	0	0	-1	0	0	0	-1	0	0	0	-1	0	0	-1	0	0	-1	0	0	-1	0	0	0
1042	お宝箱	27	54	999	1	1	1	6	-1	60	100	1	-1	0	0	-1	0	0	-1	0	0	0	-1	0	0	0	-1	0	0	0	-1	0	0	-1	0	0	-1	0	0	-1	0	0	0
1043	お宝箱	27	54	999	1	1	1	6	-1	61	100	1	-1	0	0	-1	0	0	-1	0	0	0	-1	0	0	0	-1	0	0	0	-1	0	0	-1	0	0	-1	0	0	-1	0	0	0
1044	お宝箱	27	54	999	1	1	1	6	-1	62	100	1	-1	0	0	-1	0	0	-1	0	0	0	-1	0	0	0	-1	0	0	0	-1	0	0	-1	0	0	-1	0	0	-1	0	0	0
1045	お宝箱	27	54	999	1	1	1	6	-1	63	100	1	-1	0	0	-1	0	0	-1	0	0	0	-1	0	0	0	-1	0	0	0	-1	0	0	-1	0	0	-1	0	0	-1	0	0	0
1046	お宝箱	27	54	999	1	1	1	6	-1	64	100	1	-1	0	0	-1	0	0	-1	0	0	0	-1	0	0	0	-1	0	0	0	-1	0	0	-1	0	0	-1	0	0	-1	0	0	0
1047	お宝箱	27	54	999	1	1	1	6	-1	65	100	1	-1	0	0	-1	0	0	-1	0	0	0	-1	0	0	0	-1	0	0	0	-1	0	0	-1	0	0	-1	0	0	-1	0	0	0
1048	お宝箱	27	54	999	1	1	1	6	-1	66	100	1	-1	0	0	-1	0	0	-1	0	0	0	-1	0	0	0	-1	0	0	0	-1	0	0	-1	0	0	-1	0	0	-1	0	0	0
1049	お宝箱	27	54	999	1	1	1	6	-1	67	100	1	-1	0	0	-1	0	0	-1	0	0	0	-1	0	0	0	-1	0	0	0	-1	0	0	-1	0	0	-1	0	0	-1	0	0	0
1050	お宝箱	27	54	999	1	1	1	6	-1	68	100	1	-1	0	0	-1	0	0	-1	0	0	0	-1	0	0	0	-1	0	0	0	-1	0	0	-1	0	0	-1	0	0	-1	0	0	0
1051	お宝箱	27	54	999	1	1	1	6	-1	69	100	1	-1	0	0	-1	0	0	-1	0	0	0	-1	0	0	0	-1	0	0	0	-1	0	0	-1	0	0	-1	0	0	-1	0	0	0
1052	お宝箱	27	54	999	1	1	1	6	-1	70	100	1	-1	0	0	-1	0	0	-1	0	0	0	-1	0	0	0	-1	0	0	0	-1	0	0	-1	0	0	-1	0	0	-1	0	0	0
1053	お宝箱	27	54	999	1	1	1	6	-1	71	100	1	-1	0	0	-1	0	0	-1	0	0	0	-1	0	0	0	-1	0	0	0	-1	0	0	-1	0	0	-1	0	0	-1	0	0	0
1054	お宝箱	27	54	999	1	1	1	6	-1	72	100	1	-1	0	0	-1	0	0	-1	0	0	0	-1	0	0	0	-1	0	0	0	-1	0	0	-1	0	0	-1	0	0	-1	0	0	0
1055	お宝箱	27	54	999	1	1	1	6	-1	73	100	1	-1	0	0	-1	0	0	-1	0	0	0	-1	0	0	0	-1	0	0	0	-1	0	0	-1	0	0	-1	0	0	-1	0	0	0
1056	お宝箱	27	54	999	1	1	1	6	-1	74	100	1	-1	0	0	-1	0	0	-1	0	0	0	-1	0	0	0	-1	0	0	0	-1	0	0	-1	0	0	-1	0	0	-1	0	0	0
1057	お宝箱	27	54	999	1	1	1	6	-1	75	100	1	-1	0	0	-1	0	0	-1	0	0	0	-1	0	0	0	-1	0	0	0	-1	0	0	-1	0	0	-1	0	0	-1	0	0	0
1058	お宝箱	27	54	999	1	1	1	6	-1	76	100	1	-1	0	0	-1	0	0	-1	0	0	0	-1	0	0	0	-1	0	0	0	-1	0	0	-1	0	0	-1	0	0	-1	0	0	0
1059	お宝箱	27	54	999	1	1	1	6	-1	77	100	1	-1	0	0	-1	0	0	-1	0	0	0	-1	0	0	0	-1	0	0	0	-1	0	0	-1	0	0	-1	0	0	-1	0	0	0
1060	お宝箱	27	54	999	1	1	1	6	-1	78	100	1	-1	0	0	-1	0	0	-1	0	0	0	-1	0	0	0	-1	0	0	0	-1	0	0	-1	0	0	-1	0	0	-1	0	0	0
1061	お宝箱	27	54	999	1	1	1	6	-1	79	100	1	-1	0	0	-1	0	0	-1	0	0	0	-1	0	0	0	-1	0	0	0	-1	0	0	-1	0	0	-1	0	0	-1	0	0	0
1062	お宝箱	27	54	999	1	1	1	6	-1	80	100	1	-1	0	0	-1	0	0	-1	0	0	0	-1	0	0	0	-1	0	0	0	-1	0	0	-1	0	0	-1	0	0	-1	0	0	0
1063	お宝箱	27	54	999	1	1	1	6	-1	81	100	1	-1	0	0	-1	0	0	-1	0	0	0	-1	0	0	0	-1	0	0	0	-1	0	0	-1	0	0	-1	0	0	-1	0	0	0
1064	お宝箱	27	54	999	1	1	1	6	-1	82	100	1	-1	0	0	-1	0	0	-1	0	0	0	-1	0	0	0	-1	0	0	0	-1	0	0	-1	0	0	-1	0	0	-1	0	0	0
1065	お宝箱	27	54	999	1	1	1	6	-1	83	100	1	-1	0	0	-1	0	0	-1	0	0	0	-1	0	0	0	-1	0	0	0	-1	0	0	-1	0	0	-1	0	0	-1	0	0	0
1066	お宝箱	27	54	999	1	1	1	6	-1	84	100	1	-1	0	0	-1	0	0	-1	0	0	0	-1	0	0	0	-1	0	0	0	-1	0	0	-1	0	0	-1	0	0	-1	0	0	0
1067	お宝箱	27	54	999	1	1	1	6	-1	85	100	1	-1	0	0	-1	0	0	-1	0	0	0	-1	0	0	0	-1	0	0	0	-1	0	0	-1	0	0	-1	0	0	-1	0	0	0
1068	お宝箱	27	54	999	1	1	1	6	-1	86	100	1	-1	0	0	-1	0	0	-1	0	0	0	-1	0	0	0	-1	0	0	0	-1	0	0	-1	0	0	-1	0	0	-1	0	0	0
1069	お宝箱	27	54	999	1	1	1	6	-1	87	100	1	-1	0	0	-1	0	0	-1	0	0	0	-1	0	0	0	-1	0	0	0	-1	0	0	-1	0	0	-1	0	0	-1	0	0	0
1070	お宝箱	27	54	999	1	1	1	6	-1	88	100	1	-1	0	0	-1	0	0	-1	0	0	0	-1	0	0	0	-1	0	0	0	-1	0	0	-1	0	0	-1	0	0	-1	0	0	0
1071	お宝箱	27	54	999	1	1	1	6	-1	89	100	1	-1	0	0	-1	0	0	-1	0	0	0	-1	0	0	0	-1	0	0	0	-1	0	0	-1	0	0	-1	0	0	-1	0	0	0
1072	お宝箱	27	54	999	1	1	1	6	-1	90	100	1	-1	0	0	-1	0	0	-1	0	0	0	-1	0	0	0	-1	0	0	0	-1	0	0	-1	0	0	-1	0	0	-1	0	0	0
1073	お宝箱	27	54	999	1	1	1	6	-1	91	100	1	-1	0	0	-1	0	0	-1	0	0	0	-1	0	0	0	-1	0	0	0	-1	0	0	-1	0	0	-1	0	0	-1	0	0	0
1074	お宝箱	27	54	999	1	1	1	6	-1	92	100	1	-1	0	0	-1	0	0	-1	0	0	0	-1	0	0	0	-1	0	0	0	-1	0	0	-1	0	0	-1	0	0	-1	0	0	0
1075	お宝箱	27	54	999	1	1	1	6	-1	93	100	1	-1	0	0	-1	0	0	-1	0	0	0	-1	0	0	0	-1	0	0	0	-1	0	0	-1	0	0	-1	0	0	-1	0	0	0
1076	お宝箱	27	54	999	1	1	1	6	-1	94	100	1	-1	0	0	-1	0	0	-1	0	0	0	-1	0	0	0	-1	0	0	0	-1	0	0	-1	0	0	-1	0	0	-1	0	0	0
1077	お宝箱	27	54	999	1	1	1	6	-1	95	100	1	-1	0	0	-1	0	0	-1	0	0	0	-1	0	0	0	-1	0	0	0	-1	0	0	-1	0	0	-1	0	0	-1	0	0	0
1078	お宝箱	27	54	999	1	1	1	6	-1	96	100	1	-1	0	0	-1	0	0	-1	0	0	0	-1	0	0	0	-1	0	0	0	-1	0	0	-1	0	0	-1	0	0	-1	0	0	0
1079	お宝箱	27	54	999	1	1	1	6	-1	97	100	1	-1	0	0	-1	0	0	-1	0	0	0	-1	0	0	0	-1	0	0	0	-1	0	0	-1	0	0	-1	0	0	-1	0	0	0
1080	お宝箱	27	54	999	1	1	1	6	-1	98	100	1	-1	0	0	-1	0	0	-1	0	0	0	-1	0	0	0	-1	0	0	0	-1	0	0	-1	0	0	-1	0	0	-1	0	0	0
1081	お宝箱	27	54	999	1	1	1	6	-1	99	100	1	-1	0	0	-1	0	0	-1	0	0	0	-1	0	0	0	-1	0	0	0	-1	0	0	-1	0	0	-1	0	0	-1	0	0	0
1082	お宝箱	27	54	999	1	1	1	6	-1	100	100	1	-1	0	0	-1	0	0	-1	0	0	0	-1	0	0	0	-1	0	0	0	-1	0	0	-1	0	0	-1	0	0	-1	0	0	0
1083	お宝箱	27	54	999	1	1	1	6	-1	101	100	1	-1	0	0	-1	0	0	-1	0	0	0	-1	0	0	0	-1	0	0	0	-1	0	0	-1	0	0	-1	0	0	-1	0	0	0
1084	お宝箱	27	54	999	1	1	1	6	-1	102	100	1	-1	0	0	-1	0	0	-1	0	0	0	-1	0	0	0	-1	0	0	0	-1	0	0	-1	0	0	-1	0	0	-1	0	0	0
1085	お宝箱	27	54	999	1	1	1	6	-1	103	100	1	-1	0	0	-1	0	0	-1	0	0	0	-1	0	0	0	-1	0	0	0	-1	0	0	-1	0	0	-1	0	0	-1	0	0	0
1086	お宝箱	27	54	999	1	1	1	6	-1	104	100	1	-1	0	0	-1	0	0	-1	0	0	0	-1	0	0	0	-1	0	0	0	-1	0	0	-1	0	0	-1	0	0	-1	0	0	0
1087	お宝箱	27	54	999	1	1	1	6	-1	105	100	1	-1	0	0	-1	0	0	-1	0	0	0	-1	0	0	0	-1	0	0	0	-1	0	0	-1	0	0	-1	0	0	-1	0	0	0
1088	お宝箱	27	54	999	1	1	1	6	-1	106	100	1	-1	0	0	-1	0	0	-1	0	0	0	-1	0	0	0	-1	0	0	0	-1	0	0	-1	0	0	-1	0	0	-1	0	0	0
1089	お宝箱	27	54	999	1	1	1	6	-1	107	100	1	-1	0	0	-1	0	0	-1	0	0	0	-1	0	0	0	-1	0	0	0	-1	0	0	-1	0	0	-1	0	0	-1	0	0	0
1090	お宝箱	27	54	999	1	1	1	6	-1	108	100	1	-1	0	0	-1	0	0	-1	0	0	0	-1	0	0	0	-1	0	0	0	-1	0	0	-1	0	0	-1	0	0	-1	0	0	0
1091	お宝箱	27	54	999	1	1	1	6	-1	109	100	1	-1	0	0	-1	0	0	-1	0	0	0	-1	0	0	0	-1	0	0	0	-1	0	0	-1	0	0	-1	0	0	-1	0	0	0
1092	お宝箱	27	54	999	1	1	1	6	-1	110	100	1	-1	0	0	-1	0	0	-1	0	0	0	-1	0	0	0	-1	0	0	0	-1	0	0	-1	0	0	-1	0	0	-1	0	0	0
1093	お宝箱	27	54	999	1	1	1	6	-1	111	100	1	-1	0	0	-1	0	0	-1	0	0	0	-1	0	0	0	-1	0	0	0	-1	0	0	-1	0	0	-1	0	0	-1	0	0	0
1094	お宝箱	27	54	999	1	1	1	6	-1	112	100	1	-1	0	0	-1	0	0	-1	0	0	0	-1	0	0	0	-1	0	0	0	-1	0	0	-1	0	0	-1	0	0	-1	0	0	0
1095	お宝箱	27	54	999	1	1	1	6	-1	113	100	1	-1	0	0	-1	0	0	-1	0	0	0	-1	0	0	0	-1	0	0	0	-1	0	0	-1	0	0	-1	0	0	-1	0	0	0
1096	お宝箱	27	54	999	1	1	1	6	-1	114	100	1	-1	0	0	-1	0	0	-1	0	0	0	-1	0	0	0	-1	0	0	0	-1	0	0	-1	0	0	-1	0	0	-1	0	0	0
1097	お宝箱	27	54	999	1	1	1	6	-1	115	100	1	-1	0	0	-1	0	0	-1	0	0	0	-1	0	0	0	-1	0	0	0	-1	0	0	-1	0	0	-1	0	0	-1	0	0	0
1098	お宝箱	27	54	999	1	1	1	6	-1	116	100	1	-1	0	0	-1	0	0	-1	0	0	0	-1	0	0	0	-1	0	0	0	-1	0	0	-1	0	0	-1	0	0	-1	0	0	0
1099	お宝箱	27	54	999	1	1	1	6	-1	117	100	1	-1	0	0	-1	0	0	-1	0	0	0	-1	0	0	0	-1	0	0	0	-1	0	0	-1	0	0	-1	0	0	-1	0	0	0
1100	お宝箱	27	54	999	1	1	1	6	-1	118	100	1	-1	0	0	-1	0	0	-1	0	0	0	-1	0	0	0	-1	0	0	0	-1	0	0	-1	0	0	-1	0	0	-1	0	0	0
1101	お宝箱	27	54	999	1	1	1	6	-1	119	100	1	-1	0	0	-1	0	0	-1	0	0	0	-1	0	0	0	-1	0	0	0	-1	0	0	-1	0	0	-1	0	0	-1	0	0	0
1102	お宝箱	27	54	999	1	1	1	6	-1	120	100	1	-1	0	0	-1	0	0	-1	0	0	0	-1	0	0	0	-1	0	0	0	-1	0	0	-1	0	0	-1	0	0	-1	0	0	0
1103	お宝箱	27	54	999	1	1	1	6	-1	121	100	1	-1	0	0	-1	0	0	-1	0	0	0	-1	0	0	0	-1	0	0	0	-1	0	0	-1	0	0	-1	0	0	-1	0	0	0
1104	お宝箱	27	54	999	1	1	1	6	-1	122	100	1	-1	0	0	-1	0	0	-1	0	0	0	-1	0	0	0	-1	0	0	0	-1	0	0	-1	0	0	-1	0	0	-1	0	0	0
1105	お宝箱	27	54	999	1	1	1	6	-1	123	100	1	-1	0	0	-1	0	0	-1	0	0	0	-1	0	0	0	-1	0	0	0	-1	0	0	-1	0	0	-1	0	0	-1	0	0	0
1106	お宝箱	27	54	999	1	1	1	6	-1	124	100	1	-1	0	0	-1	0	0	-1	0	0	0	-1	0	0	0	-1	0	0	0	-1	0	0	-1	0	0	-1	0	0	-1	0	0	0
1107	お宝箱	27	54	999	1	1	1	6	-1	125	100	1	-1	0	0	-1	0	0	-1	0	0	0	-1	0	0	0	-1	0	0	0	-1	0	0	-1	0	0	-1	0	0	-1	0	0	0
1108	お宝箱	27	54	999	1	1	1	6	-1	126	100	1	-1	0	0	-1	0	0	-1	0	0	0	-1	0	0	0	-1	0	0	0	-1	0	0	-1	0	0	-1	0	0	-1	0	0	0
1109	お宝箱	27	54	999	1	1	1	6	-1	127	100	1	-1	0	0	-1	0	0	-1	0	0	0	-1	0	0	0	-1	0	0	0	-1	0	0	-1	0	0	-1	0	0	-1	0	0	0
1110	お宝箱	27	54	999	1	1	1	6	-1	128	100	1	-1	0	0	-1	0	0	-1	0	0	0	-1	0	0	0	-1	0	0	0	-1	0	0	-1	0	0	-1	0	0	-1	0	0	0
1111	お宝箱	27	54	999	1	1	1	6	-1	129	100	1	-1	0	0	-1	0	0	-1	0	0	0	-1	0	0	0	-1	0	0	0	-1	0	0	-1	0	0	-1	0	0	-1	0	0	0
1112	お宝箱	27	54	999	1	1	1	6	-1	130	100	1	-1	0	0	-1	0	0	-1	0	0	0	-1	0	0	0	-1	0	0	0	-1	0	0	-1	0	0	-1	0	0	-1	0	0	0
1113	お宝箱	27	54	999	1	1	1	6	-1	131	100	1	-1	0	0	-1	0	0	-1	0	0	0	-1	0	0	0	-1	0	0	0	-1	0	0	-1	0	0	-1	0	0	-1	0	0	0
1114	お宝箱	27	54	999	1	1	1	6	-1	132	100	1	-1	0	0	-1	0	0	-1	0	0	0	-1	0	0	0	-1	0	0	0	-1	0	0	-1	0	0	-1	0	0	-1	0	0	0
1115	お宝箱	27	54	999	1	1	1	6	-1	133	100	1	-1	0	0	-1	0	0	-1	0	0	0	-1	0	0	0	-1	0	0	0	-1	0	0	-1	0	0	-1	0	0	-1	0	0	0
1116	お宝箱	27	54	999	1	1	1	6	-1	134	100	1	-1	0	0	-1	0	0	-1	0	0	0	-1	0	0	0	-1	0	0	0	-1	0	0	-1	0	0	-1	0	0	-1	0	0	0
1117	お宝箱	27	54	999	1	1	1	6	-1	135	100	1	-1	0	0	-1	0	0	-1	0	0	0	-1	0	0	0	-1	0	0	0	-1	0	0	-1	0	0	-1	0	0	-1	0	0	0
1118	お宝箱	27	54	999	1	1	1	6	-1	136	100	1	-1	0	0	-1	0	0	-1	0	0	0	-1	0	0	0	-1	0	0	0	-1	0	0	-1	0	0	-1	0	0	-1	0	0	0
1119	お宝箱	27	54	999	1	1	1	6	-1	137	100	1	-1	0	0	-1	0	0	-1	0	0	0	-1	0	0	0	-1	0	0	0	-1	0	0	-1	0	0	-1	0	0	-1	0	0	0
1120	お宝箱	27	54	999	1	1	1	6	-1	138	100	1	-1	0	0	-1	0	0	-1	0	0	0	-1	0	0	0	-1	0	0	0	-1	0	0	-1	0	0	-1	0	0	-1	0	0	0
1121	お宝箱	27	54	999	1	1	1	6	-1	139	100	1	-1	0	0	-1	0	0	-1	0	0	0	-1	0	0	0	-1	0	0	0	-1	0	0	-1	0	0	-1	0	0	-1	0	0	0
1122	お宝箱	27	54	999	1	1	1	6	-1	140	100	1	-1	0	0	-1	0	0	-1	0	0	0	-1	0	0	0	-1	0	0	0	-1	0	0	-1	0	0	-1	0	0	-1	0	0	0
1123	お宝箱	27	54	999	1	1	1	6	-1	141	100	1	-1	0	0	-1	0	0	-1	0	0	0	-1	0	0	0	-1	0	0	0	-1	0	0	-1	0	0	-1	0	0	-1	0	0	0
1124	お宝箱	27	54	999	1	1	1	6	-1	142	100	1	-1	0	0	-1	0	0	-1	0	0	0	-1	0	0	0	-1	0	0	0	-1	0	0	-1	0	0	-1	0	0	-1	0	0	0
1125	お宝箱	27	54	999	1	1	1	6	-1	143	100	1	-1	0	0	-1	0	0	-1	0	0	0	-1	0	0	0	-1	0	0	0	-1	0	0	-1	0	0	-1	0	0	-1	0	0	0
1126	お宝箱	27	54	999	1	1	1	6	-1	144	100	1	-1	0	0	-1	0	0	-1	0	0	0	-1	0	0	0	-1	0	0	0	-1	0	0	-1	0	0	-1	0	0	-1	0	0	0
1127	お宝箱	27	54	999	1	1	1	6	-1	145	100	1	-1	0	0	-1	0	0	-1	0	0	0	-1	0	0	0	-1	0	0	0	-1	0	0	-1	0	0	-1	0	0	-1	0	0	0
1128	お宝箱	27	54	999	1	1	1	6	-1	146	100	1	-1	0	0	-1	0	0	-1	0	0	0	-1	0	0	0	-1	0	0	0	-1	0	0	-1	0	0	-1	0	0	-1	0	0	0
1129	お宝箱	27	54	999	1	1	1	6	-1	147	100	1	-1	0	0	-1	0	0	-1	0	0	0	-1	0	0	0	-1	0	0	0	-1	0	0	-1	0	0	-1	0	0	-1	0	0	0
1130	お宝箱	27	54	999	1	1	1	6	-1	148	100	1	-1	0	0	-1	0	0	-1	0	0	0	-1	0	0	0	-1	0	0	0	-1	0	0	-1	0	0	-1	0	0	-1	0	0	0
1131	お宝箱	27	54	999	1	1	1	6	-1	149	100	1	-1	0	0	-1	0	0	-1	0	0	0	-1	0	0	0	-1	0	0	0	-1	0	0	-1	0	0	-1	0	0	-1	0	0	0
1132	お宝箱	27	54	999	1	1	1	6	-1	150	100	1	-1	0	0	-1	0	0	-1	0	0	0	-1	0	0	0	-1	0	0	0	-1	0	0	-1	0	0	-1	0	0	-1	0	0	0
1133	お宝箱	27	54	999	1	1	1	6	-1	151	100	1	-1	0	0	-1	0	0	-1	0	0	0	-1	0	0	0	-1	0	0	0	-1	0	0	-1	0	0	-1	0	0	-1	0	0	0
1134	お宝箱	27	54	999	1	1	1	6	-1	152	100	1	-1	0	0	-1	0	0	-1	0	0	0	-1	0	0	0	-1	0	0	0	-1	0	0	-1	0	0	-1	0	0	-1	0	0	0
1135	お宝箱	27	54	999	1	1	1	6	-1	153	100	1	-1	0	0	-1	0	0	-1	0	0	0	-1	0	0	0	-1	0	0	0	-1	0	0	-1	0	0	-1	0	0	-1	0	0	0
1136	お宝箱	27	54	999	1	1	1	6	-1	154	100	1	-1	0	0	-1	0	0	-1	0	0	0	-1	0	0	0	-1	0	0	0	-1	0	0	-1	0	0	-1	0	0	-1	0	0	0
1137	お宝箱	27	54	999	1	1	1	6	-1	155	100	1	-1	0	0	-1	0	0	-1	0	0	0	-1	0	0	0	-1	0	0	0	-1	0	0	-1	0	0	-1	0	0	-1	0	0	0
1138	お宝箱	27	54	999	1	1	1	6	-1	156	100	1	-1	0	0	-1	0	0	-1	0	0	0	-1	0	0	0	-1	0	0	0	-1	0	0	-1	0	0	-1	0	0	-1	0	0	0
1139	お宝箱	27	54	999	1	1	1	6	-1	157	100	1	-1	0	0	-1	0	0	-1	0	0	0	-1	0	0	0	-1	0	0	0	-1	0	0	-1	0	0	-1	0	0	-1	0	0	0
1140	お宝箱	27	54	999	1	1	1	6	-1	158	100	1	-1	0	0	-1	0	0	-1	0	0	0	-1	0	0	0	-1	0	0	0	-1	0	0	-1	0	0	-1	0	0	-1	0	0	0
1141	お宝箱	27	54	999	1	1	1	6	-1	159	100	1	-1	0	0	-1	0	0	-1	0	0	0	-1	0	0	0	-1	0	0	0	-1	0	0	-1	0	0	-1	0	0	-1	0	0	0
1142	お宝箱	27	54	999	1	1	1	6	-1	160	100	1	-1	0	0	-1	0	0	-1	0	0	0	-1	0	0	0	-1	0	0	0	-1	0	0	-1	0	0	-1	0	0	-1	0	0	0
1143	お宝箱	27	54	999	1	1	1	6	-1	161	100	1	-1	0	0	-1	0	0	-1	0	0	0	-1	0	0	0	-1	0	0	0	-1	0	0	-1	0	0	-1	0	0	-1	0	0	0
1144	お宝箱	27	54	999	1	1	1	6	-1	162	100	1	-1	0	0	-1	0	0	-1	0	0	0	-1	0	0	0	-1	0	0	0	-1	0	0	-1	0	0	-1	0	0	-1	0	0	0
1145	お宝箱	27	54	999	1	1	1	6	-1	163	100	1	-1	0	0	-1	0	0	-1	0	0	0	-1	0	0	0	-1	0	0	0	-1	0	0	-1	0	0	-1	0	0	-1	0	0	0
1146	お宝箱	27	54	999	1	1	1	6	-1	164	100	1	-1	0	0	-1	0	0	-1	0	0	0	-1	0	0	0	-1	0	0	0	-1	0	0	-1	0	0	-1	0	0	-1	0	0	0
1147	お宝箱	27	54	999	1	1	1	6	-1	165	100	1	-1	0	0	-1	0	0	-1	0	0	0	-1	0	0	0	-1	0	0	0	-1	0	0	-1	0	0	-1	0	0	-1	0	0	0
1148	お宝箱	27	54	999	1	1	1	6	-1	166	100	1	-1	0	0	-1	0	0	-1	0	0	0	-1	0	0	0	-1	0	0	0	-1	0	0	-1	0	0	-1	0	0	-1	0	0	0
1149	お宝箱	27	54	999	1	1	1	6	-1	167	100	1	-1	0	0	-1	0	0	-1	0	0	0	-1	0	0	0	-1	0	0	0	-1	0	0	-1	0	0	-1	0	0	-1	0	0	0
1150	お宝箱	27	54	999	1	1	1	6	-1	168	100	1	-1	0	0	-1	0	0	-1	0	0	0	-1	0	0	0	-1	0	0	0	-1	0	0	-1	0	0	-1	0	0	-1	0	0	0
1151	お宝箱	27	54	999	1	1	1	6	-1	169	100	1	-1	0	0	-1	0	0	-1	0	0	0	-1	0	0	0	-1	0	0	0	-1	0	0	-1	0	0	-1	0	0	-1	0	0	0
1152	お宝箱	27	54	999	1	1	1	6	-1	170	100	1	-1	0	0	-1	0	0	-1	0	0	0	-1	0	0	0	-1	0	0	0	-1	0	0	-1	0	0	-1	0	0	-1	0	0	0
1153	お宝箱	27	54	999	1	1	1	6	-1	171	100	1	-1	0	0	-1	0	0	-1	0	0	0	-1	0	0	0	-1	0	0	0	-1	0	0	-1	0	0	-1	0	0	-1	0	0	0
1154	お宝箱	27	54	999	1	1	1	6	-1	172	100	1	-1	0	0	-1	0	0	-1	0	0	0	-1	0	0	0	-1	0	0	0	-1	0	0	-1	0	0	-1	0	0	-1	0	0	0
1155	お宝箱	27	54	999	1	1	1	6	-1	173	100	1	-1	0	0	-1	0	0	-1	0	0	0	-1	0	0	0	-1	0	0	0	-1	0	0	-1	0	0	-1	0	0	-1	0	0	0
1156	お宝箱	27	54	999	1	1	1	6	-1	174	100	1	-1	0	0	-1	0	0	-1	0	0	0	-1	0	0	0	-1	0	0	0	-1	0	0	-1	0	0	-1	0	0	-1	0	0	0
1157	お宝箱	27	54	999	1	1	1	6	-1	175	100	1	-1	0	0	-1	0	0	-1	0	0	0	-1	0	0	0	-1	0	0	0	-1	0	0	-1	0	0	-1	0	0	-1	0	0	0
1158	お宝箱	27	54	999	1	1	1	6	-1	176	100	1	-1	0	0	-1	0	0	-1	0	0	0	-1	0	0	0	-1	0	0	0	-1	0	0	-1	0	0	-1	0	0	-1	0	0	0
1159	お宝箱	27	54	999	1	1	1	6	-1	177	100	1	-1	0	0	-1	0	0	-1	0	0	0	-1	0	0	0	-1	0	0	0	-1	0	0	-1	0	0	-1	0	0	-1	0	0	0
1160	お宝箱	27	54	999	1	1	1	6	-1	178	100	1	-1	0	0	-1	0	0	-1	0	0	0	-1	0	0	0	-1	0	0	0	-1	0	0	-1	0	0	-1	0	0	-1	0	0	0
1161	お宝箱	27	54	999	1	1	1	6	-1	179	100	1	-1	0	0	-1	0	0	-1	0	0	0	-1	0	0	0	-1	0	0	0	-1	0	0	-1	0	0	-1	0	0	-1	0	0	0
1162	お宝箱	27	54	999	1	1	1	6	-1	180	100	1	-1	0	0	-1	0	0	-1	0	0	0	-1	0	0	0	-1	0	0	0	-1	0	0	-1	0	0	-1	0	0	-1	0	0	0
1163	お宝箱	27	54	999	1	1	1	6	-1	181	100	1	-1	0	0	-1	0	0	-1	0	0	0	-1	0	0	0	-1	0	0	0	-1	0	0	-1	0	0	-1	0	0	-1	0	0	0
1164	お宝箱	27	54	999	1	1	1	6	-1	182	100	1	-1	0	0	-1	0	0	-1	0	0	0	-1	0	0	0	-1	0	0	0	-1	0	0	-1	0	0	-1	0	0	-1	0	0	0
1165	お宝箱	27	54	999	1	1	1	6	-1	183	100	1	-1	0	0	-1	0	0	-1	0	0	0	-1	0	0	0	-1	0	0	0	-1	0	0	-1	0	0	-1	0	0	-1	0	0	0
1166	お宝箱	27	54	999	1	1	1	6	-1	184	100	1	-1	0	0	-1	0	0	-1	0	0	0	-1	0	0	0	-1	0	0	0	-1	0	0	-1	0	0	-1	0	0	-1	0	0	0
1167	お宝箱	27	54	999	1	1	1	6	-1	185	100	1	-1	0	0	-1	0	0	-1	0	0	0	-1	0	0	0	-1	0	0	0	-1	0	0	-1	0	0	-1	0	0	-1	0	0	0
1168	お宝箱	27	54	999	1	1	1	6	-1	186	100	1	-1	0	0	-1	0	0	-1	0	0	0	-1	0	0	0	-1	0	0	0	-1	0	0	-1	0	0	-1	0	0	-1	0	0	0
1169	お宝箱	27	54	999	1	1	1	6	-1	187	100	1	-1	0	0	-1	0	0	-1	0	0	0	-1	0	0	0	-1	0	0	0	-1	0	0	-1	0	0	-1	0	0	-1	0	0	0
1170	お宝箱	27	54	999	1	1	1	6	-1	188	100	1	-1	0	0	-1	0	0	-1	0	0	0	-1	0	0	0	-1	0	0	0	-1	0	0	-1	0	0	-1	0	0	-1	0	0	0
1171	お宝箱	27	54	999	1	1	1	6	-1	189	100	1	-1	0	0	-1	0	0	-1	0	0	0	-1	0	0	0	-1	0	0	0	-1	0	0	-1	0	0	-1	0	0	-1	0	0	0
1172	お宝箱	27	54	999	1	1	1	6	-1	190	100	1	-1	0	0	-1	0	0	-1	0	0	0	-1	0	0	0	-1	0	0	0	-1	0	0	-1	0	0	-1	0	0	-1	0	0	0
1173	お宝箱	27	54	999	1	1	1	6	-1	191	100	1	-1	0	0	-1	0	0	-1	0	0	0	-1	0	0	0	-1	0	0	0	-1	0	0	-1	0	0	-1	0	0	-1	0	0	0
1174	お宝箱	27	54	999	1	1	1	6	-1	192	100	1	-1	0	0	-1	0	0	-1	0	0	0	-1	0	0	0	-1	0	0	0	-1	0	0	-1	0	0	-1	0	0	-1	0	0	0
1175	お宝箱	27	54	999	1	1	1	6	-1	193	100	1	-1	0	0	-1	0	0	-1	0	0	0	-1	0	0	0	-1	0	0	0	-1	0	0	-1	0	0	-1	0	0	-1	0	0	0
1176	お宝箱	27	54	999	1	1	1	6	-1	194	100	1	-1	0	0	-1	0	0	-1	0	0	0	-1	0	0	0	-1	0	0	0	-1	0	0	-1	0	0	-1	0	0	-1	0	0	0
1177	お宝箱	27	54	999	1	1	1	6	-1	195	100	1	-1	0	0	-1	0	0	-1	0	0	0	-1	0	0	0	-1	0	0	0	-1	0	0	-1	0	0	-1	0	0	-1	0	0	0
1178	お宝箱	27	54	999	1	1	1	6	-1	196	100	1	-1	0	0	-1	0	0	-1	0	0	0	-1	0	0	0	-1	0	0	0	-1	0	0	-1	0	0	-1	0	0	-1	0	0	0
1179	お宝箱	27	54	999	1	1	1	6	-1	197	100	1	-1	0	0	-1	0	0	-1	0	0	0	-1	0	0	0	-1	0	0	0	-1	0	0	-1	0	0	-1	0	0	-1	0	0	0
1180	お宝箱	27	54	999	1	1	1	6	-1	198	100	1	-1	0	0	-1	0	0	-1	0	0	0	-1	0	0	0	-1	0	0	0	-1	0	0	-1	0	0	-1	0	0	-1	0	0	0
1181	お宝箱	27	54	999	1	1	1	6	-1	199	100	1	-1	0	0	-1	0	0	-1	0	0	0	-1	0	0	0	-1	0	0	0	-1	0	0	-1	0	0	-1	0	0	-1	0	0	0
1182	お宝箱	27	54	999	1	1	1	6	-1	200	100	1	-1	0	0	-1	0	0	-1	0	0	0	-1	0	0	0	-1	0	0	0	-1	0	0	-1	0	0	-1	0	0	-1	0	0	0
1183	お宝箱	27	54	999	1	1	1	6	-1	201	100	1	-1	0	0	-1	0	0	-1	0	0	0	-1	0	0	0	-1	0	0	0	-1	0	0	-1	0	0	-1	0	0	-1	0	0	0
1184	お宝箱	27	54	999	1	1	1	6	-1	202	100	1	-1	0	0	-1	0	0	-1	0	0	0	-1	0	0	0	-1	0	0	0	-1	0	0	-1	0	0	-1	0	0	-1	0	0	0
1185	お宝箱	27	54	999	1	1	1	6	-1	203	100	1	-1	0	0	-1	0	0	-1	0	0	0	-1	0	0	0	-1	0	0	0	-1	0	0	-1	0	0	-1	0	0	-1	0	0	0
1186	お宝箱	27	54	999	1	1	1	6	-1	204	100	1	-1	0	0	-1	0	0	-1	0	0	0	-1	0	0	0	-1	0	0	0	-1	0	0	-1	0	0	-1	0	0	-1	0	0	0
1187	お宝箱	27	54	999	1	1	1	6	-1	205	100	1	-1	0	0	-1	0	0	-1	0	0	0	-1	0	0	0	-1	0	0	0	-1	0	0	-1	0	0	-1	0	0	-1	0	0	0
1188	お宝箱	27	54	999	1	1	1	6	-1	206	100	1	-1	0	0	-1	0	0	-1	0	0	0	-1	0	0	0	-1	0	0	0	-1	0	0	-1	0	0	-1	0	0	-1	0	0	0
1189	お宝箱	27	54	999	1	1	1	6	-1	207	100	1	-1	0	0	-1	0	0	-1	0	0	0	-1	0	0	0	-1	0	0	0	-1	0	0	-1	0	0	-1	0	0	-1	0	0	0
1190	お宝箱	27	54	999	1	1	1	6	-1	208	100	1	-1	0	0	-1	0	0	-1	0	0	0	-1	0	0	0	-1	0	0	0	-1	0	0	-1	0	0	-1	0	0	-1	0	0	0
1191	お宝箱	27	54	999	1	1	1	6	-1	209	100	1	-1	0	0	-1	0	0	-1	0	0	0	-1	0	0	0	-1	0	0	0	-1	0	0	-1	0	0	-1	0	0	-1	0	0	0
1192	お宝箱	27	54	999	1	1	1	6	-1	210	100	1	-1	0	0	-1	0	0	-1	0	0	0	-1	0	0	0	-1	0	0	0	-1	0	0	-1	0	0	-1	0	0	-1	0	0	0
1193	お宝箱	27	54	999	1	1	1	6	-1	211	100	1	-1	0	0	-1	0	0	-1	0	0	0	-1	0	0	0	-1	0	0	0	-1	0	0	-1	0	0	-1	0	0	-1	0	0	0
1194	お宝箱	27	54	999	1	1	1	6	-1	212	100	1	-1	0	0	-1	0	0	-1	0	0	0	-1	0	0	0	-1	0	0	0	-1	0	0	-1	0	0	-1	0	0	-1	0	0	0
1195	お宝箱	27	54	999	1	1	1	6	-1	213	100	1	-1	0	0	-1	0	0	-1	0	0	0	-1	0	0	0	-1	0	0	0	-1	0	0	-1	0	0	-1	0	0	-1	0	0	0
1196	お宝箱	27	54	999	1	1	1	6	-1	214	100	1	-1	0	0	-1	0	0	-1	0	0	0	-1	0	0	0	-1	0	0	0	-1	0	0	-1	0	0	-1	0	0	-1	0	0	0
1197	お宝箱	27	54	999	1	1	1	6	-1	215	100	1	-1	0	0	-1	0	0	-1	0	0	0	-1	0	0	0	-1	0	0	0	-1	0	0	-1	0	0	-1	0	0	-1	0	0	0
1198	お宝箱	27	54	999	1	1	1	6	-1	216	100	1	-1	0	0	-1	0	0	-1	0	0	0	-1	0	0	0	-1	0	0	0	-1	0	0	-1	0	0	-1	0	0	-1	0	0	0
1199	お宝箱	27	54	999	1	1	1	6	-1	217	100	1	-1	0	0	-1	0	0	-1	0	0	0	-1	0	0	0	-1	0	0	0	-1	0	0	-1	0	0	-1	0	0	-1	0	0	0
1200	お宝箱	27	54	999	1	1	1	6	-1	218	100	1	-1	0	0	-1	0	0	-1	0	0	0	-1	0	0	0	-1	0	0	0	-1	0	0	-1	0	0	-1	0	0	-1	0	0	0
1201	お宝箱	27	54	999	1	1	1	6	-1	219	100	1	-1	0	0	-1	0	0	-1	0	0	0	-1	0	0	0	-1	0	0	0	-1	0	0	-1	0	0	-1	0	0	-1	0	0	0
1202	お宝箱	27	54	999	1	1	1	6	-1	220	100	1	-1	0	0	-1	0	0	-1	0	0	0	-1	0	0	0	-1	0	0	0	-1	0	0	-1	0	0	-1	0	0	-1	0	0	0
1203	お宝箱	27	54	999	1	1	1	6	-1	221	100	1	-1	0	0	-1	0	0	-1	0	0	0	-1	0	0	0	-1	0	0	0	-1	0	0	-1	0	0	-1	0	0	-1	0	0	0
1204	お宝箱	27	54	999	1	1	1	6	-1	222	100	1	-1	0	0	-1	0	0	-1	0	0	0	-1	0	0	0	-1	0	0	0	-1	0	0	-1	0	0	-1	0	0	-1	0	0	0
1205	お宝箱	27	54	999	1	1	1	6	-1	223	100	1	-1	0	0	-1	0	0	-1	0	0	0	-1	0	0	0	-1	0	0	0	-1	0	0	-1	0	0	-1	0	0	-1	0	0	0
1206	お宝箱	27	54	999	1	1	1	6	-1	224	100	1	-1	0	0	-1	0	0	-1	0	0	0	-1	0	0	0	-1	0	0	0	-1	0	0	-1	0	0	-1	0	0	-1	0	0	0
1207	お宝箱	27	54	999	1	1	1	6	-1	225	100	1	-1	0	0	-1	0	0	-1	0	0	0	-1	0	0	0	-1	0	0	0	-1	0	0	-1	0	0	-1	0	0	-1	0	0	0
1208	お宝箱	27	54	999	1	1	1	6	-1	226	100	1	-1	0	0	-1	0	0	-1	0	0	0	-1	0	0	0	-1	0	0	0	-1	0	0	-1	0	0	-1	0	0	-1	0	0	0
1209	お宝箱	27	54	999	1	1	1	6	-1	227	100	1	-1	0	0	-1	0	0	-1	0	0	0	-1	0	0	0	-1	0	0	0	-1	0	0	-1	0	0	-1	0	0	-1	0	0	0
1210	お宝箱	27	54	999	1	1	1	6	-1	228	100	1	-1	0	0	-1	0	0	-1	0	0	0	-1	0	0	0	-1	0	0	0	-1	0	0	-1	0	0	-1	0	0	-1	0	0	0
1211	お宝箱	27	54	999	1	1	1	6	-1	229	100	1	-1	0	0	-1	0	0	-1	0	0	0	-1	0	0	0	-1	0	0	0	-1	0	0	-1	0	0	-1	0	0	-1	0	0	0
1212	お宝箱	27	54	999	1	1	1	6	-1	230	100	1	-1	0	0	-1	0	0	-1	0	0	0	-1	0	0	0	-1	0	0	0	-1	0	0	-1	0	0	-1	0	0	-1	0	0	0
1213	お宝箱	27	54	999	1	1	1	6	-1	231	100	1	-1	0	0	-1	0	0	-1	0	0	0	-1	0	0	0	-1	0	0	0	-1	0	0	-1	0	0	-1	0	0	-1	0	0	0
1214	お宝箱	27	54	999	1	1	1	6	-1	232	100	1	-1	0	0	-1	0	0	-1	0	0	0	-1	0	0	0	-1	0	0	0	-1	0	0	-1	0	0	-1	0	0	-1	0	0	0
1215	お宝箱	27	54	999	1	1	1	6	-1	233	100	1	-1	0	0	-1	0	0	-1	0	0	0	-1	0	0	0	-1	0	0	0	-1	0	0	-1	0	0	-1	0	0	-1	0	0	0
1216	お宝箱	27	54	999	1	1	1	6	-1	234	100	1	-1	0	0	-1	0	0	-1	0	0	0	-1	0	0	0	-1	0	0	0	-1	0	0	-1	0	0	-1	0	0	-1	0	0	0
1217	お宝箱	27	54	999	1	1	1	6	-1	235	100	1	-1	0	0	-1	0	0	-1	0	0	0	-1	0	0	0	-1	0	0	0	-1	0	0	-1	0	0	-1	0	0	-1	0	0	0
1218	お宝箱	27	54	999	1	1	1	6	-1	236	100	1	-1	0	0	-1	0	0	-1	0	0	0	-1	0	0	0	-1	0	0	0	-1	0	0	-1	0	0	-1	0	0	-1	0	0	0
1219	お宝箱	27	54	999	1	1	1	6	-1	237	100	1	-1	0	0	-1	0	0	-1	0	0	0	-1	0	0	0	-1	0	0	0	-1	0	0	-1	0	0	-1	0	0	-1	0	0	0
1220	お宝箱	27	54	999	1	1	1	6	-1	238	100	1	-1	0	0	-1	0	0	-1	0	0	0	-1	0	0	0	-1	0	0	0	-1	0	0	-1	0	0	-1	0	0	-1	0	0	0
1221	お宝箱	27	54	999	1	1	1	6	-1	239	100	1	-1	0	0	-1	0	0	-1	0	0	0	-1	0	0	0	-1	0	0	0	-1	0	0	-1	0	0	-1	0	0	-1	0	0	0
1222	お宝箱	27	54	999	1	1	1	6	-1	240	100	1	-1	0	0	-1	0	0	-1	0	0	0	-1	0	0	0	-1	0	0	0	-1	0	0	-1	0	0	-1	0	0	-1	0	0	0
1223	お宝箱	27	54	999	1	1	1	6	-1	241	100	1	-1	0	0	-1	0	0	-1	0	0	0	-1	0	0	0	-1	0	0	0	-1	0	0	-1	0	0	-1	0	0	-1	0	0	0
1224	お宝箱	27	54	999	1	1	1	6	-1	242	100	1	-1	0	0	-1	0	0	-1	0	0	0	-1	0	0	0	-1	0	0	0	-1	0	0	-1	0	0	-1	0	0	-1	0	0	0
1225	お宝箱	27	54	999	1	1	1	6	-1	243	100	1	-1	0	0	-1	0	0	-1	0	0	0	-1	0	0	0	-1	0	0	0	-1	0	0	-1	0	0	-1	0	0	-1	0	0	0
1226	お宝箱	27	54	999	1	1	1	6	-1	244	100	1	-1	0	0	-1	0	0	-1	0	0	0	-1	0	0	0	-1	0	0	0	-1	0	0	-1	0	0	-1	0	0	-1	0	0	0
1227	お宝箱	27	54	999	1	1	1	6	-1	245	100	1	-1	0	0	-1	0	0	-1	0	0	0	-1	0	0	0	-1	0	0	0	-1	0	0	-1	0	0	-1	0	0	-1	0	0	0
1228	お宝箱	27	54	999	1	1	1	6	-1	246	100	1	-1	0	0	-1	0	0	-1	0	0	0	-1	0	0	0	-1	0	0	0	-1	0	0	-1	0	0	-1	0	0	-1	0	0	0
1229	お宝箱	27	54	999	1	1	1	6	-1	247	100	1	-1	0	0	-1	0	0	-1	0	0	0	-1	0	0	0	-1	0	0	0	-1	0	0	-1	0	0	-1	0	0	-1	0	0	0
1230	お宝箱	27	54	999	1	1	1	6	-1	248	100	1	-1	0	0	-1	0	0	-1	0	0	0	-1	0	0	0	-1	0	0	0	-1	0	0	-1	0	0	-1	0	0	-1	0	0	0
1231	お宝箱	27	54	999	1	1	1	6	-1	249	100	1	-1	0	0	-1	0	0	-1	0	0	0	-1	0	0	0	-1	0	0	0	-1	0	0	-1	0	0	-1	0	0	-1	0	0	0
1232	お宝箱	27	54	999	1	1	1	6	-1	250	100	1	-1	0	0	-1	0	0	-1	0	0	0	-1	0	0	0	-1	0	0	0	-1	0	0	-1	0	0	-1	0	0	-1	0	0	0
1233	お宝箱	27	54	999	1	1	1	6	-1	251	100	1	-1	0	0	-1	0	0	-1	0	0	0	-1	0	0	0	-1	0	0	0	-1	0	0	-1	0	0	-1	0	0	-1	0	0	0
1234	お宝箱	27	54	999	1	1	1	6	-1	252	100	1	-1	0	0	-1	0	0	-1	0	0	0	-1	0	0	0	-1	0	0	0	-1	0	0	-1	0	0	-1	0	0	-1	0	0	0
1235	お宝箱	27	54	999	1	1	1	6	-1	253	100	1	-1	0	0	-1	0	0	-1	0	0	0	-1	0	0	0	-1	0	0	0	-1	0	0	-1	0	0	-1	0	0	-1	0	0	0
1236	お宝箱	27	54	999	1	1	1	6	-1	254	100	1	-1	0	0	-1	0	0	-1	0	0	0	-1	0	0	0	-1	0	0	0	-1	0	0	-1	0	0	-1	0	0	-1	0	0	0
1237	お宝箱	27	54	999	1	1	1	6	-1	255	100	1	-1	0	0	-1	0	0	-1	0	0	0	-1	0	0	0	-1	0	0	0	-1	0	0	-1	0	0	-1	0	0	-1	0	0	0
1238	お宝箱	27	54	999	1	1	1	6	-1	256	100	1	-1	0	0	-1	0	0	-1	0	0	0	-1	0	0	0	-1	0	0	0	-1	0	0	-1	0	0	-1	0	0	-1	0	0	0
1239	お宝箱	27	54	999	1	1	1	6	-1	257	100	1	-1	0	0	-1	0	0	-1	0	0	0	-1	0	0	0	-1	0	0	0	-1	0	0	-1	0	0	-1	0	0	-1	0	0	0
1240	お宝箱	27	54	999	1	1	1	6	-1	258	100	1	-1	0	0	-1	0	0	-1	0	0	0	-1	0	0	0	-1	0	0	0	-1	0	0	-1	0	0	-1	0	0	-1	0	0	0
1241	お宝箱	27	54	999	1	1	1	6	-1	259	100	1	-1	0	0	-1	0	0	-1	0	0	0	-1	0	0	0	-1	0	0	0	-1	0	0	-1	0	0	-1	0	0	-1	0	0	0
1242	お宝箱	27	54	999	1	1	1	6	-1	260	100	1	-1	0	0	-1	0	0	-1	0	0	0	-1	0	0	0	-1	0	0	0	-1	0	0	-1	0	0	-1	0	0	-1	0	0	0
1243	お宝箱	27	54	999	1	1	1	6	-1	261	100	1	-1	0	0	-1	0	0	-1	0	0	0	-1	0	0	0	-1	0	0	0	-1	0	0	-1	0	0	-1	0	0	-1	0	0	0
1244	お宝箱	27	54	999	1	1	1	6	-1	262	100	1	-1	0	0	-1	0	0	-1	0	0	0	-1	0	0	0	-1	0	0	0	-1	0	0	-1	0	0	-1	0	0	-1	0	0	0
1245	お宝箱	27	54	999	1	1	1	6	-1	263	100	1	-1	0	0	-1	0	0	-1	0	0	0	-1	0	0	0	-1	0	0	0	-1	0	0	-1	0	0	-1	0	0	-1	0	0	0
1246	お宝箱	27	54	999	1	1	1	6	-1	264	100	1	-1	0	0	-1	0	0	-1	0	0	0	-1	0	0	0	-1	0	0	0	-1	0	0	-1	0	0	-1	0	0	-1	0	0	0
1247	お宝箱	27	54	999	1	1	1	6	-1	265	100	1	-1	0	0	-1	0	0	-1	0	0	0	-1	0	0	0	-1	0	0	0	-1	0	0	-1	0	0	-1	0	0	-1	0	0	0
1248	お宝箱	27	54	999	1	1	1	6	-1	266	100	1	-1	0	0	-1	0	0	-1	0	0	0	-1	0	0	0	-1	0	0	0	-1	0	0	-1	0	0	-1	0	0	-1	0	0	0
1249	お宝箱	27	54	999	1	1	1	6	-1	267	100	1	-1	0	0	-1	0	0	-1	0	0	0	-1	0	0	0	-1	0	0	0	-1	0	0	-1	0	0	-1	0	0	-1	0	0	0
1250	お宝箱	27	54	999	1	1	1	6	-1	268	100	1	-1	0	0	-1	0	0	-1	0	0	0	-1	0	0	0	-1	0	0	0	-1	0	0	-1	0	0	-1	0	0	-1	0	0	0
1251	お宝箱	27	54	999	1	1	1	6	-1	269	100	1	-1	0	0	-1	0	0	-1	0	0	0	-1	0	0	0	-1	0	0	0	-1	0	0	-1	0	0	-1	0	0	-1	0	0	0
1252	お宝箱	27	54	999	1	1	1	6	-1	270	100	1	-1	0	0	-1	0	0	-1	0	0	0	-1	0	0	0	-1	0	0	0	-1	0	0	-1	0	0	-1	0	0	-1	0	0	0
1253	お宝箱	27	54	999	1	1	1	6	-1	271	100	1	-1	0	0	-1	0	0	-1	0	0	0	-1	0	0	0	-1	0	0	0	-1	0	0	-1	0	0	-1	0	0	-1	0	0	0
1254	お宝箱	27	54	999	1	1	1	6	-1	272	100	1	-1	0	0	-1	0	0	-1	0	0	0	-1	0	0	0	-1	0	0	0	-1	0	0	-1	0	0	-1	0	0	-1	0	0	0
1255	お宝箱	27	54	999	1	1	1	6	-1	273	100	1	-1	0	0	-1	0	0	-1	0	0	0	-1	0	0	0	-1	0	0	0	-1	0	0	-1	0	0	-1	0	0	-1	0	0	0
1256	お宝箱	27	54	999	1	1	1	6	-1	274	100	1	-1	0	0	-1	0	0	-1	0	0	0	-1	0	0	0	-1	0	0	0	-1	0	0	-1	0	0	-1	0	0	-1	0	0	0
1257	お宝箱	27	54	999	1	1	1	6	-1	275	100	1	-1	0	0	-1	0	0	-1	0	0	0	-1	0	0	0	-1	0	0	0	-1	0	0	-1	0	0	-1	0	0	-1	0	0	0
1258	お宝箱	27	54	999	1	1	1	6	-1	276	100	1	-1	0	0	-1	0	0	-1	0	0	0	-1	0	0	0	-1	0	0	0	-1	0	0	-1	0	0	-1	0	0	-1	0	0	0
1259	お宝箱	27	54	999	1	1	1	6	-1	277	100	1	-1	0	0	-1	0	0	-1	0	0	0	-1	0	0	0	-1	0	0	0	-1	0	0	-1	0	0	-1	0	0	-1	0	0	0
1260	お宝箱	27	54	999	1	1	1	6	-1	278	100	1	-1	0	0	-1	0	0	-1	0	0	0	-1	0	0	0	-1	0	0	0	-1	0	0	-1	0	0	-1	0	0	-1	0	0	0
1261	お宝箱	27	54	999	1	1	1	6	-1	279	100	1	-1	0	0	-1	0	0	-1	0	0	0	-1	0	0	0	-1	0	0	0	-1	0	0	-1	0	0	-1	0	0	-1	0	0	0
1262	お宝箱	27	54	999	1	1	1	6	-1	280	100	1	-1	0	0	-1	0	0	-1	0	0	0	-1	0	0	0	-1	0	0	0	-1	0	0	-1	0	0	-1	0	0	-1	0	0	0
1263	お宝箱	27	54	999	1	1	1	6	-1	281	100	1	-1	0	0	-1	0	0	-1	0	0	0	-1	0	0	0	-1	0	0	0	-1	0	0	-1	0	0	-1	0	0	-1	0	0	0
1264	お宝箱	27	54	999	1	1	1	6	-1	282	100	1	-1	0	0	-1	0	0	-1	0	0	0	-1	0	0	0	-1	0	0	0	-1	0	0	-1	0	0	-1	0	0	-1	0	0	0
1265	お宝箱	27	54	999	1	1	1	6	-1	283	100	1	-1	0	0	-1	0	0	-1	0	0	0	-1	0	0	0	-1	0	0	0	-1	0	0	-1	0	0	-1	0	0	-1	0	0	0
1266	お宝箱	27	54	999	1	1	1	6	-1	284	100	1	-1	0	0	-1	0	0	-1	0	0	0	-1	0	0	0	-1	0	0	0	-1	0	0	-1	0	0	-1	0	0	-1	0	0	0
1267	お宝箱	27	54	999	1	1	1	6	-1	285	100	1	-1	0	0	-1	0	0	-1	0	0	0	-1	0	0	0	-1	0	0	0	-1	0	0	-1	0	0	-1	0	0	-1	0	0	0
1268	お宝箱	27	54	999	1	1	1	6	-1	286	100	1	-1	0	0	-1	0	0	-1	0	0	0	-1	0	0	0	-1	0	0	0	-1	0	0	-1	0	0	-1	0	0	-1	0	0	0
1269	お宝箱	27	54	999	1	1	1	6	-1	287	100	1	-1	0	0	-1	0	0	-1	0	0	0	-1	0	0	0	-1	0	0	0	-1	0	0	-1	0	0	-1	0	0	-1	0	0	0
1270	お宝箱	27	54	999	1	1	1	6	-1	288	100	1	-1	0	0	-1	0	0	-1	0	0	0	-1	0	0	0	-1	0	0	0	-1	0	0	-1	0	0	-1	0	0	-1	0	0	0
1271	お宝箱	27	54	999	1	1	1	6	-1	289	100	1	-1	0	0	-1	0	0	-1	0	0	0	-1	0	0	0	-1	0	0	0	-1	0	0	-1	0	0	-1	0	0	-1	0	0	0
1272	お宝箱	27	54	999	1	1	1	6	-1	290	100	1	-1	0	0	-1	0	0	-1	0	0	0	-1	0	0	0	-1	0	0	0	-1	0	0	-1	0	0	-1	0	0	-1	0	0	0
1273	お宝箱	27	54	999	1	1	1	6	-1	291	100	1	-1	0	0	-1	0	0	-1	0	0	0	-1	0	0	0	-1	0	0	0	-1	0	0	-1	0	0	-1	0	0	-1	0	0	0
1274	お宝箱	27	54	999	1	1	1	6	-1	292	100	1	-1	0	0	-1	0	0	-1	0	0	0	-1	0	0	0	-1	0	0	0	-1	0	0	-1	0	0	-1	0	0	-1	0	0	0
1275	お宝箱	27	54	999	1	1	1	6	-1	293	100	1	-1	0	0	-1	0	0	-1	0	0	0	-1	0	0	0	-1	0	0	0	-1	0	0	-1	0	0	-1	0	0	-1	0	0	0
1276	お宝箱	27	54	999	1	1	1	6	-1	294	100	1	-1	0	0	-1	0	0	-1	0	0	0	-1	0	0	0	-1	0	0	0	-1	0	0	-1	0	0	-1	0	0	-1	0	0	0
1277	お宝箱	27	54	999	1	1	1	6	-1	295	100	1	-1	0	0	-1	0	0	-1	0	0	0	-1	0	0	0	-1	0	0	0	-1	0	0	-1	0	0	-1	0	0	-1	0	0	0
1278	お宝箱	27	54	999	1	1	1	6	-1	296	100	1	-1	0	0	-1	0	0	-1	0	0	0	-1	0	0	0	-1	0	0	0	-1	0	0	-1	0	0	-1	0	0	-1	0	0	0
1279	お宝箱	27	54	999	1	1	1	6	-1	297	100	1	-1	0	0	-1	0	0	-1	0	0	0	-1	0	0	0	-1	0	0	0	-1	0	0	-1	0	0	-1	0	0	-1	0	0	0
1280	お宝箱	27	54	999	1	1	1	6	-1	298	100	1	-1	0	0	-1	0	0	-1	0	0	0	-1	0	0	0	-1	0	0	0	-1	0	0	-1	0	0	-1	0	0	-1	0	0	0
1281	お宝箱	27	54	999	1	1	1	6	-1	299	100	1	-1	0	0	-1	0	0	-1	0	0	0	-1	0	0	0	-1	0	0	0	-1	0	0	-1	0	0	-1	0	0	-1	0	0	0
1282	お宝箱	27	54	999	1	1	1	6	-1	300	100	1	-1	0	0	-1	0	0	-1	0	0	0	-1	0	0	0	-1	0	0	0	-1	0	0	-1	0	0	-1	0	0	-1	0	0	0
1283	お宝箱	27	54	999	1	1	1	6	-1	301	100	1	-1	0	0	-1	0	0	-1	0	0	0	-1	0	0	0	-1	0	0	0	-1	0	0	-1	0	0	-1	0	0	-1	0	0	0
1284	お宝箱	27	54	999	1	1	1	6	-1	302	100	1	-1	0	0	-1	0	0	-1	0	0	0	-1	0	0	0	-1	0	0	0	-1	0	0	-1	0	0	-1	0	0	-1	0	0	0
1285	お宝箱	27	54	999	1	1	1	6	-1	303	100	1	-1	0	0	-1	0	0	-1	0	0	0	-1	0	0	0	-1	0	0	0	-1	0	0	-1	0	0	-1	0	0	-1	0	0	0
1286	お宝箱	27	54	999	1	1	1	6	-1	304	100	1	-1	0	0	-1	0	0	-1	0	0	0	-1	0	0	0	-1	0	0	0	-1	0	0	-1	0	0	-1	0	0	-1	0	0	0
1287	お宝箱	27	54	999	1	1	1	6	-1	305	100	1	-1	0	0	-1	0	0	-1	0	0	0	-1	0	0	0	-1	0	0	0	-1	0	0	-1	0	0	-1	0	0	-1	0	0	0
1288	お宝箱	27	54	999	1	1	1	6	-1	306	100	1	-1	0	0	-1	0	0	-1	0	0	0	-1	0	0	0	-1	0	0	0	-1	0	0	-1	0	0	-1	0	0	-1	0	0	0
1289	お宝箱	27	54	999	1	1	1	6	-1	307	100	1	-1	0	0	-1	0	0	-1	0	0	0	-1	0	0	0	-1	0	0	0	-1	0	0	-1	0	0	-1	0	0	-1	0	0	0
1290	お宝箱	27	54	999	1	1	1	6	-1	308	100	1	-1	0	0	-1	0	0	-1	0	0	0	-1	0	0	0	-1	0	0	0	-1	0	0	-1	0	0	-1	0	0	-1	0	0	0
1291	お宝箱	27	54	999	1	1	1	6	-1	309	100	1	-1	0	0	-1	0	0	-1	0	0	0	-1	0	0	0	-1	0	0	0	-1	0	0	-1	0	0	-1	0	0	-1	0	0	0
1292	お宝箱	27	54	999	1	1	1	6	-1	310	100	1	-1	0	0	-1	0	0	-1	0	0	0	-1	0	0	0	-1	0	0	0	-1	0	0	-1	0	0	-1	0	0	-1	0	0	0
1293	お宝箱	27	54	999	1	1	1	6	-1	311	100	1	-1	0	0	-1	0	0	-1	0	0	0	-1	0	0	0	-1	0	0	0	-1	0	0	-1	0	0	-1	0	0	-1	0	0	0
1294	お宝箱	27	54	999	1	1	1	6	-1	312	100	1	-1	0	0	-1	0	0	-1	0	0	0	-1	0	0	0	-1	0	0	0	-1	0	0	-1	0	0	-1	0	0	-1	0