@title,韓国語
@language,ko
@scale,auto
@appli,133 - Do not change
@version,1.72 - Do not change
@author,Your Name
#00000,무서운 적이 있을지도 모릅니다<br>단단히 준비한 뒤 파견합시다
#00001,미사용
#00002,길이 없어…
#00003,길 잃었다…
#00004,여긴 어디지…
#00005,피곤해
#00006,으쌰
#00007,안녕하세요!
#00008,잘 부탁해!
#00009,안녕하세요!
#00010,당했다
#00011,아이고
#00012,끄아~
#00013,아야야
#00014,이런!
#00015,더는 못해
#00016,못 버텨
#00017,정신 차려
#00018,괜찮아
#00019,에고고
#00020,맙소사
#00021,큰일이야!
#00022,정신 차려!
#00023,좋은 아침
#00024,잘 잤다
#00025,아직 졸려
#00026,흐아암~
#00027,음냐음냐
#00028,좋은 아침
#00029,졸려…
#00030,이제 자자
#00031,잘 자
#00032,내일 봐
#00033,이거다
#00034,이게 좋겠어
#00035,이거로 할까
#00036,이거지
#00037,이거 주세요
#00038,이거로 할게요
#00039,아자!
#00040,와~
#00041,좋았어
#00042,만족
#00043,내 거야
#00044,감동
#00045,대단한데
#00046,좋아
#00047,파이팅
#00048,한번 해볼까
#00049,맡겨만 줘
#00050,이얍!
#00051,완성
#00052,다 됐다
#00053,잘 됐네
#00054,아주 좋아
#00055,베자
#00056,풍작이야
#00057,좋을 때네
#00058,어영차
#00059,영차
#00060,어이차
#00061,으쌰
#00062,무거워
#00063,영차영차
#00064,문제없어
#00065,다 팔렸나
#00066,텅 비었네
#00067,살았다
#00068,고마워
#00069,하
#00070,삐질삐질
#00071,훗!
#00072,이겼다~
#00073,승리
#00074,한가해
#00075,누구 안 오나
#00076,날씨 좋다
#00077,나왔다~
#00078,뭔데
#00079,음…
#00080,으앗
#00081,어이쿠
#00082,앗!
#00083,어서오세요
#00084,감사합니다
#00085,또 오세요
#00086,아주 좋아
#00087,워~ 워~
#00088,옳지 옳지
#00089,으쌰 으쌰
#00090,어영차
#00091,깡깡
#00092,뒤적뒤적
#00093,바스락바스락
#00094,사용 중…
#00095,이야…
#00096,오오
#00097,음…
#00098,머엉…
#00099,어슬렁
#00100,뭐하지
#00101,♪
#00102,저기요~
#00103,계세요~
#00104,띵동
#00105,좋았어
#00106,도움이 됐나요
#00107,다음에 또 봐
#00108,또 만나
#00109,잘 자요
#00110,이, 이건…
#00111,잘 왔어
#00112,왕이야
#00113,에헴
#00114,헬로~
#00115,어서 와
#00116,빠~안
#00117,신경 쓰지 마
#00118,잘 부탁드려요!
#00119,그럼 시작합니다
#00120,어슬렁어슬렁
#00121,에잇!
#00122,이얍!
#00123,흠!
#00124,으랴!
#00125,하압!
#00126,촤아!
#00127,오호
#00128,흠흠
#00129,통통
#00130,뚝딱뚝딱
#00131,쿵쿵
#00132,퉁퉁
#00133,촥촥
#00134,땡땡
#00135,수리 중
#00136,수리하자
#00137,두근두근
#00138,긴장돼
#00139,이러쿵
#00140,저러쿵
#00141,재잘재잘
#00142,실패했어…
#00143,협력 토벌 이벤트 #1
#00144,"=MID(#00143,1,-1)&'2'"
#00145,"=MID(#00143,1,-1)&'3'"
#00146,"=MID(#00143,1,-1)&'4'"
#00147,"=MID(#00143,1,-1)&'5'"
#00148,"=MID(#00143,1,-1)&'6'"
#00149,"=MID(#00143,1,-1)&'7'"
#00150,"=MID(#00143,1,-1)&'8'"
#00151,"=MID(#00143,1,-1)&'9'"
#00152,"=MID(#00143,1,-1)&'10'"
#00153,"=MID(#00143,1,-1)&'11'"
#00154,"=MID(#00143,1,-1)&'12'"
#00155,"=MID(#00143,1,-1)&'13'"
#00156,"=MID(#00143,1,-1)&'14'"
#00157,"=MID(#00143,1,-1)&'15'"
#00158,"=MID(#00143,1,-1)&'16'"
#00159,"=MID(#00143,1,-1)&'17'"
#00160,"=MID(#00143,1,-1)&'18'"
#00161,"=MID(#00143,1,-1)&'19'"
#00162,"=MID(#00143,1,-1)&'20'"
#00163,"=MID(#00143,1,-1)&'21'"
#00164,"=MID(#00143,1,-1)&'22'"
#00165,"=MID(#00143,1,-1)&'23'"
#00166,"=MID(#00143,1,-1)&'24'"
#00167,"=MID(#00143,1,-1)&'25'"
#00168,"=MID(#00143,1,-1)&'26'"
#00169,"=MID(#00143,1,-1)&'27'"
#00170,"=MID(#00143,1,-1)&'28'"
#00171,"=MID(#00143,1,-1)&'29'"
#00172,"=MID(#00143,1,-1)&'30'"
#00173,"=MID(#00143,1,-1)&'31'"
#00174,"=MID(#00143,1,-1)&'32'"
#00175,"=MID(#00143,1,-1)&'33'"
#00176,"=MID(#00143,1,-1)&'34'"
#00177,"=MID(#00143,1,-1)&'35'"
#00178,"=MID(#00143,1,-1)&'36'"
#00179,"=MID(#00143,1,-1)&'37'"
#00180,"=MID(#00143,1,-1)&'38'"
#00181,"=MID(#00143,1,-1)&'39'"
#00182,"=MID(#00143,1,-1)&'40'"
#00183,"=MID(#00143,1,-1)&'41'"
#00184,"=MID(#00143,1,-1)&'42'"
#00185,"=MID(#00143,1,-1)&'43'"
#00186,"=MID(#00143,1,-1)&'44'"
#00187,"=MID(#00143,1,-1)&'45'"
#00188,"=MID(#00143,1,-1)&'46'"
#00189,"=MID(#00143,1,-1)&'47'"
#00190,"=MID(#00143,1,-1)&'48'"
#00191,"=MID(#00143,1,-1)&'49'"
#00192,"=MID(#00143,1,-1)&'50'"
#00193,"=MID(#00143,1,-1)&'51'"
#00194,"=MID(#00143,1,-1)&'52'"
#00195,"=MID(#00143,1,-1)&'53'"
#00196,"=MID(#00143,1,-1)&'54'"
#00197,"=MID(#00143,1,-1)&'55'"
#00198,"=MID(#00143,1,-1)&'56'"
#00199,"=MID(#00143,1,-1)&'57'"
#00200,"=MID(#00143,1,-1)&'58'"
#00201,"=MID(#00143,1,-1)&'59'"
#00202,"=MID(#00143,1,-1)&'60'"
#00203,"=MID(#00143,1,-1)&'61'"
#00204,"=MID(#00143,1,-1)&'62'"
#00205,"=MID(#00143,1,-1)&'63'"
#00206,"=MID(#00143,1,-1)&'64'"
#00207,"=MID(#00143,1,-1)&'65'"
#00208,"=MID(#00143,1,-1)&'66'"
#00209,"=MID(#00143,1,-1)&'67'"
#00210,"=MID(#00143,1,-1)&'68'"
#00211,"=MID(#00143,1,-1)&'69'"
#00212,"=MID(#00143,1,-1)&'70'"
#00213,"=MID(#00143,1,-1)&'71'"
#00214,"=MID(#00143,1,-1)&'72'"
#00215,"=MID(#00143,1,-1)&'73'"
#00216,"=MID(#00143,1,-1)&'74'"
#00217,"=MID(#00143,1,-1)&'75'"
#00218,"=MID(#00143,1,-1)&'76'"
#00219,"=MID(#00143,1,-1)&'77'"
#00220,"=MID(#00143,1,-1)&'78'"
#00221,"=MID(#00143,1,-1)&'79'"
#00222,"=MID(#00143,1,-1)&'80'"
#00223,"=MID(#00143,1,-1)&'81'"
#00224,"=MID(#00143,1,-1)&'82'"
#00225,"=MID(#00143,1,-1)&'83'"
#00226,"=MID(#00143,1,-1)&'84'"
#00227,"=MID(#00143,1,-1)&'85'"
#00228,"=MID(#00143,1,-1)&'86'"
#00229,"=MID(#00143,1,-1)&'87'"
#00230,"=MID(#00143,1,-1)&'88'"
#00231,"=MID(#00143,1,-1)&'89'"
#00232,"=MID(#00143,1,-1)&'90'"
#00233,"=MID(#00143,1,-1)&'91'"
#00234,"=MID(#00143,1,-1)&'92'"
#00235,"=MID(#00143,1,-1)&'93'"
#00236,"=MID(#00143,1,-1)&'94'"
#00237,"=MID(#00143,1,-1)&'95'"
#00238,"=MID(#00143,1,-1)&'96'"
#00239,"=MID(#00143,1,-1)&'97'"
#00240,"=MID(#00143,1,-1)&'98'"
#00241,"=MID(#00143,1,-1)&'99'"
#00242,"=MID(#00143,1,-1)&'100'"
#00243,주민
#00244,적
#00245,고양미
#00246,손님
#00247,펌프킨
#00248,침팬G
#00249,곰본좌
#00250,와이로군
#00251,아부파라 왕
#00252,농민
#00253,농민
#00254,전설의 대장간
#00255,위병
#00256,이웃 나라 국왕
#00257,이웃 나라 공주
#00258,농민
#00259,상공업자
#00260,왕국 조합 회장
#00261,이웃 나라 국왕
#00262,트로피 왕
#00263,카이로군
#00264,이사의 신
#00265,수집가 모직봉
#00266,배추흰나비
#00267,호랑나비
#00268,꿀벌
#00269,잠자리
#00270,사마귀
#00271,매미
#00272,개미
#00273,무당벌레
#00274,반딧불이
#00275,비단벌레
#00276,장수풍뎅이
#00277,사슴벌레
#00278,거미
#00279,달팽이
#00280,대벌레
#00281,전갈
#00282,모포나비
#00283,헤라클레스
#00284,방울벌레
#00285,버드윙나비
#00286,송사리
#00287,금붕어
#00288,돔
#00289,아귀
#00290,돌돔
#00291,흰동가리
#00292,쏠배감펭
#00293,꽁치
#00294,북어
#00295,넙치
#00296,잉어
#00297,장어
#00298,클리오네
#00299,무지개송어
#00300,연서
#00301,문어
#00302,거피
#00303,에인절피시
#00304,오징어
#00305,실러캔스
#00306,사과 그림
#00307,꽃병 그림
#00308,가로수 그림
#00309,초상화
#00310,철새 그림
#00311,소녀 그림
#00312,바위그림
#00313,동양의 풍경화
#00314,노을 그림
#00315,신록 그림
#00316,천사 그림
#00317,외국 도자기
#00318,빛나는 향유병
#00319,고대 항아리
#00320,새하얀 흉상
#00321,인형
#00322,진실의 거울
#00323,고마운 동상
#00324,위대한 마스크
#00325,동양의 항아리
#00326,흰 알
#00327,푸른 알
#00328,초록색 알
#00329,붉은 알
#00330,보라색 알
#00331,검은 알
#00332,노란 알
#00333,무지갯빛 알
#00334,맨손
#00335,장비 안 함
#00336,쇠망치
#00337,곡괭이
#00338,벌초용 낫
#00339,괭이
#00340,횃불
#00341,정원삽
#00342,그물
#00343,물고기 그물
#00344,낚싯대
#00345,도끼
#00346,물뿌리개
#00347,땅 다지기
#00348,F/나무 지팡이
#00349,E/광석 지팡이
#00350,D/단단한 지팡이
#00351,C/마력의 지팡이
#00352,B/금강석 지팡이
#00353,F/철제 지팡이
#00354,E/우드 완드
#00355,C/뾰족한 지팡이
#00356,B/광휘의 지팡이
#00357,A/빛의 지팡이
#00358,E/푸른 지팡이
#00359,D/통곡의 지팡이
#00360,C/마력의 지팡이
#00361,B/뇌격의 지팡이
#00362,A/얼음 지팡이
#00363,E/붉은 지팡이
#00364,D/왕의 지팡이
#00365,C/선왕의 지팡이
#00366,A/전설의 지팡이
#00367,S/환상의 지팡이
#00368,F/목봉
#00369,E/단단한 봉
#00370,D/떡갈나무 봉
#00371,C/고목 봉
#00372,B/용사의 봉
#00373,E/굽은 막대기
#00374,D/주걱
#00375,C/봉
#00376,B/철봉
#00377,A/붉은 봉
#00378,D/메이스
#00379,C/클럽
#00380,B/모닝 스타
#00381,A/강철봉
#00382,S/황금봉
#00383,F/기원의 봉
#00384,D/신성한 봉
#00385,C/빛의 봉
#00386,A/천사의 봉
#00387,S/신의 봉
#00388,F/몽둥이
#00389,E/투박한 봉
#00390,D/스파이크
#00391,C/예술적인 봉
#00392,A/에메랄드 봉
#00393,F/나뭇가지
#00394,E/뾰족한 가지
#00395,D/뾰족한 봉
#00396,C/수공예 봉
#00397,B/날 선 가지
#00398,F/목제 창
#00399,E/철제 창
#00400,D/장인의 창
#00401,B/삼지창
#00402,A/전설의 창
#00403,E/낚시 작살
#00404,C/철제 작살
#00405,B/붉은 창
#00406,A/강철 창
#00407,S/화염의 창
#00408,E/구리 창
#00409,C/기사의 창
#00410,B/명장의 창
#00411,A/황금 창
#00412,S/검은 창
#00413,F/작은 망치
#00414,E/큰 망치
#00415,C/쇠망치
#00416,B/빅 해머
#00417,S/화염의 망치
#00418,E/해머
#00419,D/롱 해머
#00420,B/은제 망치
#00421,A/명공의 망치
#00422,S/황금 망치
#00423,E/검
#00424,D/강검
#00425,C/명공의 검
#00426,B/명장의 검
#00427,A/호걸의 검
#00428,F/과도
#00429,E/식칼
#00430,D/은제 식칼
#00431,B/명공의 식칼
#00432,A/황금 식칼
#00433,F/주머니칼
#00434,E/수술용 메스
#00435,C/은제 메스
#00436,B/번개의 메스
#00437,A/얼음의 단도
#00438,E/해적의 검
#00439,D/커틀래스
#00440,C/질풍의 검
#00441,A/물방울 검
#00442,S/화염의 검
#00443,E/병사의 검
#00444,D/소드
#00445,C/은제 검
#00446,B/파괴의 검
#00447,A/고대의 검
#00448,E/얼음의 나이프
#00449,D/얼음의 검
#00450,C/얼음의 대검
#00451,B/블리자드 소드
#00452,S/눈폭풍의 검
#00453,E/쿠나이
#00454,D/수리검
#00455,C/큰 수리검
#00456,B/화염 수리검
#00457,A/기가 수리검
#00458,F/도
#00459,D/사무라이 소드
#00460,C/무장의 도
#00461,B/명공의 도
#00462,A/전설의 도
#00463,F/동검
#00464,E/청동검
#00465,C/강철검
#00466,B/경량검
#00467,A/긍지의 검
#00468,E/장검
#00469,D/바스타드 소드
#00470,C/성자의 검
#00471,A/분노의 검
#00472,S/전설의 검
#00473,D/블랙 소드
#00474,C/암흑의 검
#00475,B/칠흑의 검
#00476,A/왕의 검
#00477,S/패왕의 검
#00478,D/평범한 소드
#00479,C/용기의 검
#00480,B/용자의 검
#00481,A/불멸의 검
#00482,S/세계수의 검
#00483,F/소설책
#00484,D/연구서
#00485,E/돋보기
#00486,C/고문서
#00487,B/그림붓
#00488,D/소총
#00489,C/화승총
#00490,B/머스킷 총
#00491,A/강화된 총
#00492,S/황금 총
#00493,D/활
#00494,C/병사용 활
#00495,B/사냥꾼의 활
#00496,A/고속의 활
#00497,S/강자의 활
#00498,F/손도끼
#00499,D/벌목용 도끼
#00500,C/강철 도끼
#00501,B/배틀 액스
#00502,S/전설의 도끼
#00503,A/카이로 소드
#00504,A/카이로 해머
#00505,A/카이로 랜스
#00506,A/카이로 보우
#00507,A/카이로 건
#00508,F/나무 방패
#00509,F/가죽 방패
#00510,E/병사용 방패
#00511,E/둥근 방패
#00512,D/철 방패
#00513,C/고귀한 방패
#00514,A/용자의 방패
#00515,A/크리스탈 실드
#00516,B/등딱지 방패
#00517,S/와이로 실드
#00518,B/과학의 방패
#00519,A/성스러운 방패
#00520,D/수공예 방패
#00521,D/단단한 방패
#00522,C/악몽의 방패
#00523,B/역전의 방패
#00524,B/초목의 방패
#00525,S/리플렉트 실드
#00526,A/골드 실드
#00527,S/광휘의 방패
#00528,C/마왕의 방패
#00529,B/전설의 방패
#00530,C/패왕의 방패
#00531,S/카이로 실드
#00532,F/허리띠
#00533,F/천옷
#00534,F/옷
#00535,E/노란색 옷
#00536,E/튼튼한 옷
#00537,D/유행하는 옷
#00538,D/두꺼운 옷
#00539,D/체인 속옷
#00540,C/스커트
#00541,B/원피스
#00542,D/파자마
#00543,C/털가죽 코트
#00544,C/코트
#00545,C/로브
#00546,B/고급 로브
#00547,C/예복
#00548,D/망토
#00549,C/튼튼한 망토
#00550,B/보라색 망토
#00551,A/왕의 망토
#00552,E/가죽 흉갑
#00553,D/철제 흉갑
#00554,C/가죽 갑옷
#00555,C/라이트 메일
#00556,B/브론즈 아머
#00557,B/실버 아머
#00558,A/신록의 갑주
#00559,A/중갑주
#00560,S/황금 갑주
#00561,S/블랙 메일
#00562,F/반다나
#00563,F/카투사
#00564,F/머리띠
#00565,F/터번
#00566,E/모자
#00567,E/헬멧
#00568,D/반다나
#00569,D/천 머리띠
#00570,D/천 모자
#00571,F/요리 모자
#00572,F/실크 모자
#00573,F/모자
#00574,F/성스러운 모자
#00575,E/천사의 반지
#00576,E/해적 모자
#00577,E/제독모
#00578,D/깃털 반다나
#00579,D/깃털 모자
#00580,D/깃털 투구
#00581,D/마법 모자
#00582,C/마법사 모자
#00583,B/마도 모자
#00584,A/전설의 모자
#00585,B/마력의 모자
#00586,C/미늘 모자
#00587,B/샴푸 모자
#00588,A/카이로 모자
#00589,S/왕관
#00590,A/티아라
#00591,D/척후병 모자
#00592,C/위병 모자
#00593,C/구리 투구
#00594,C/헬멧
#00595,B/철 가면
#00596,B/철 투구
#00597,A/검은 투구
#00598,S/황금 투구
#00599,A/용의 투구
#00600,A/로보 헬멧
#00601,E/목장식
#00602,D/네클리스
#00603,C/수호 부적
#00604,B/푸른 펜던트
#00605,A/붉은 펜던트
#00606,S/황금 펜던트
#00607,C/마력의 펜던트
#00608,B/황금 팔찌
#00609,D/가죽 밴드
#00610,C/손목 밴드
#00611,S/금메달
#00612,D/스카프
#00613,B/목걸이
#00614,A/황금 목걸이
#00615,D/반지
#00616,C/진주 반지
#00617,B/은반지
#00618,A/광옥의 반지
#00619,S/금반지
#00620,C/장갑
#00621,B/가죽 장갑
#00622,A/실크 장갑
#00623,B/은귀걸이
#00624,A/금귀걸이
#00625,S/왕가의 귀걸이
#00626,E/가죽 신발
#00627,F/나무 신발
#00628,D/덱 슈즈
#00629,A/은제 부츠
#00630,B/부츠
#00631,S/깃털 부츠
#00632,C/양초
#00633,B/부적
#00634,A/황금 벨
#00635,B/붉은 리본
#00636,A/리본
#00637,C/나무 조각상
#00638,C/자루
#00639,B/황금 자루
#00640,S/소프코 피규어
#00641,S/산타 지팡이
#00642,S/산타 실드
#00643,=#00001
#00644,발견
#00645,‘<0>’<br><1>개 획득!
#00646,취득
#00647,다이아 <0><br>획득!
#00648,<0> <1>개를<br>획득했습니다!
#00649,<0>에<br>새로운 동료가 생겼다!
#00650,<0>번째 <1><br><2>
#00651,이벤트 메시지
#00652,최고 점수를 갱신하지 못했습니다…
#00653,사용
#00654,‘<0>’ 아이템을<br><1>개 사용했다
#00655,이벤트
#00656,갑자기 에너지가<br>가득 찼다!
#00657,기적이 일어나<br>영토가 조금 넓어졌다!
#00658,스킬 <0> <1>개를<br>획득했습니다!
#00659,구역 발견
#00660,개척하지 않은<br>새로운 구역을<br>발견했습니다!!
#00661,직업 추가
#00662,D급 상공업자와 연구가를<br>소개받았다!
#00663,이동속도가 오릅니다.
#00664,다리를 놓습니다.
#00665,관광객을 맞아들입니다.
#00666,좁은 토지입니다.
#00667,평범한 토지입니다.
#00668,넓은 토지입니다.
#00669,엄청 넓은 토지입니다.
#00670,마을의 중심이 되는 시설입니다.
#00671,적 침략을 잠깐 동안 막습니다.
#00672,적 침략을 어느 정도 막습니다.
#00673,적 침략을 막습니다.
#00674,적 침략을 상당히 오래 막습니다.
#00675,방벽을 드나들 수 있습니다.
#00676,영지를 조금 넓히는 시설
#00677,마을의 <pic=grass>을 보관하는 시설
#00678,마을의 <pic=food>을 보관하는 시설
#00679,마을의 <pic=wood>를 보관하는 시설
#00680,마을의 <pic=iron>을 보관하는 시설
#00681,마을의 <pic=magic>을 보관하는 시설
#00682,마을의 아이템을 보관하는 시설
#00683,에너지를 보관하는 시설
#00684,보물을 보관하는 시설
#00685,때때로 수산물이 나타납니다.
#00686,<pic=grass>을 수확하는 시설
#00687,<pic=wood>를 벌채하는 시설
#00688,낙농가가 <pic=food>을 채집하는 시설
#00689,<pic=iron>을 채굴하는 시설
#00690,<pic=magic>을 채굴하는 시설
#00691,에너지를 채굴하는 시설
#00692,주위에 효과를 미치는 시설
#00693,MP와 활력이 잘 회복된다.
#00694,관광객을 마을로 안내하는 시설
#00695,영지 밖 황무지를 개간하는 거점
#00696,말을 빌려갈 수 있는 시설
#00697,두 마을 간 물품을 옮기는 시설
#00698,보물을 감정할 수 있는 시설
#00699,회복할 수 있는 시설
#00700,연구할 수 있는 시설
#00701,이용하면 경험치를 얻을 수 있다.
#00702,간단한 요리를 만들 수 있는 시설
#00703,침략 온 적을 유인합니다.
#00704,이용하면 때때로 뭔가를 얻는다.
#00705,주변의 내구도가 오르는 시설
#00706,초목이 우거진 곳에 설치하세요
#00707,영지 밖에서 채집하는 거점
#00708,가게에 쓰일 재료를 놓습니다.
#00709,기분 좋게 잘 수 있습니다.
#00710,동거인을 설정할 수 있습니다.
#00711,상품을 건네는 곳
#00712,상품을 진열하는 곳
#00713,국왕이 때때로 뽐내는 곳입니다.
#00714,연구에 쓰이는 시설입니다.
#00715,회복에 도움을 줍니다.
#00716,장신구를 만들어 판매합니다.
#00717,음식을 만들어 판매합니다.
#00718,보물을 감정합니다.
#00719,가구를 만들어 판매합니다.
#00720,무기를 만들어 판매합니다.
#00721,방어구를 만들어 판매합니다.
#00722,기술을 만들어 판매합니다.
#00723,아이템을 만들어 판매합니다.
#00724,때때로 아이템을 얻습니다.
#00725,때때로 광석을 얻습니다.
#00726,때때로 요리를 발견합니다.
#00727,씨를 수확할 수 있습니다.
#00728,방을 꾸밀 수 있습니다.
#00729,수련을 통해 능력을 기릅니다.
#00730,때때로 물이 나옵니다.
#00731,공구를 얻을 수 있습니다.
#00732,이용하면 경험치를 얻을 수 있다.
#00733,광석을 얻을 수 있습니다.
#00734,친구가 잠시 머물 수 있는 시설
#00735,관광 온 모험가가 머무는 시설
#00736,아이를 맞이하기 위한 가구
#00737,집주인이 토벌을 떠나면 따라간다.
#00738,수명을 다한 사람에게 도움이 된다.
#00739,황폐합니다.
#00740,드래곤을 타고 갈 수 있습니다.
#00741,침략 온 적을 빠트립니다.
#00742,침략 온 적에 맞서 싸워줍니다.
#00743,파견 중인 동료가 회복하는 시설
#00744,장비를 강화할 수 있는 시설
#00745,친구를 관리하는 시설
#00746,미션을 관리하는 시설
#00747,친구와 협력하는 시설
#00748,비보를 취급하는 시설
#00749,몬스터를 관리하는 시설
#00750,트로피를 받을 수 있는 시설
#00751,매일 랭킹에 도전하는 시설
#00752,친구를 찾아볼 수 있는 시설
#00753,A랭크 이하 직업을 중매하는 시설
#00754,소재를 파는 시설
#00755,금전과 교환할 수 있는 시설
#00756,동료를 스승으로 둘 수 있는 시설
#00757,몬스터를 합성할 수 있는 시설
#00758,몬스터를 판매하는 시설
#00759,카이로군과 싸울 수 있는 시설
#00760,전 세계 유저와 싸울 수 있는 시설
#00761,대단히 긍지 높은 왕이었습니다.
#00762,동전을 보관하는 시설
#00763,은전을 보관하는 시설
#00764,금전을 보관하는 시설
#00765,항상 고마운 존재
#00766,보물을 보관하는 시설
#00767,아이템을 보관하는 시설
#00768,마을 아이들을 보살피는 시설
#00769,밖에 두면 밤에 적들이 들끓는다.
#00770,침략해 온 적이 꼬이는 시설입니다.
#00771,알을 보관하는 시설
#00772,때때로 선물을 줍니다.
#00773,강력한 몬스터가 살고 있습니다.
#00774,마을 간 이사를 담당합니다
#00775,장비를 교환할 수 있는 시설
#00776,다양한 물건을 사들이는 시설
#00777,데이트하면 친밀도가 오릅니다.
#00778,영지에 있는 물웅덩이를 메꾼다.
#00779,예술 작품을 창작하는 방
#00780,조사 거점이 되는 방
#00781,곤충을 채집할 수 있는 곳
#00782,비행선 승객들이 즐기는 전시대
#00783,계산대와 교체할 수 있다.
#00784,순록을 탈 수 있는 시설
#00785,비행선이 주기하는 곳
#00786,수집품을 소장하는 곳
#00787,물고기를 낚을 수 있는 곳
#00788,융단을 탈 수 있는 시설
#00789,=#00001
#00790,D~A급 건축물이 등장!
#00791,<0>월 <1>일~<2>일까지 <3> 출현 중
#00792,상급 창고
#00793,D~A급 무기가 등장!
#00794,n/a
#00795,D～A급 무기 GET 10일까지 카이로 시리즈 출현
#00796,D～A급 무기 GET 25일까지 카이로 시리즈 출현
#00797,오늘은 S급 지팡이 계열 무기가 출현 중!
#00798,오늘은 S급 곤봉 계열 무기가 출현 중!
#00799,오늘은 S급 창 계열 무기가 출현 중!
#00800,오늘은 S급 망치 계열 무기가 출현 중!
#00801,오늘은 S급 검 계열 무기가 출현 중!
#00802,오늘은 S급 총 계열 무기가 출현 중!
#00803,오늘은 S급 활 계열 무기가 출현 중!
#00804,오늘은 S급 도끼 계열 무기가 출현 중!
#00805,친구를 도우면 보너스 GET!
#00806,=#00794
#00807,멋진 아이템이 등장!
#00808,=#00794
#00809,C～A급 직업이 등장!
#00810,=#00001
#00811,<0>월 <1>일~<2>일까지 ‘<3>’ 출현 중!
#00812,S급 사무라이
#00813,S급 바이킹
#00814,S급 해적
#00815,S급 용사
#00816,S급 위저드
#00817,S급 상공업자
#00818,S급 중기사
#00819,S급 거너
#00820,S급 궁수
#00821,S급 닌자
#00822,S급 수도사
#00823,S급 위병
#00824,S급 기사
#00825,S급 마법사
#00826,오늘은 전 직업 S급 출현 중!
#00827,S급 산타
#00828,안녕하세요.<br>곧 건국의 땅으로 이동합니다.<br>잠시만 기다려주세요.
#00829,화면에 개체가 너무 많다면<br>메뉴 → ‘설정’에서<br>조절해보세요.
#00830,게임을 삭제하면<br>데이터가 사라지니<br>조심하세요!
#00831,통신 상태가 좋은 곳에서<br>플레이해주세요!
#00832,게임을 잠시 쉴때는<br>꼭 저장해주세요.<br>※자동 저장도 된답니다.
#00833,게임 정보는 주로<br>단말기에 저장됩니다<br>용량에 주의하세요
#00834,마구간을 설치하면<br>동료가 파견 나갈 때<br>사용한답니다
#00835,구름을 걷어내다 보면<br>마을이 랭크업합니다
#00836,풀은…<br>밭을 만들면<br>손쉽게 얻을 수 있어요
#00837,목재는…<br>벌목소를 만들면<br>손쉽게 얻을 수 있어요
#00838,식량은…<br>낙농가를 동료로 들이면<br>손쉽게 얻을 수 있어요
#00839,광석은…<br>사막 혹은 암반을 파면<br>나오곤 합니다
#00840,마석은…<br>붉은 돌을 채굴하면<br>나오곤 합니다
#00841,에너지를 더 많이 얻고 싶다면<br>발굴 시설을 만들어보세요.
#00842,자원을 많이 모으기 위해선<br>창고를 많이<br>지어야 합니다
#00843,밤이 되면…<br>적이 침략하기도 합니다.<br>근처에 있는 적을 무찔러 두세요!
#00844,어느 구역에는<br>왕국 발전에 도움이 될<br>‘비보’가 숨겨져 있답니다!
#00845,구름이 있는 곳으로<br>파견을 보내<br>영지를 넓힙시다
#00846,여관에 묵고 있는 모험가는<br>보스와 싸울 때<br>도와줍니다
#00847,기술을 얻으면<br>장비할 수 있는 사람에게<br>익혀둡시다
#00848,무기점과 방어구점을 열면<br>무기와 방어구를<br>살 수 있답니다
#00849,빛나는 몬스터가 나타나면<br>주력 인원을 보내<br>무찌릅시다!
#00850,항구에서 마을에 있는<br>가게까지 간판을 세워<br>손님을 안내하세요
#00851,전설의 대장간을 찾아내<br>무기를 강화하세요
#00852,토벌하러 간<br>친구를 돕는다면<br>답례를 받을 수도 있어요!
#00853,마을에 불러들인 관광객이<br>마을에 있는 가게를 이용하면<br>동전을 얻을 수 있어요
#00854,카이로 계정에<br>로그인해서<br>보너스를 받으세요
#00855,새로운 구역을 발견하면<br>보스와 가까워지도록<br>파견 위치를 조정해주세요
#00856,무기에는 장소에 따른<br>상성이 있어서<br>잘 맞으면 공격력이 올라요
#00857,무기점과 방어구점<br>공방의 레벨을 올리면<br>새로운 상품을 발견할 수 있어요
#00858,보스에게 파견한 동료들이<br>모두 도착하면<br>적들이 쏟아져 나와요
#00859,개척이 어느 정도 진행되면<br>친구를 등록할 수 있어요!
#00860,메뉴 → ‘목록’에 있는<br>전체용 아이템을<br>잘 활용해주세요
#00861,창고의 용량을 늘리려면<br>같은 종류의 창고를<br>다수 설치해야 해요
#00862,고양미 씨의 튜토리얼은<br>×버튼을 눌러 넘길 수 있어요
#00863,황무지를 원상태로 되돌리는<br>전체용 아이템이 있어요
#00864,너무 멀리 떨어져 있는 물건은<br>주으러 가지 않아요
#00865,동전을 얻으면<br>’동전 상자’를 만들어 주세요!
#00866,평민의 집
#00867,왕의 방
#00868,무기점
#00869,방어구점
#00870,아이템점
#00871,가구점
#00872,기술점
#00873,여관
#00874,음식점
#00875,장신구점
#00876,회복소
#00877,감정소
#00878,연구소
#00879,병원
#00880,교회
#00881,저택
#00882,몬스터 하우스
#00883,조사단실
#00884,과수원
#00885,산타 하우스
#00886,화실
#00887,곤충관
#00888,수족관
#00889,동물원
#00890,박물관
#00891,다이아
#00892,=#00001
#00893,풀
#00894,목재
#00895,식량
#00896,광석
#00897,마석
#00898,에너지
#00899,직업 무역권
#00900,장비 무역권
#00901,시설 무역권
#00902,아이템 무역권
#00903,친구 무역권
#00904,동전
#00905,은전
#00906,금전
#00907,다이아 200개
#00908,대량의 다이아를 얻습니다.
#00909,dia_200_case0
#00910,다이아 1000개
#00911,dia_1000_case0
#00912,다이아 3600개
#00913,dia_3600_case0
#00914,다이아 8000개
#00915,dia_8000_case0
#00916,카이로랜드
#00917,다이아를 받자!
#00918,Tapjoy
#00919,화면 공유<br>보너스 있음
#00920,화면을 공유해 다이아를 얻자!
#00921,화면 공유<br>보너스 없음
#00922,화면을 공유하자!
#00923,리뷰<br>해줘
#00924,이 게임을 꼭 리뷰해줘!
#00925,에너지 회복
#00926,마을의 에너지가<br>가득 찹니다
#00927,에너지가 가득 찼다!
#00928,확산 회복약
#00929,모든 주민의 HP를<br>50% 회복합니다
#00930,주민 전원의 HP가 50％ 회복되었다
#00931,회복약
#00932,주민 1명의 HP를<br>50% 회복합니다
#00933,HP가 50％ 회복되었다
#00934,마법의 피리
#00935,주민 전원이 마을 회관으로 즉시 이동<br>※토벌 중인 주민은 오지 않습니다
#00936,주민 전원을 마을 회관으로 불렀다!<br>※잠시 뒤에 돌아옵니다
#00937,작은 피리
#00938,주민 1명을 마을 회관으로 즉시 이동<br>※토벌 중인 주민은 오지 않습니다
#00939,마을 회관으로 불렀다!<br>※잠시 뒤에 돌아옵니다
#00940,성스러운 약초
#00941,모든 주민의 MP를<br>100% 회복합니다
#00942,MP가 회복되었다
#00943,성스러운 잎사귀
#00944,주민 1명의 MP를<br>100% 회복합니다
#00945,활력 스튜
#00946,모든 주민의 활력을<br>100% 회복합니다
#00947,활력이 회복되었다
#00948,활력 주먹밥
#00949,주민 1명의 활력을<br>100% 회복합니다
#00950,마법의 비약
#00951,모든 주민의 수명이<br>1 늘어납니다
#00952,주민 전원의 수명이 1 늘었다
#00953,소량의 비약
#00954,주민 1명의 수명이<br>1 늘어납니다
#00955,수명이 1 늘었다
#00956,운명의 초
#00957,주민 1명의 수명을 무한으로 만든다
#00958,수명이 무한이 되었다!
#00959,자명종
#00960,모든 주민을 깨웁니다.<br>※밤에 이용해 주세요.
#00961,주민들이 깨어났습니다!<br>오늘은 잠을 안 잘 듯합니다
#00962,왕국의 근원
#00963,주민 전원에게 모든 경험치를 준다
#00964,주민 전원의 모든 EXP가<br><0> 늘었다
#00965,카이로 푸딩
#00966,와이로 푸딩
#00967,카이로 케이크
#00968,와이로 케이크
#00969,HP의 근원
#00970,주민 전원에게 HP 경험치를 준다
#00971,모든 주민의 HP EXP가<br><0> 늘었다
#00972,MP의 근원
#00973,주민 전원에게 MP 경험치를 준다
#00974,모든 주민의 MP EXP가<br><0> 늘었다
#00975,활력의 근원
#00976,주민 전원에게 활력 경험치를 준다
#00977,모든 주민의 활력 EXP가<br><0> 늘어납니다
#00978,힘의 근원
#00979,주민 전원에게 공격 경험치를 준다
#00980,모든 주민의 공격 EXP가<br><0> 늘었다
#00981,수호의 근원
#00982,주민 전원에게 방어 경험치를 준다
#00983,모든 주민의 방어 EXP가<br><0> 늘었다
#00984,민첩의 근원
#00985,주민 전원에게 민첩 경험치를 준다
#00986,모든 주민의 민첩 EXP가<br><0> 늘었다
#00987,운의 근원
#00988,주민 전원에게 운 경험치를 준다
#00989,모든 주민의 운 EXP가<br><0> 늘었다
#00990,기적의 쇠망치
#00991,공사 중인 건물이 바로 완료됩니다
#00992,건축을 마쳤다
#00993,지혜의 근원
#00994,주민 전원에게 지혜 경험치를 준다
#00995,모든 주민의 지혜 EXP가<br><0> 늘었다
#00996,재능의 근원
#00997,주민 전원에게 재능 경험치를 준다
#00998,모든 주민의 재능 EXP가<br><0> 늘었다
#00999,채집의 근원
#01000,주민 전원에게 채집 경험치를 준다
#01001,모든 주민의 채집 EXP가<br><0> 늘었다
#01002,이동의 근원
#01003,주민 전원에게 이동 경험치를 준다
#01004,모든 주민의 이동 EXP가<br><0> 늘었다
#01005,사랑의 근원
#01006,주민 전원에게 애정 경험치를 준다
#01007,모든 주민의 애정 EXP가<br><0> 늘었다
#01008,스피드 신발
#01009,일시적으로 모든 주민의 이동 속도 UP
#01010,이동 속도가<br>일시적으로 빨라집니다!
#01011,은총의 비
#01012,황무지가 자연 생태를 회복합니다
#01013,모든 황무지가<br>회복되었다!
#01014,전 자원 자루
#01015,마을의 모든 자원
#01016,모든 자원이<br>가득 찼다
#01017,<pic=grass> 자루
#01018,특정 자원이<br>가득 찹니다
#01019,<pic=grass>이 가득 찼다
#01020,<pic=wood> 자루
#01021,<pic=wood>가 가득 찼다
#01022,<pic=food> 자루
#01023,<pic=food>이 가득 찼다
#01024,<pic=iron> 자루
#01025,<pic=iron>이 가득 찼다
#01026,<pic=magic> 자루
#01027,<pic=magic>이 가득 찼다
#01028,스킬 슬롯 UP
#01029,지정한 주민의 스킬 슬롯이<br>1 늘어납니다
#01030,스킬 슬롯이<br>1 늘었다!
#01031,동 트로피
#01032,주로 트로피 전당에서 얻는다<br>관상용
#01033,지긋이 바라봤다
#01034,은 트로피
#01035,금 트로피
#01036,카이로 성배
#01037,용기의 왕관
#01038,밭 모종
#01039,나무 열매
#01040,왕국 깃발
#01041,왕국 천연수
#01042,튼튼한 판자
#01043,대못
#01044,질긴 밧줄
#01045,고급 벽돌
#01046,철광석
#01047,동
#01048,금괴
#01049,실크
#01050,질긴 옷감
#01051,예쁜 옷감
#01052,약초
#01053,생명의 잎사귀
#01054,마력의 뿌리
#01055,향기로운 꽃
#01056,생명의 병
#01057,마력의 병
#01058,마법사의 약
#01059,마도사의 약
#01060,현자의 약
#01061,에너지 드링크
#01062,달콤한 약
#01063,맛 좋은 버섯
#01064,영양 버섯
#01065,신선한 콩
#01066,감자
#01067,무
#01068,당근
#01069,양파
#01070,양배추
#01071,토마토
#01072,옥수수
#01073,마늘
#01074,샐러드
#01075,베리
#01076,오렌지
#01077,사과
#01078,바나나
#01079,배
#01080,딸기
#01081,포도
#01082,멜론
#01083,파인애플
#01084,과일 세트
#01085,소라
#01086,대합
#01087,전갱이
#01088,가다랑어
#01089,돔
#01090,성게
#01091,새우
#01092,게
#01093,=#00304
#01094,=#00301
#01095,뼈 있는 고기
#01096,고깃덩이
#01097,통구이
#01098,차돌박이
#01099,두터운 고기
#01100,채소 주스
#01101,믹스 주스
#01102,우유
#01103,포도 주스
#01104,탄산 주스
#01105,달걀
#01106,치즈
#01107,빵
#01108,바게트
#01109,식빵
#01110,햄버거
#01111,도넛
#01112,푸딩
#01113,아이스크림
#01114,케이크
#01115,카이로 케이크
#01116,감자튀김
#01117,초밥
#01118,초밥 세트
#01119,야채수프
#01120,크림수프
#01121,스튜
#01122,소고기 스튜
#01123,빠에야
#01124,피자
#01125,스테이크
#01126,카레
#01127,오므라이스
#01128,볶음면
#01129,볶음밥
#01130,파스타
#01131,무기 원료
#01132,방패 원료
#01133,갑옷 원료
#01134,헬멧 원료
#01135,장신구 원료
#01136,현자의 책
#01137,지식의 두루마리
#01138,카이로 쿠키
#01139,와이로 쿠키
#01140,D급 국왕
#01141,나라에서 가장 높은 사람
#01142,C급 국왕
#01143,B급 국왕
#01144,A급 국왕
#01145,S급 국왕
#01146,D급 상공업자
#01147,1명은 꼭 있어야 할 보물 감정과 여관 경영 담당.
#01148,C급 상공업자
#01149,B급 상공업자
#01150,A급 상공업자
#01151,=#00817
#01152,D급 농민
#01153,수확과 벌목이 특기며 제초 작업도 빠르다!
#01154,C급 농민
#01155,B급 농민
#01156,A급 농민
#01157,S급 농민
#01158,D급 목수
#01159,공사가 특기며 시설 수리도 담당한다.
#01160,C급 목수
#01161,B급 목수
#01162,A급 목수
#01163,S급 목수
#01164,D급 운반부
#01165,배달이 특기며 마을 간에 자원을 옮길 수 있다.
#01166,C급 운반부
#01167,B급 운반부
#01168,A급 운반부
#01169,S급 운반부
#01170,D급 상인
#01171,가게 개점이 특기며 항상 활기가 넘친다
#01172,C급 상인
#01173,B급 상인
#01174,A급 상인
#01175,S급 상인
#01176,D급 연구가
#01177,연구를 전담하며 마을마다 1명은 필요하다
#01178,C급 연구가
#01179,B급 연구가
#01180,A급 연구가
#01181,S급 연구가
#01182,D급 요리사
#01183,음식점을 경영하며 주민 육성에도 도움이 된다
#01184,C급 요리사
#01185,B급 요리사
#01186,A급 요리사
#01187,S급 요리사
#01188,D급 공예가
#01189,가구점을 경영하는 직업, 마을에 1명은 필요하다
#01190,C급 공예가
#01191,B급 공예가
#01192,A급 공예가
#01193,S급 공예가
#01194,D급 대장장이
#01195,무기점과 방어구점을 경영하는 직업
#01196,C급 대장장이
#01197,B급 대장장이
#01198,A급 대장장이
#01199,S급 대장장이
#01200,D급 의사
#01201,치료의 전문가
#01202,C급 의사
#01203,B급 의사
#01204,A급 의사
#01205,S급 의사
#01206,D급 수도사
#01207,부활과 수명의 전문가
#01208,C급 수도사
#01209,B급 수도사
#01210,A급 수도사
#01211,=#00822
#01212,D급 낙농가
#01213,목장에서 가축을 기를 수 있다
#01214,C급 낙농가
#01215,B급 낙농가
#01216,A급 낙농가
#01217,S급 낙농가
#01218,D급 위병
#01219,마을을 지키기에 적합한 밸런스형 병사
#01220,C급 위병
#01221,B급 위병
#01222,A급 위병
#01223,=#00823
#01224,D급 기사
#01225,공세에 특화된 공격적인 직업
#01226,C급 기사
#01227,B급 기사
#01228,A급 기사
#01229,=#00824
#01230,D급 마법사
#01231,마법을 사용하는 직업
#01232,C급 마법사
#01233,B급 마법사
#01234,A급 마법사
#01235,=#00825
#01236,D급 중기사
#01237,방어전에 특화된 수비적인 직업
#01238,C급 중기사
#01239,B급 중기사
#01240,A급 중기사
#01241,=#00818
#01242,D급 거너
#01243,총기를 잘 다루는 직업
#01244,C급 거너
#01245,B급 거너
#01246,A급 거너
#01247,=#00819
#01248,D급 궁수
#01249,활을 잘 다루는 직업
#01250,C급 궁수
#01251,B급 궁수
#01252,A급 궁수
#01253,=#00820
#01254,D급 닌자
#01255,스피드에 특화된 직업
#01256,C급 닌자
#01257,B급 닌자
#01258,A급 닌자
#01259,=#00821
#01260,D급 사무라이
#01261,직선적인 공격에 특화된 직업
#01262,C급 사무라이
#01263,B급 사무라이
#01264,A급 사무라이
#01265,=#00812
#01266,D급 바이킹
#01267,반격이 특기인 직업
#01268,C급 바이킹
#01269,B급 바이킹
#01270,A급 바이킹
#01271,=#00813
#01272,D급 해적
#01273,범위 공격이 특기인 직업
#01274,C급 해적
#01275,B급 해적
#01276,A급 해적
#01277,=#00814
#01278,D급 용사
#01279,마법도 쓸 수 있는 만능형 직업
#01280,C급 용사
#01281,B급 용사
#01282,A급 용사
#01283,=#00815
#01284,D급 위저드
#01285,강력한 마법을 사용하는 직업
#01286,C급 위저드
#01287,B급 위저드
#01288,A급 위저드
#01289,=#00816
#01290,적 캐릭터 2
#01291,"=MID(#01290,1,-1)&'3'"
#01292,"=MID(#01290,1,-1)&'4'"
#01293,관광객
#01294,F급 사부
#01295,전 직업 각성에 도움을 주는 직업
#01296,=#00827
#01297,연말에 찾아오는 전설의 투사
#01298,D급 유격병
#01299,자유롭게 밖을 탐색하는 병사
#01300,C급 유격병
#01301,B급 유격병
#01302,A급 유격병
#01303,S급 유격병
#01304,D급 마검사
#01305,마법과 공격 양면으로 활약하는 직업
#01306,C급 마검사
#01307,B급 마검사
#01308,A급 마검사
#01309,S급 마검사
#01310,D급 광전사
#01311,적 방어를 파괴하며 싸우는 직업
#01312,C급 광전사
#01313,B급 광전사
#01314,A급 광전사
#01315,S급 광전사
#01316,D급 예술가
#01317,화실에서 미술품을 만드는 직업
#01318,C급 예술가
#01319,B급 예술가
#01320,A급 예술가
#01321,S급 예술가
#01322,D급 흥행사
#01323,수집품을 전시하는 직업
#01324,C급 흥행사
#01325,B급 흥행사
#01326,A급 흥행사
#01327,S급 흥행사
#01328,D급 조련사
#01329,야생 동물을 포획할 수 있는 직업
#01330,C급 조련사
#01331,B급 조련사
#01332,A급 조련사
#01333,S급 조련사
#01334,D급 후계자
#01335,왕의 자식이며 뭘 해도 만능이다
#01336,C급 후계자
#01337,B급 후계자
#01338,A급 후계자
#01339,S급 후계자
#01340,국왕
#01341,상공업자
#01342,농민
#01343,목수
#01344,운반부
#01345,상인
#01346,연구가
#01347,요리사
#01348,공예가
#01349,대장장이
#01350,의사
#01351,수도사
#01352,낙농가
#01353,위병
#01354,기사
#01355,마법사
#01356,중기사
#01357,거너
#01358,궁수
#01359,닌자
#01360,사무라이
#01361,바이킹
#01362,해적
#01363,용사
#01364,위저드
#01365,사부
#01366,산타
#01367,유격병
#01368,마검사
#01369,광전사
#01370,예술가
#01371,흥행사
#01372,조련사
#01373,후계자
#01374,0	2	▼왕국건설 스토리<br>왕국을 발전시키는 시뮬레이션 게임입니다.<br>최강의 동료들과 함께 마을의 평화를 되찾읍시다.<br><br>전국의 라이벌들과 경쟁해 세계 최고의 왕국을 만들어보세요.
#01375,토지
#01376,물
#01377,=#01376
#01378,=#01376
#01379,=#01376
#01380,지면
#01381,=#01380
#01382,=#01380
#01383,=#00893
#01384,모래
#01385,암반
#01386,눈
#01387,습지
#01388,화산
#01389,설원 지대
#01390,사막 지대
#01391,화산 지대
#01392,암반 지대
#01393,습지대
#01394,초원 지대
#01395,토지 경계
#01396,공사 현장
#01397,공사 예정지
#01398,미개방지 구름
#01399,황무지
#01400,측면
#01401,잔해
#01402,구역 철거
#01403,교체
#01404,작은 토지
#01405,중간 토지
#01406,대형 토지
#01407,초대형 토지
#01408,흙길
#01409,도로
#01410,다리
#01411,마루
#01412,동굴
#01413,현관
#01414,던전 출입구
#01415,실내 문_미사용
#01416,마을 회관
#01417,적 마을 회관
#01418,=#00001
#01419,선착장
#01420,항구
#01421,=#00340
#01422,야간 집결 장소
#01423,낮은 망루
#01424,망루
#01425,재료
#01426,풀 창고
#01427,목재 창고
#01428,식량 창고
#01429,광석 창고
#01430,마석 창고
#01431,아이템 창고
#01432,에너지 창고
#01433,보물 창고
#01434,밭
#01435,벌목소
#01436,용수로
#01437,목장
#01438,광석 광산
#01439,마석 광산
#01440,에너지 광산
#01441,울타리 방벽
#01442,나무 방벽
#01443,튼튼한 방벽
#01444,성벽
#01445,방벽 출입문
#01446,적의 방벽
#01447,간판
#01448,임시 구호소
#01449,야외 감정소
#01450,야외 연구소
#01451,짐수레 주차장
#01452,마구간
#01453,황무지 표시
#01454,우물
#01455,회복의 샘
#01456,마물의 석상
#01457,액막이 보옥
#01458,액막이 검
#01459,액막이 비석
#01460,풍차
#01461,여신의 석상
#01462,간이 화덕
#01463,모닥불
#01464,분수
#01465,화단
#01466,정원수
#01467,나무
#01468,휴식처
#01469,원정 오두막
#01470,동물 먹이
#01471,가시 함정
#01472,벤치
#01473,딱딱한 침대
#01474,침대
#01475,왕의 침대
#01476,동거 침대
#01477,붉은 융단
#01478,푹신한 융단
#01479,검은 깔개
#01480,풀 보관함
#01481,목재 보관함
#01482,식량 보관함
#01483,광석 보관함
#01484,마석 보관함
#01485,계산대
#01486,진열대
#01487,공예품 진열대
#01488,가구 진열대
#01489,보물 감정소
#01490,=#00878
#01491,=#00879
#01492,장신구 공방
#01493,조리장
#01494,회복 장소
#01495,가구 제작소
#01496,무기 제작소
#01497,방어구 제작소
#01498,기술 제작소
#01499,아이템 조합소
#01500,=#00867
#01501,훈련장
#01502,사격 훈련장
#01503,마법 훈련장
#01504,광석 정제소
#01505,책상
#01506,식탁
#01507,소파
#01508,의자
#01509,물동이
#01510,공구 정제소
#01511,양초
#01512,모종판
#01513,갑옷 장식
#01514,양복 수납장
#01515,조리대
#01516,선반
#01517,책장
#01518,서랍장
#01519,부엌장
#01520,꽃병
#01521,동물 장식
#01522,화장대
#01523,아궁이
#01524,난로
#01525,창문
#01526,욕조
#01527,회복 욕조
#01528,빛나는 돌
#01529,관엽식물
#01530,=#01071
#01531,꽃
#01532,팬지
#01533,공부 책상
#01534,통나무 다리
#01535,보물 출현 연출
#01536,드래곤 오두막
#01537,함정 구덩이
#01538,몬스터 오두막
#01539,보육소
#01540,황무지
#01541,혼돈의 바위
#01542,와이로 던전
#01543,원정 회복소
#01544,=#00254
#01545,친구 우체국
#01546,미션 지령실
#01547,주간 토벌 시설
#01548,비보 상점
#01549,몬스터 목장
#01550,트로피 전당
#01551,랭킹 집계판
#01552,친구 소개소
#01553,직업 소개소
#01554,소재 상점
#01555,금전 교환소
#01556,스승의 방
#01557,몬스터 합성소
#01558,몬스터 소개소
#01559,지하 전투장
#01560,=#00880
#01561,친구 침대
#01562,관광객 침대
#01563,아기 침대
#01564,몬스터 방
#01565,선대의 석상
#01566,동전 상자
#01567,은전 상자
#01568,금전 상자
#01569,킹 카이로상
#01570,마을 회관 창고
#01571,몬스터 먹이
#01572,음식점 선반
#01573,알 창고
#01574,오두막
#01575,전설의 동굴
#01576,이사 센터
#01577,카이로 방
#01578,장비 교환소
#01579,매매소
#01580,데이트 명소
#01581,상급 풀 창고
#01582,상급 목재 창고
#01583,상급 식량 창고
#01584,상급 광석 창고
#01585,상급 마석 창고
#01586,상급 에너지 창고
#01587,상급 보물 창고
#01588,상급 아이템 창고
#01589,상급 알 창고
#01590,영지 메우기
#01591,과수
#01592,그림 제작소
#01593,조사 거점
#01594,곤충 스폿
#01595,열매 열린 나무
#01596,동물 우리
#01597,작품 진열대
#01598,수조
#01599,곤충 보관함
#01600,계산원
#01601,산타의 방
#01602,장식된 썰매
#01603,순록 오두막
#01604,비행선 주기장
#01605,수집가의 방
#01606,낚시터
#01607,비행 융단
#01608,=#00894
#01609,=#00895
#01610,=#00896
#01611,=#00897
#01612,에너지
#01613,아이템
#01614,알
#01615,보물
#01616,무작위 자원을 <0>개 모으기
#01617,동전 <0>개 모으기
#01618,동굴 <0>번 토벌하기
#01619,밭 모종 <0>개 모으기
#01620,튼튼한 판자 <0>개 모으기
#01621,친구와 함께 토벌 <0>회
#01622,몬스터 <0>마리 처치하기
#01623,<1> <0>마리 처치하기
#01624,영석이
#01625,오늘만을 위해<br>열심히 갈고 닦았어요.
#01626,꽃지렁이
#01627,마침 어제 피었으니<br>정말 승부 보기 좋을 때네요.
#01628,매탈볼
#01629,안녕하세요. 매탈볼이라고 해요.<br>요즘 무설탕 다이어트 중이랍니다
#01630,띵커벨
#01631,후후후, 다들 저를<br>스트레스의 요정이라고 부르죠
#01632,땅고기
#01633,우쒸! 우이쒸!<br>아주 혼쭐을 내주마!
#01634,삥아리
#01635,야! 너!<br>응?! 야! 엉?!
#01636,깨물버섯
#01637,이놈들! 덤볐…<br>아… 혀 깨물었다…
#01638,뉘며느리
#01639,방금까지 몸을 말고 있었으니<br>기운이 넘친다고!
#01640,알파카 라이더
#01641,안녕!<br>알파카 라이더라고 해!
#01642,땅개용
#01643,굳이 이런 곳까지 오다니<br>별난 녀석이군!
#01644,가위지네
#01645,이건 뿔이 아니라 가위예요!<br>잘게 썰어드리죠!
#01646,이끼버섯
#01647,저 안 썩었어요!<br>이끼가 꼈을 뿐이라고요!
#01648,고불인
#01649,하하하!<br>마구마구 두들겨주마!
#01650,뿔난 멧돼지
#01651,하하하!<br>모두 내 콧김으로 날려주마!
#01652,고오올렘
#01653,찌그러트려주마!<br>고오오!
#01654,앵벌레
#01655,번데기가 되기 위해<br>식사 중이니 건들지마!
#01656,풀구리
#01657,잡초가 말을 한다고?!<br>이 자식! 나 잡초 아냐!
#01658,잉삼
#01659,우릴 먹어도 맛없어!
#01660,토우나무
#01661,잘 왔다…<br>이제 여긴 네 묘지가 될 것이다!!
#01662,브로코
#01663,이것 봐~ 맛있게 데친<br>브로콜리라고~?
#01664,짜과
#01665,으악! 깜짝이야!<br>갑자기 튀어나오지 말라고!
#01666,박살란
#01667,누가 먼저 깨지나<br>한번 볼까!
#01668,덩구리
#01669,내 자식을 잡초 취급했겠다?<br>혼내주마!
#01670,절규벌레
#01671,나비가 되기 위해<br>식사 중이니 건들지마!
#01672,일격벌
#01673,부~웅 부부부부부<br>부부부 부~웅
#01674,양아치킨
#01675,훗, 여기까지 올 줄이야<br>찐하게 붙어보자고!
#01676,인면수
#01677,내가 웃는 것처럼 보여?!<br>나 지금 화났다고!
#01678,나는나비
#01679,드디어 나비가 되었어!<br>이제 예전과 다를거라고!
#01680,텐트암
#01681,이 돌껍질이 내 집인데<br>30년 대출 들어서 샀다고
#01682,석삼
#01683,따개비 아냐!
#01684,뿔났석
#01685,평소엔 꼬치구이 할 때 썼지만<br>이번엔 널 꿰뚫어주마!
#01686,더벅초
#01687,누가 더 넓게 뿌리를 뻗나<br>한번 붙어볼까!
#01688,마하 박쥐
#01689,퍼덕 퍼덕 퍼덕~ 안녕하세요~<br>날려드릴게요~
#01690,암암
#01691,암념, 반가웜.<br>인사는 이쯤하고 덤벼라!
#01692,돌짱
#01693,누가 더 힘이 센지 보고 싶어?<br>그럼 덤벼!
#01694,광석게
#01695,요즘 앞으로 걷는<br>연습을 하고 있어요
#01696,뾰족암
#01697,엉~ 그래! 들어와!<br>들어오라고!
#01698,나본거암
#01699,제 눈매가 더러운 건 아는데요<br>전 그쪽 안 째려봤어요!
#01700,괴수 야바위
#01701,바위에서 태어난 괴수라고!<br>무섭지!!
#01702,바위마인
#01703,땅하면 시작이다! 알겠지?<br>땅! 시작!
#01704,꼴렘
#01705,이 풀 가발<br>멋있지?
#01706,메롱Z
#01707,마구마구<br>핥아주지!!
#01708,코코먹
#01709,코코넛 싫어해~?<br>그러지 말고 같이 놀자고!
#01710,또본거암
#01711,내 아이를 혼냈다지?!<br>짓이겨주마!
#01712,그래곤
#01713,쿠오오오오!!<br>마구 으깨주마!!
#01714,골골해적
#01715,제 생전 직업이 해적이었어요<br>너! 내 동료가 돼라!
#01716,모래벌레
#01717,내 66년을 사막에서 살아서 잘 알지<br>살기엔 사막이 딱이라고!
#01718,찌를건갈
#01719,오호! 찌르기 좋아 보이는 표정이군요!<br>좋아요! 찔러볼까요!
#01720,휴미지옥
#01721,이런이런, 또 이렇게<br>가여운 먹잇감들이 왔구나
#01722,쏜인장
#01723,아야야, 이 가시를 뽑아서…<br>너희들을 찔러주겠어!!
#01724,소세장어
#01725,좋아!  드디어 내 차례네!<br>어서 덤비라고!
#01726,내밀레온
#01727,우와! 드디어…<br>내 차례가 왔구나!
#01728,사막꼬리
#01729,내 영역에 들어온 이상<br>각오하라고!
#01730,뼈고기
#01731,무, 물…<br>삐쩍 말라버릴 것만 같아!
#01732,머미라
#01733,붕대가 부족해!<br>붕대 어딨어!
#01734,모래괴물
#01735,내 99년을 사막에서 살아서 잘 알지<br>살기엔 사막이 딱이라고!
#01736,타북이
#01737,타고 싶어? 그래, 타.<br>거북이보다 느리지만!!
#01738,아지렁이
#01739,……들켰나<br>이렇게 된 이상 끌어들일 수밖에
#01740,찌르래곤
#01741,더 강한 녀석이랑 싸우고 싶어!<br>그 뿐이다!
#01742,퀸 쏜인장
#01743,호호호~ 예쁜 꽃은 가시가 있는 법!
#01744,킹 고부라
#01745,내 동료들을 해치웠겠다?!<br>통째로 삼켜주마!
#01746,뿅뿅이
#01747,뿅~ 뿅~<br>뿅뿅뿅~
#01748,눈사람벌레
#01749,이야~ 오늘 정말 춥죠?<br>까딱 잘못하면 당해 버릴것 같아요!
#01750,눈깨비불
#01751,나는 모두의 원한…<br>원념이 모여 내가 됐으니…
#01752,어름벌레
#01753,평소에 눈 밑에 숨어있다가<br>먹이가 나타나면 이렇게 튀어나오지!
#01754,얾얾
#01755,앗. 정말로 공격당함.<br>큰일 났음.
#01756,눈둥이
#01757,잠깐! 난 나쁜 몬스터가 아냐!<br>조금 극악할 뿐이라고!
#01758,구악
#01759,어제 딱 300살이 됐어.<br>아직 죽을 수 없지!
#01760,얼음 정령
#01761,드디어 왔구나!<br>아주 혼쭐을 내주지!
#01762,깨물루
#01763,이글루입니다.<br>맘 편히 놓고 들어오세요!!
#01764,동상녀
#01765,흑흑… 너무 외로워요.<br>제 곁에 있어줘요…
#01766,빙룡
#01767,좋아!<br>한번 붙어볼까!
#01768,화이트 뱀
#01769,솔직히 그냥 겨울잠 자고 싶어…<br>널 쓰러트리고 말이지!
#01770,스노우 드래곤
#01771,여기까지 잘 왔다!<br>내 친히 너희를 쓸어주마!!
#01772,늪꺼비
#01773,개골… 개골개골<br>개굴개굴, 개~골개골!
#01774,소라징어
#01775,당신 어디선가 본 듯해요.<br>설마 전생에… 는 무슨 소리야!
#01776,반어인
#01777,늪에 끌어들여서<br>정성스레 파티해주마!
#01778,연꽃어
#01779,힐끗.<br>아직 안 들켰지?!
#01780,골순이
#01781,후후, 너희들<br>두개골이 참 예쁘구나~!
#01782,얼챙이
#01783,드, 드디어 내 차롄가!<br>너무 긴장되요!
#01784,리틀 슬라임
#01785,지금껏 잡졸 취급받던 설움…<br>이 자리에서 갚아주마!
#01786,물방울이
#01787,제 몸은 산기슭 맑은 물로<br>가득하답니다.
#01788,소북이
#01789,어느 쪽에서 덤비든 상관없어<br>상관없다니까?
#01790,거대왕꽃
#01791,자, 꽃 한가운데에 얼굴을 대봐!<br>좋은 향기가 날 거라고!
#01792,볼챙이
#01793,탱글탱글!<br>이 배로 너흴 날려보내주지!
#01794,해골벌레
#01795,우악! 살아있는 인간이다!<br>어휴, 깜짝이야…
#01796,괴조 쿠쿡
#01797,가장 아픈 곳을<br>마구 찔러주마!
#01798,캐틀 슬라임
#01799,시원하고 탱글하고<br>끈적끈적하지롱~!!
#01800,둡커비
#01801,배를 공격하면 폭발해버린다!<br>……뻥이지롱!
#01802,불씨
#01803,여러분 항상 불조심하세요!<br>안 하면 나중에 후회합니다!
#01804,화산씨
#01805,아~~~<br>분화하고 싶다~~~
#01806,미믹
#01807,아야야… 여기에서 어떻게 나가지…<br>너 깨물어버린다!
#01808,가스맨
#01809,뭉게뭉게뭉게뭉게<br>연기 때문에 앞이 안 보여!!!
#01810,골골선장
#01811,해적선에서 나왔습니다.<br>이기면 다시 돌아갈 수 있어!
#01812,불똥이
#01813,따끈따끈한~<br>마그마가~ 왔어요~
#01814,마그마 박쥐
#01815,어제 하늘을 날다가<br>숲을 통째로 불태워버렸어ㅋㅋㅋ
#01816,웁화룹화
#01817,우홋! 살아있는 인간은 처음 봐!<br>표본으로 만들어야지!
#01818,마그마 고기
#01819,어라?!<br>마그마에서 나와버렸어!
#01820,아뜨뜨 마귀
#01821,그오오오오오오<br>불렀다길래 왔습니다~!
#01822,매캐연
#01823,폭… 폭…<br>어이쿠… 또 나오네
#01824,버닝 핸드
#01825,네 심장을<br>확 사로잡을 거야!
#01826,파이드래곤
#01827,내 불꽃 숨결 앞에 재가 되어라!
#01828,뿌머연
#01829,내 솟구치는 분노를 느껴보아라!
#01830,화염 드래곤
#01831,나의 적을… 모두… 섬멸… 하겠노라…
#01832,고스트
#01833,원통하다~<br>삼각통하다~ 사각통하다~
#01834,토깽이
#01835,오! 드디어 만났구나!<br>자! 붙어볼까?
#01836,아부파라 왕
#01837,오, 반갑네.<br>국왕끼리 신나게 겨뤄보세!
#01838,꼴뚜기
#01839,화성에서 왔습니다.<br>이름은 꼴뚜기, 본적은 화성입니다.
#01840,다판다
#01841,날 판다로 봤다간…<br>큰 코 다친다!
#01842,박원령
#01843,어이쿠, 안색이 별로시네요!<br>더 하얗게 질리셔야죠!
#01844,알파카
#01845,이야~<br>딱히 할 말은 없어요.
#01846,멍뭉이
#01847,왈왈!<br>나이는 16살!
#01848,야옹이
#01849,어제 참치를 생애 처음 먹어서<br>힘이 넘친답니다!
#01850,꿀꿀이
#01851,꿀~<br>꿀~
#01852,=#00248
#01853,오, 이런 곳에서<br>카이로 유저를 만날 줄이야!
#01854,곰본좌
#01855,안녕하세요. 이번 작에는<br>혹 등장이 없나 조마조마했어요.
#01856,=#00250
#01857,후후후, 제 영악함이<br>빛을 발할 때가 머지않았습니다.
#01858,오리경
#01859,날 오리로 봤다간…<br>큰 코 다칠꾸악!
#01860,소프코 공주
#01861,어머, 금괴인줄 알았는데…<br>후후, 사람이었네요
#01862,=#00263
#01863,안녕~ 카이로군이야.<br>열심히 단련한 내 실력을 보라고!
#01864,레드
#01865,타앗! 히어로 기지 스토리!<br>꼭 플레이 해줘!
#01866,팽돌이
#01867,안녕하세요.<br>전 프로듀싱하다 왔습니다!
#01868,고알라
#01869,코알라랑 헷갈린다는 말을<br>귀에 딱지가 앉도록 들었습니다.
#01870,미스테리오
#01871,닭
#01872,돼지
#01873,소
#01874,깜짝고기
#01875,타이탈어
#01876,메탈볼
#01877,끼야호!<br>찾았다!
#01878,보물 자루
#01879,이 자루 안에 든 건<br>길몽인가! 악몽인가!
#01880,검사 카이로군
#01881,나의 검이 베지 못하는 건 없다!<br>덤벼라!
#01882,마검사 카이로군
#01883,대대로 전해진 마법을 쓸 때가<br>드디어 왔구나!
#01884,알로하 카이로군
#01885,알로하~<br>거긴 파도 좀 치나요?
#01886,카이로 사령관
#01887,한창 게임 중이었거늘…<br>빨리 처리하고 마저 해야지!
#01888,마도사 와이로군
#01889,후후후… 돈으로 해결 안 된다면<br>쳐부숴주겠습니다.
#01890,전사 와이로군
#01891,마왕 와이로군
#01892,와이로 탱크
#01893,와이로 대마왕
#01894,흐하하하! 이날을 기다렸다!<br>…덕분에 이렇게 타오르고 있지!
#01895,닭꼬치 마인
#01896,너도 이 닭꼬치처럼…<br>꿰뚫어주마!
#01897,선물이
#01898,메리<br>크리스마요네즈!
#01899,바다표범
#01900,너구리
#01901,아르마딜로
#01902,족제비
#01903,멧돼지
#01904,카피바라
#01905,거북이
#01906,여우
#01907,곰
#01908,코뿔소
#01909,얼룩말
#01910,코끼리
#01911,너구리
#01912,학
#01913,맥
#01914,햄스터
#01915,고슴도치
#01916,비버
#01917,부엉이
#01918,날다람쥐
#01919,기니피그
#01920,염소
#01921,악어
#01922,조
#01923,정
#01924,선
#01925,용
#01926,위
#01927,양
#01928,장
#01929,감
#01930,김
#01931,빈
#01932,봉
#01933,방
#01934,이
#01935,임
#01936,왕
#01937,길
#01938,주
#01939,예
#01940,심
#01941,류
#01942,유
#01943,전
#01944,원
#01945,송
#01946,편
#01947,홍
#01948,안
#01949,우
#01950,오
#01951,이
#01952,박
#01953,테리 
#01954,소
#01955,제이 
#01956,케이 
#01957,레이 
#01958,토드
#01959,얀
#01960,오 
#01961,=#00894
#01962,폰 
#01963,현석
#01964,미르
#01965,지훈
#01966,신영
#01967,상택
#01968,태호
#01969,수빈
#01970,유성
#01971,정석
#01972,정욱
#01973,태경
#01974,채욱
#01975,철수
#01976,영석
#01977,춘봉
#01978,지원
#01979,춘식
#01980,봉식
#01981,세광
#01982,우영
#01983,선경
#01984,선정
#01985,화연
#01986,광미
#01987,꽃님
#01988,신정
#01989,미경
#01990,혜경
#01991,마리아
#01992,진경
#01993,현수
#01994,소현
#01995,유미
#01996,영자
#01997,순자
#01998,영미
#01999,영희
#02000,미오
#02001,현
#02002,소
#02003,춘
#02004,순
#02005,영
#02006,하
#02007,송
#02008,혜
#02009,지
#02010,민
#02011,상
#02012,조
#02013,진
#02014,승
#02015,동
#02016,오
#02017,윤
#02018,지
#02019,주
#02020,인
#02021,자
#02022,미
#02023,순
#02024,경
#02025,=#00351
#02026,아이템 <0> <1> 이상<br>아이템 <2> <3> 이상 소지
#02027,=#01131
#02028,=#01136
#02029,=#00352
#02030,=#00371
#02031,=#00372
#02032,=#00401
#02033,=#00402
#02034,=#00415
#02035,=#00416
#02036,=#00417
#02037,=#00425
#02038,=#00426
#02039,=#00427
#02040,=#00375
#02041,=#00376
#02042,=#00377
#02043,=#00486
#02044,=#00487
#02045,=#00431
#02046,=#00432
#02047,=#00379
#02048,=#00380
#02049,=#00381
#02050,=#00382
#02051,=#00420
#02052,=#00421
#02053,=#00422
#02054,=#00435
#02055,=#00436
#02056,=#00437
#02057,=#00385
#02058,=#00386
#02059,=#00387
#02060,=#00440
#02061,=#00441
#02062,=#00442
#02063,=#00391
#02064,=#00392
#02065,=#00404
#02066,=#00405
#02067,=#00406
#02068,=#00407
#02069,=#00445
#02070,=#00446
#02071,=#00447
#02072,=#00355
#02073,=#00356
#02074,=#00357
#02075,=#00450
#02076,=#00451
#02077,=#00452
#02078,=#00489
#02079,=#00490
#02080,=#00491
#02081,=#00492
#02082,=#00494
#02083,=#00495
#02084,=#00496
#02085,=#00497
#02086,=#00455
#02087,=#00456
#02088,=#00457
#02089,=#00460
#02090,=#00461
#02091,=#00462
#02092,=#00500
#02093,=#00501
#02094,=#00502
#02095,=#00465
#02096,=#00466
#02097,=#00467
#02098,=#00470
#02099,=#00471
#02100,=#00472
#02101,=#00360
#02102,=#00361
#02103,=#00362
#02104,=#00474
#02105,=#00475
#02106,=#00476
#02107,=#00477
#02108,=#00409
#02109,=#00410
#02110,=#00411
#02111,=#00412
#02112,=#00365
#02113,=#00366
#02114,=#00367
#02115,=#00479
#02116,=#00480
#02117,=#00481
#02118,=#00482
#02119,=#00396
#02120,=#00397
#02121,=#00516
#02122,=#01132
#02123,=#00517
#02124,=#00518
#02125,=#00519
#02126,=#00522
#02127,=#00523
#02128,=#00524
#02129,=#00525
#02130,=#00526
#02131,=#00527
#02132,=#00528
#02133,=#00529
#02134,=#00530
#02135,=#00531
#02136,=#00540
#02137,=#01133
#02138,=#00541
#02139,=#00543
#02140,=#00544
#02141,=#00545
#02142,=#00546
#02143,=#00547
#02144,=#00549
#02145,=#00550
#02146,=#00551
#02147,=#00554
#02148,=#00555
#02149,=#00556
#02150,=#00557
#02151,=#00558
#02152,=#00559
#02153,=#00560
#02154,=#00561
#02155,=#00582
#02156,=#01134
#02157,=#01137
#02158,=#00583
#02159,=#00584
#02160,=#00585
#02161,=#00586
#02162,=#00587
#02163,=#00588
#02164,=#00589
#02165,=#00590
#02166,=#00592
#02167,=#00593
#02168,=#00594
#02169,=#00595
#02170,=#00596
#02171,=#00597
#02172,=#00598
#02173,=#00599
#02174,=#00600
#02175,=#00603
#02176,=#01135
#02177,=#00604
#02178,=#00605
#02179,=#00606
#02180,=#00607
#02181,=#00608
#02182,=#00610
#02183,=#00611
#02184,=#00613
#02185,=#00614
#02186,=#00616
#02187,=#00617
#02188,=#00618
#02189,=#00619
#02190,=#00620
#02191,=#00621
#02192,=#00622
#02193,=#00623
#02194,=#00624
#02195,=#00625
#02196,=#00629
#02197,=#00630
#02198,=#00631
#02199,=#00632
#02200,=#00633
#02201,=#00634
#02202,=#00635
#02203,=#00636
#02204,=#00637
#02205,=#00638
#02206,=#00639
#02207,=#00640
#02208,=#01404
#02209,연구해 봅시다
#02210,=#01042
#02211,=#00904
#02212,=#01405
#02213,=#01043
#02214,=#01406
#02215,=#01044
#02216,=#01407
#02217,=#01045
#02218,=#01408
#02219,=#01409
#02220,=#01410
#02221,=#00340
#02222,=#01422
#02223,=#01423
#02224,=#01424
#02225,=#01426
#02226,=#01427
#02227,=#01428
#02228,=#01429
#02229,=#01430
#02230,=#01431
#02231,=#01432
#02232,=#01433
#02233,=#01434
#02234,=#01435
#02235,=#01436
#02236,=#01437
#02237,=#01438
#02238,=#01439
#02239,=#01440
#02240,=#01441
#02241,=#01442
#02242,=#01443
#02243,=#01444
#02244,=#01445
#02245,=#01448
#02246,=#01449
#02247,=#01450
#02248,=#01451
#02249,=#01452
#02250,=#01453
#02251,=#01454
#02252,=#01455
#02253,=#01456
#02254,=#01457
#02255,=#01458
#02256,=#01459
#02257,=#01460
#02258,=#01461
#02259,=#01462
#02260,=#01463
#02261,=#01464
#02262,=#01465
#02263,=#01466
#02264,=#01467
#02265,=#01468
#02266,=#01469
#02267,=#01470
#02268,=#01471
#02269,=#01472
#02270,=#01536
#02271,=#01538
#02272,=#01543
#02273,=#01561
#02274,=#01046
#02275,=#01562
#02276,=#01047
#02277,=#01476
#02278,=#01048
#02279,=#01477
#02280,=#01049
#02281,=#01478
#02282,=#01050
#02283,=#01479
#02284,=#01051
#02285,=#01501
#02286,=#01502
#02287,=#01503
#02288,=#01504
#02289,=#01505
#02290,=#01506
#02291,=#01507
#02292,=#01508
#02293,=#01509
#02294,=#01510
#02295,=#01511
#02296,=#01512
#02297,=#01513
#02298,=#01514
#02299,=#01515
#02300,=#01516
#02301,=#01517
#02302,=#01518
#02303,=#01519
#02304,=#01520
#02305,=#01521
#02306,=#01522
#02307,=#01523
#02308,=#01524
#02309,=#01525
#02310,=#01526
#02311,=#01527
#02312,=#01528
#02313,=#01529
#02314,=#01071
#02315,=#01531
#02316,=#01532
#02317,=#01533
#02318,=#01563
#02319,=#01564
#02320,=#01573
#02321,=#01566
#02322,=#01567
#02323,=#01568
#02324,=#00931
#02325,=#01052
#02326,=#00937
#02327,=#01053
#02328,=#00943
#02329,=#01054
#02330,=#00948
#02331,=#01055
#02332,=#00969
#02333,=#01056
#02334,=#00972
#02335,=#01057
#02336,=#00975
#02337,=#01058
#02338,=#00978
#02339,=#01059
#02340,=#00981
#02341,=#01060
#02342,=#00984
#02343,=#01061
#02344,=#00987
#02345,=#01062
#02346,=#00990
#02347,=#00993
#02348,=#00996
#02349,=#00999
#02350,=#01002
#02351,=#01005
#02352,=#01008
#02353,=#01031
#02354,=#01040
#02355,=#01034
#02356,=#01035
#02357,=#01036
#02358,=#01037
#02359,=#01603
#02360,=#01594
#02361,=#01606
#02362,=#01604
#02363,=#00001
#02364,기본 공격
#02365,활 사격
#02366,총 사격
#02367,치명타
#02368,화살 난사
#02369,활을 장비할 시 화살을 난사합니다
#02370,화염 마법 <0>
#02371,Ⅰ
#02372,마법으로 공격합니다
#02373,Ⅱ
#02374,Ⅲ
#02375,Ⅳ
#02376,Ⅴ
#02377,얼음 마법 <0>
#02378,번개 마법 <0>
#02379,50% 반사
#02380,상대의 공격 대미지의 반을 되돌립니다
#02381,100% 반사
#02382,상대의 공격 대미지를 그대로 되돌립니다
#02383,<0>연격
#02384,한 번에 <0>회 공격합니다.
#02385,반격
#02386,적이 공격하면 바로 반격합니다
#02387,받아넘기기
#02388,상대의 공격 대미지를 줄입니다
#02389,완전 회피
#02390,발동하면 적의 공격을 피합니다
#02391,회피 UP
#02392,잠시 동안 회피 능력이 오릅니다
#02393,치명타 UP
#02394,잠시 동안 치명타율이 오릅니다
#02395,직선 공격 <0>
#02396,직선으로 <0>열까지 공격합니다
#02397,범위 공격 <0>
#02398,주위 <0>열까지 공격합니다
#02399,화살비
#02400,활을 장비할 시 범위 공격을 합니다
#02401,<0> 회복
#02402,=#01954
#02403,HP를 <0>% 회복합니다
#02404,중
#02405,대
#02406,부활 <0>%
#02407,중상 상태에서 HP를 <0>％ 회복합니다
#02408,농작업
#02409,수확 시설을 잘 이용합니다
#02410,건설 공사
#02411,인부 수에 상관없이 건설할 수 있습니다
#02412,도벽
#02413,공격 시 확률적으로 보물상자가 나옵니다
#02414,조리
#02415,음식점 등에서 아이템을 만들 수 있습니다
#02416,운반
#02417,마을 간에 자원을 옮길 수 있습니다
#02418,연구
#02419,연구할 수 있습니다
#02420,연구 <0>
#02421,연구 시간 <0>% OFF
#02422,낙농
#02423,동물을 잡아 목장을 운영할 수 있습니다
#02424,보물 감정
#02425,마을에 있는 보물 상자의 내용물을 꺼냅니다
#02426,공작
#02427,공방에서 관광객을 위한 상품을 만듭니다
#02428,공작 <0>
#02429,공방에서의 공작 시간 <0>% OFF
#02430,<0> 바로 완료
#02431,건축
#02432,건축할 시 바로 완성합니다
#02433,공방
#02434,공방에서 작업할 시 바로 완성합니다
#02435,순간이동
#02436,때때로 순간이동합니다
#02437,제초
#02438,자연에서 발굴할 시 바로 완료합니다
#02439,보물 상자 감정을 바로 완료합니다
#02440,이동 속도 UP
#02441,걷는 속도가 오릅니다
#02442,전력 질주
#02443,항상 달립니다
#02444,광산
#02445,광산에서 일할 수 있습니다
#02446,파견 범위 확대 <0>
#02447,파견 범위가 조금 넓어집니다
#02448,파견 범위가 상당히 넓어집니다
#02449,구름 공격 확대
#02450,구름을 지우는 범위가 늘어납니다
#02451,경험치 UP <0>
#02452,전투에서 얻는 경험치 소량 UP
#02453,전투에서 얻는 경험치 UP
#02454,전투에서 얻는 경험치 대량 UP
#02455,파견 비용 감소 <0>
#02456,파견 시 드는 에너지가 조금 감소합니다
#02457,파견 시 드는 에너지가 상당히 감소합니다
#02458,<0> 자동 회복
#02459,HP
#02460,걸을 시 정기적으로 <0>
#02461,HP 회복
#02462,MP
#02463,MP 회복
#02464,활력
#02465,활력 회복
#02466,시설 <0> 회복 UP
#02467,시설을 이용할 시 HP 회복량 UP
#02468,시설을 이용할 시 활력 회복량 UP
#02469,시설을 이용할 시 MP 회복량 UP
#02470,근성
#02471,중상을 입으면 MP를 사용해 부활한다
#02472,<0> 계열 무기 극복
#02473,검
#02474,<0> 계열 장비를 능숙하게 다룹니다
#02475,지팡이
#02476,=#00345
#02477,창
#02478,망치
#02479,봉
#02480,총
#02481,활
#02482,책
#02483,방패 장비 극복
#02484,방패
#02485,은신
#02486,구름을 거둘 시 적이 나타나지 않는다
#02487,날카로운 직감
#02488,땅을 팔 시 적이 나타나지 않는다
#02489,도망의 귀재
#02490,물건을 주울 시 전투하지 않습니다
#02491,호전가
#02492,파견 갈 시 물건을 줍지 않습니다
#02493,집 보기
#02494,조기 귀환
#02495,파견 범위를 한 바퀴 돌면 바로 귀환합니다
#02496,산책 선호
#02497,자연 선호
#02498,원정 선호
#02499,보조 전념
#02500,적이 침략할 시 전투하지 않습니다
#02501,땅 고르기
#02502,영지 내 자원 수집 활동에 집중합니다
#02503,농경 애호가
#02504,용의주도
#02505,선봉
#02506,보스전 시 가장 앞열에 섭니다
#02507,용맹과감
#02508,보스전 시 앞 쪽에 섭니다
#02509,후방 지원
#02510,보스전 시 후방에 섭니다
#02511,치명타 UP +
#02512,공작 선호 <0>
#02513,공방에서 작업하는 시간을 늘립니다
#02514,공방에서 작업하는 시간을 많이 늘립니다
#02515,아머 브레이크 <0>
#02516,잠시 동안 상대의 방어를 <0>% 낮춥니다
#02517,수면의 저주 <0>
#02518,상대를 잠시 재웁니다
#02519,스킬
#02520,유격 <0>
#02521,마을로부터 <0>칸까지 자유롭게 행동합니다
#02522,미술 <0>
#02523,화실에서 제작할 수 있습니다
#02524,화실에서의 제작 시간을 조금 단축
#02525,화실에서의 제작 시간을 단축
#02526,화실에서의 제작 시간을 상당히 단축
#02527,화실에서의 제작 시간을 대폭 단축
#02528,동물 포획
#02529,야생 동물을 잡습니다
#02530,대화하기 <0>
#02531,동거인과 친목을 조금 잘 쌓습니다
#02532,동거인과 친목을 잘 쌓습니다
#02533,동거인과 친목을 아주 잘 쌓습니다
#02534,꽝
#02535,소박
#02536,중박
#02537,대박
#02538,역대
#02539,주간
#02540,서포트
#02541,임의
#02542,전부
#02543,내용물
#02544,예상
#02545,모두 귀환
#02546,순서
#02547,복원
#02548,초기화
#02549,결정
#02550,종료
#02551,뒤로
#02552,네
#02553,아니오
#02554,확인
#02555,세이브
#02556,메뉴
#02557,나
#02558,상위
#02559,사이트
#02560,계층
#02561,비밀번호
#02562,개명
#02563,회전
#02564,빼기
#02565,전환
#02566,중지
#02567,다음
#02568,닫기
#02569,내역
#02570,추적
#02571,x1
#02572,"=MID(#02571,1,-1)&'10'"
#02573,"=MID(#02571,1,-1)&'50'"
#02574,검사 카이로군의 도전 (초급)
#02575,날 쓰러트리면 보물 GET!
#02576,검사 카이로군 (중급)
#02577,검사 카이로군 (상급)
#02578,검사 카이로군 (특급)
#02579,마도사 카이로군의 도전 (초급)
#02580,마도사 카이로군의 도전 (중급)
#02581,마도사 카이로군의 도전 (상급)
#02582,마도사 카이로군의 도전 (특급)
#02583,알로하 카이로군의 도전 (초급)
#02584,알로하 카이로군의 도전 (중급)
#02585,알로하 카이로군의 도전 (상급)
#02586,알로하 카이로군의 도전 (특급)
#02587,카이로 사령관의 도전 (초급)
#02588,카이로 사령관의 도전 (중급)
#02589,카이로 사령관의 도전 (상급)
#02590,카이로 사령관의 도전 (특급)
#02591,돌격! 와이로 게릴라 던전
#02592,후후, 잘 오셨습니다
#02593,역습의 전사 와이로군
#02594,전율의 마왕 와이로군
#02595,결전! 와이로 탱크
#02596,조사 <0> 상급 창고 설계도 이야기
#02597,<pic=grass>
#02598,<pic=wood>
#02599,<pic=food>
#02600,<pic=iron>
#02601,<pic=magic>
#02602,<pic=stamina>
#02603,=#00001
#02604,조사 상급 보물 창고 설계도 이야기
#02605,조사 상급 아이템 창고 설계도 이야기
#02606,조사 상급 알 창고 설계도 이야기
#02607,조사 영지 메우는 비법 이야기
#02608,조사 혼돈의 바위 이야기
#02609,조사 <0> 자원 찾기
#02610,조사 대량의 <0> 자원 찾기
#02611,조사 과일 찾기 <0>
#02612,초급
#02613,중급
#02614,상급
#02615,특급
#02616,조사 약 찾기 <0>
#02617,조사 채소 찾기 <0>
#02618,조사 해산물 찾기 <0>
#02619,조사 공구 찾기 <0>
#02620,조사 장비 원료 찾기 <0>
#02621,조사 동전 찾기 <0>
#02622,조사 카이로 시리즈 찾기 <0>
#02623,Ⅰ
#02624,Ⅱ
#02625,Ⅲ
#02626,Ⅳ
#02627,Ⅴ
#02628,조사 미사용
#02629,조사 계산원 이야기
#02630,조사 드래곤을 키우는 방법
#02631,조사 기술서 이야기 <0>
#02632,Ⅵ
#02633,Ⅶ
#02634,조사 사부의 존재
#02635,안녕하세요.<br>왕국 건설에 도움을 드릴<br>고양미라고 합니다.
,선대로부터 물려받은 이 나라에서…<br>국민과 힘을 합쳐 세계에 이름을 떨칠<br>멋진 왕국을 만들어봅시다!
,하지만…<br>지금은 아무것도 없는 황무지군요.
,우선…<br>마을의 중심이 될<br>’마을 회관’을 지읍시다.
#02636,=#00001
#02637,안녕하세요.<br>이 근방에서 나라를 꾸린 사람입니다.
,어느 용감하신 분께서 마물이 들끓는<br>땅에서 나라를 일으켰다고 해서요.
,오호라… 관상을 보아하니<br>미래를 바꾸실 상이군요.<br>저는 척 보면 압니다.<br>정말이에요.
,친선의 의미로<br>저희의 남아있던 에너지를<br>나눠 드리죠.
#02638,안녕하세요.<br>소문을 듣기로는<br>랭크 5 왕국이 되었다길래
,시찰도 할 겸 들렀습니다.<br>둘러보니 훌륭하더군요.<br>대단하십니다.
,이러다간 제 왕국 랭크도 따라잡으시겠군요.<br>제 부하에게 대책을 마련하게 해야겠군요.
,아차! 그리고<br>저번처럼 에너지를 나눠드리죠.<br>잘 써주세요.
#02639,안녕하세요.<br>간만입니다.
,저번에 말했듯이 랭크를<br>따라잡히지 않도록 갖은 수를<br>써온 덕분에 드디어!
,랭크 7이 되었습니다!<br>이제 어느 정도 격차가 생겼으니<br>자랑할 겸 찾아뵙습니다.
,…어라?<br>랭크 7…?<br>어라? 따라잡혔잖아…?
,…서둘러 돌아가<br>축하 파티를 접어야겠군요.<br>선물은 여기 두고 가겠습니다…
#02640,오랜만입니다.<br>뛰어난 활약상은<br>여기저기에서 들리더군요.
,양쪽 귀에 이어폰을 꽂아도<br>들릴 정도죠.<br>이야~ 정말 대단합니다.
,이번에도 에너지를 두고<br>가겠습니다…<br>잘 써주시죠.
#02641,안녕하세요.<br>오랜만입니다.
,귀국이 힘써주신 덕분에 주변국인 우리나라에도 몬스터가 줄어 많이 안전해졌습니다!
,그래서 여가 시간이 생긴 덕분에 TV를 보면서<br>건전하게 SNS 즐기는 법을 배우고 있죠.
,앞으로도 평온한 세상을 위해<br>힘써주시길 바랍니다.<br>그럼 이번에도 약소하게나마 에너지를<br>두고 가겠습니다…
#02642,오랜만입니다.<br>귀국의 활약상이<br>화살에 묶여 날아왔기에 찾아뵙습니다.
,어제 화살이 날아와<br>머리 언저리에 꽃혔는데<br>자세히 살펴보니 종이가 아니라 USB더군요.
,요즘은 화살에<br>USB를 묶어서 쏘나 봅니다.<br>이것도 모두<br>귀국이 활약해주신 덕분입니다.
,앞으로도 세계 문명의 발전을 위해<br>힘써주시길 바랍니다.<br>그럼 이번에도 약소하게나마 에너지를<br>두고 가겠습니다…
#02643,안녕하세요.<br>간만입니다.
,귀국의 활약상 덕분에<br>잡에 박혀서 느긋하게 지내고 있습니다.<br>이렇게 나오는 것도 몇 년 만인지…
,앞으로도 제가 집에 박혀 살 수 있도록<br>힘써주시길 바랍니다.<br>그럼 이번에도 약소하게나마 에너지를<br>두고 가겠습니다…
#02644,안녕하세요!<br>이 세상 랭크가 아니라고<br>나라에서 소문이 자자하더군요.
,저희 이웃이라는 게<br>참으로 믿음직스럽습니다.
,앞으로의 활약도 기대하겠습니다.<br>그럼 이번에도 에너지를 두고 가죠…
#02645,그럼 가까운 시일에<br>다시 뵙죠.
#02646,<0> 자원이<br>부족한 듯하군요.
#02647,<0> 장비는<br>사용할 수 없습니다.
#02648,<0>…<br>장비 중이군요.
#02649,창고가 완성되어<br>마을의 자원 비축량이 늘었습니다.
#02650,<pic=money>이 부족합니다.
#02651,<pic=grass>이 부족합니다.
#02652,<pic=wood>가 부족합니다.
#02653,<pic=food>이 부족합니다.
#02654,<pic=iron>이 부족합니다.
#02655,<pic=magic>이 부족합니다.
#02656,지금은 받을 수 있는<br>보상이 없는 듯합니다.
#02657,<0> 씨를<br>떠나보냈습니다.
,장비와 스킬은<br>반납했다는군요.
#02658,지금은…<br>떠나보낼 수 없습니다.
,주민이 아무것도 하고 있지 않을 때<br>다시 시도해주세요.
#02659,이 나라를 다스릴 사람이<br>없어지고 맙니다.
#02660,아직 발견되지 않았네요.
#02661,<pic=stamina>가 부족합니다.
#02662,현재 마을 랭크로는…<br>더 늘릴 수 없습니다.<br>창고 수가 최대인 듯하네요.
#02663,아이템이 부족합니다.
#02664,고용할 수 있는 권리가 없습니다.
#02665,드, 드디어…<br>모든 구역이<br>평화로워졌습니다…
,옛 왕국이 드디어<br>온전한 모습으로 되돌아왔군요!
,전 국민이 기뻐하고 있습니다!<br>축하합니다!
#02666,오호라!<br>친구가 많이 늘었군요
,바나나 왕국으로부터<br>축하 선물이 왔습니다.
#02667,친구가 늘어나면<br>토벌 활동에도 큰 도움이 되니<br>친구들과 함께 즐겨주세요.
,그럼 이만.
#02668,이런!<br>아직도 이 섬에는<br>개척되지 않은 땅이 있다고 합니다!
#02669,건축 메뉴에서 마을 회관을<br>지읍시다. 가능한 범위에서<br>원하시는 곳에 지어주세요.
#02670,마을의 범위가 정해졌군요.
,이제 선대 왕국처럼…<br>집과 창고가 길게 늘어선<br>멋진 왕국을 차근차근 만들어갑시다!
,이어서… ‘토지’를 만들어<br>마을에 활기를 불어 넣읍시다!
#02671,이번엔 왕의 방을 만들<br>땅을 골라주시죠.
#02672,아차, 아직 마을에 거주할 주민을<br>모집하지 않았네요.
,현 마을 랭크로는<br>3명까지 모집할 수 있습니다.<br>마을 회관을 선택해주세요.
#02673,파견이 별 탈 없이 잘 이루어지기를<br>저도 기원하겠습니다.
,주위에 덮인 구름 쪽으로<br>파견 보내면 세계가 점점 넓어집니다.
,그건 그렇고<br>선대가 남기신<br>비밀 도구를 드리겠습니다.
,원하실 때 ‘길게 눌러서’<br>사용하시면 됩니다.
#02674,마을 밖으로 나가려면<br>마을 방벽을 넘어야만 합니다.
,입구가 있는 편이<br>더 편리하겠죠.
,그럼<br>어서 만들어봅시다!
#02675,어느 정도 정리가 되었습니다!<br>그럼 이제 보물을 찾으러 떠나보죠.
,…주변에 덮인 구름을<br>걷어낼 방법이 있을지도 모르겠군요!
,그럼 파견 보낼 곳을 선택해주세요.
#02676,앞으로 생길 물건들을 비축하기 위해선<br>창고가 필요합니다.
,마을 회관 근처에<br>창고 두 곳을 지어보죠.
#02677,<pic=grass>을 더 많이 비축하기 위해서는<br>창고를 새로 지어야합니다.
#02678,<pic=food>을 더 많이 비축하기 위해서는<br>창고를 새로 지어야합니다.
#02679,<pic=wood>를 더 많이 비축하기 위해서는<br>창고를 새로 지어야합니다.
#02680,<pic=iron>을 더 많이 비축하기 위해서는<br>창고를 새로 지어야합니다.
#02681,<pic=magic>을 더 많이 비축하기 위해서는<br>창고를 새로 지어야합니다.
#02682,파견 혹은 토벌을 보낼 때는<br><pic=stamina>가 필요합니다.
,시간이 지날 수록 마을 회관에 조금씩 쌓이긴 합니다만…
,더 확실히 도움이 될 시설이<br>필요하겠네요.
,선대 왕국에 있던 에너지 시설을<br>설계도로 그려봤으니 잘 써주세요.
#02683,아무래도 파견 장소를 바꿔보는 편이 좋겠네요.
,구름이 덮인 곳이<br>왕국 발전에 도움이 될 듯하네요.
#02684,우선 연구용으로…<br>건물을 지어보도록 하죠!
,건설이 완료되면<br>담당자도 지명해주세요.
#02685,다양한 자원을 사용해 연구를 진행하면 건국에 도움이 될 겁니다!
,연구소가 완성되었으니<br>연구를 진행해보죠!
#02686,보물상자를 얻었습니다!
,하지만… 열리지 않아서<br>내용물을 알 수가 없네요.
,상공업자가 보물 상자를 열 수 있는 기술을<br>가지고 있으니, 개봉할 장소를 준비해 주죠!
,창고 가까이에 두는 편이 좋겠죠.
#02687,건국이 본격적으로 진행되고 있네요.<br>계속 착실히 해 나가도록 하죠.
#02688,마을 밖에 동굴이 출현했네요!
,방치하면 몬스터가<br>넘쳐나게 되니… 준비를 마치면<br>토벌대를 보냅시다!
,동굴을 터치해주세요.
#02689,구름을 만들고 있던 보스를<br>발견했군요!
,준비를 마치면<br>토벌대를 보내<br>세계를 원래대로 되돌립시다!
,보스를 터치해주세요.<br><br>…아, 그 전에<br>이걸 받으세요.
#02690,보스와 싸우다가<br>위험해지면 써주세요.
#02691,동료들을 강화시켜주는<br>아이템을 발견했습니다!
,어서 사용해보죠!
#02692,주민 리스트에서 동료를 선택하면<br>장비 메뉴가 나타납니다.
,전투 요원에게 무기와<br>방어구를 챙겨주세요.
#02693,오! 파견 나간 동료 덕분에<br>랭크 포인트가 꽉 찼네요!
,어서<br>마을 회관을 선택해<br>왕국을 랭크업합시다!
#02694,<pic=grass>은 밭에서 정기적으로<br>수확할 수 있다고 들었습니다.<br>어서 연구해보죠!
#02695,그리고 집 찬장에서 찾아낸<br>아이템을 드리겠습니다.
#02696,<pic=wood>는 벌목소에서 정기적으로<br>채집할 수 있다고 들었습니다.<br>어서 연구해보죠!
#02697,오오, 새 마을 회관을<br>얻으셨군요.
,안전한 땅이 많이<br>생겼으니… 어딘가 넓은 곳에<br>새로운 마을을 만듭시다!
#02698,마구간이 있다면<br>동료를 파견 보낼 때<br>동료 1명의 이동속도가 오릅니다.
,파견을 떠나는 출입구 가까이에<br>지어놓으면 효율적이겠네요.
#02699,항구에서는 이웃 마을에서 온<br>배를 부를 수 있습니다.
,상인과 모험가들이 찾아옵니다만…<br>길을 몰라 마을까지<br>오지 못하는 사람도 있다네요.
,그럼 마을 출입구까지<br>간판을 설치해야겠죠!
#02700,범위를 잘 보고<br>모두 이어지게끔 설치합시다.
,아, 그리고 이웃 나라에서<br>축하 선물을 보냈습니다.
#02701,간판을 출입구까지<br>이어서 설치했다면
,항구를 선택해 배를 부릅시다.<br>마을에 가게가 있다면<br>재정에도 도움이 된답니다!
#02702,새로운 방은 동거인이<br>살 수 있는 타입이라고 합니다.
,말이 나온 김에 전용 침대를<br>설치하고 동료를 설정합시다!
#02703,각 직업마다 기술을<br>장비하고 있습니다만…
,새로운 기술이 생기면<br>동료를 선택해 ‘기술 장비’에서<br>기술을 줄 수 있습니다.
,전투 시 혹은 마을에서<br>도움되는 것들이 많답니다.<br>다양하게 시도해보세요.
#02704,마을이 침략당하면서<br>파괴된 시설이 보이는군요.
,소문으로 듣기에는…<br>보름달이 뜬 밤엔 몬스터들이<br>마을에 나타난다고 합니다.
,자는 주민을 깨우는 아이템과<br>파견 중인 아군을 소환하는<br>아이템을 드리겠습니다.
,몬스터가 습격했을 때<br>사용해주세요.
#02705,전투 중에 동료가<br>크게 다쳤군요…
,회복 시설이 필요할 테니<br>서둘러 설치합시다!
#02706,마을이 많이 발전했군요.
,앞으로는…<br>몬스터들도 강력해지리라<br>예상됩니다.
,설치된 시설들을 선택해<br>레벨을 올려두는 것도<br>검토해 주세요.
#02707,연구를 하려면 중요한 ‘직업’이<br>필요하다고 합니다.
,제 지인을 소개해드릴 테니<br>부디 고용해주세요.
#02708,새로운 동료를 찾으신다면…<br>소개를 받아 보시는 게 어떤가요?
,새 마을에 이주하길 원하는<br>모험가와 주민들을 소개받읍시다!
#02709,선대 왕과 찍은 사진을 보고<br>우리 마을에 우물이<br>있었다는 걸 알았습니다.
,연구하죠!
#02710,선대 왕과 찍은 사진을 보고<br>우리 마을에 간이 화덕이<br>있었다는 걸 알았습니다.
,연구하죠!
#02711,선대 왕과 찍은 사진을 보고<br>우리 마을에 휴식처가<br>있었다는 걸 알았습니다.
,연구하죠!
#02712,선대 왕께서 그리신 그림을 보니<br>우리 마을에 벤치가<br>있었다는 걸 알았습니다.
,연구하죠!
#02713,드디어…<br>두 번째 마을이 생겼습니다!
,어제는 국민 모두가 모여<br>축하회를 가졌죠.
,개척되지 않은 땅도 가까우니<br>위험한 구역을 개척하는 데 도움이 될<br>좋은 전진기지가 되겠네요!
,이제부터 발전하려면<br>다양한 것들이 필요할 듯싶으니
,대단한 건 아니지만<br>이 날만을 위해 가지고 있던 걸<br>드리겠습니다.
#02714,앞으로도 멋진 마을을<br>만듭시다!
#02715,그러고 보니 마을 간에<br>물자를 교류할 수 있다고 합니다.
,각 마을에 이 시설을 두어<br>옮길 물자를 선택하세요.
#02716,선대 왕께서 지니시던<br>특별한 물건을 드리겠습니다.
,공사가 순식간에 끝난답니다!
#02717,이걸 가지고<br>방 안을 선택해보세요.
#02718,랭크업 공사를 할 때<br>필요한 소재로군요.
,앞으로도 파견을 보내<br>보물을 모아 랭크를 높입시다!
,그나저나 앉아 있던 의자가<br>방금 부서져서 생긴 이것을<br>재료로 써주시죠.
#02719,선대 왕의 지인 분과 담화를 나누다<br>우리 마을에 흙길이<br>있었다는 걸 알았습니다.
,연구하죠!
#02720,마을 주변에 있는 구름을 걷어내<br>안전한 땅을 넓혀야합니다.
,그러기 위해선<br>파견 장소를 변경할 필요도<br>있어보이네요.
,파견 메뉴에서<br>장소를 정해주세요!
#02721,아이템 창고는 정말 중요하답니다.<br>부지런히 연구해서 확보해둬야겠어요.
,연구하죠!
#02722,보물 창고가 가득차면…<br>어렵게 얻은 보물을 보관할 수 없게 돼요.
,나중을 위해서라도 부지런히 연구해서<br>확보해둬야겠네요!
#02723,오호!<br>동전을 얻으셨네요! 잘 됐어요!
,가끔 보물 상자에서도 나오지만…
,주 공급원은 역시<br>배를 타고 온 관광객들이죠.
,아이템 창고에도 일시적으로<br>보관할 수 있지만…<br>전용 저금통이 있으니 설치합시다!
#02724,오오!!<br>드디어 은전이 생겼습니다!
,동전보다 몇 배의<br>가치가 있다고들 하죠.
,중요한 자산이니<br>어서 전용 저금통을 설치합시다!
#02725,오오오!!<br>금전을 얻을 줄이야!<br>직접 보는 건 처음이군요…
,은전보다도 몇 배는<br>귀하다고들 하죠.<br>처음 봐요…
,아주 소중한 자산이니<br>어서 전용 저금통을 설치합시다!<br>이걸 직접 볼 줄이야…
#02726,<pic=food>을 얻을 수 있는 시설은<br>좀처럼 없습니다만…
,낙농가 수가 늘면 목장을 만드는 데에 큰 보탬이 될 겁니다.
,마을에 목장을 만듭시다!
#02727,<pic=food> 여분이 없군요.
,열매가 열린 나무에 파견을 보내면<br>얻을 수 있을 겁니다.
,여건이 된다면 낙농가를 들여<br>목장을 경영하면 좋겠네요.<br>이번엔 이걸 드리겠습니다.
#02728,<pic=iron> 여분이 없군요.
,바위가 있는 곳에 파견을 보내면<br>얻을 수 있을 겁니다.
,광산을 지을 수 있다면 좋겠지만…<br>좀처럼 찾기 힘든 시설이라고 하더군요.
,이번엔 이걸<br>드리겠습니다.
#02729,<pic=magic> 여분이 없군요.
,바위가 있는 곳에 파견을 보내면<br>얻을 수 있을 겁니다.
,마석 광산을 지을 수 있다면 좋겠지만…<br>좀처럼 찾기 힘든 시설이라고 하더군요.
,이번엔 이걸<br>드리겠습니다.
#02730,목장은 지었는데<br>동물이 없네요…
,그렇다면 먹이를 두어<br>마을 밖에 있는 동물을 꾀어봅시다!
#02731,몬스터가 알을<br>두고 갔네요!
,흠… 이거면 몬스터를 동료로<br>맞이할 수 있겠어요!
,일단 마을에 보관해둘<br>창고를 설치해보죠!
#02732,이제 알을<br>부화시켜봅시다!
,몬스터는 실내 혹은<br>야외에서 기르실 수 있습니다.
,마음에 드시는 곳부터<br>연구하시죠!
#02733,가게에서는 상품을 만들어<br>진열대에 놓습니다.
,진열대 수만큼 상품을 만드니<br>가게 설비도 신경 써야겠네요.
,그럼 진열대를 두어<br>상품 둘 곳을 마련하죠.
#02734,<pic=iron>을 채굴할 수 있는 시설을<br>획득했습니다!
,다만 설치되어도<br>제 기능을 하려면 ‘기술’을 가진<br>동료가 있어야 합니다.
,이 기술을<br>담당자에게 전해주세요.
#02735,<pic=magic>을 채굴할 수 있는 시설을<br>획득했습니다!
,다만 설치되어도<br>제 기능을 하려면 ‘기술’을 가진<br>동료가 있어야 합니다.
,이 기술을<br>담당자에게 전해주세요.
#02736,친구가 늘었습니다!
,토벌대 추가 전력이 되어주는 등…<br>건국에 있어 강력한 지원군이 되어주죠.
,그리고 마을에<br>특별한 침대를 두면<br>한동안 머물다 가기도 한답니다.
,이 기회에 연구해보죠!
#02737,방금 얻은<br>황무지 표시는 마을 주변에 두어야<br>효과가 생깁니다.
,황무지 주변에 두면<br>주민들이 자연 개선<br>활동을 하러 갑니다.
,마을 밖에 설치하도록 하죠.
#02738,방금 얻은<br>원정 오두막은 마을 주변에 두어야<br>효과가 생깁니다.
,자연 주변에 두면<br>주민들이 수확하러<br>자동으로 움직입니다.
,마을 밖에 설치하도록 하죠.
#02739,방금 얻은<br>모종판을 사용하면 때때로…
,밭에 심을 씨앗을 얻는답니다.
,주택 안에 설치하도록 하죠.
#02740,방금 얻은<br>공구 정제소를 사용하면 때때로…
,판자 같은 건축 자재나 공구를<br>얻을 수 있답니다.
,주택 안에 설치하도록 하죠.
#02741,방금 얻은<br>광석 정제소를 사용하면 때때로…
,광석 같은 건축 자재나 공구를<br>얻을 수 있답니다.
,주택 안에 설치하도록 하죠.
#02742,방금 얻은<br>조리대를 사용하면 때때로…<br>요리를 얻을 수 있답니다.
,그리고 음식점에 둔다면 더 다양한 요리를 발견할 수 있죠.
,주택 안에 설치하도록 하죠.
#02743,방금 얻은<br>마물의 석상은 마을 안에<br>두도록 하죠.
,침략하러 온 몬스터를 유인한답니다.
,창고 같은 중요한 시설과는<br>되도록 거리를 두어야겠네요.
#02744,방금 얻은<br>액막이 보옥은 마을 안에<br>두도록 하죠.
,침략하러 온 몬스터를 유인한답니다.
,가급적이면 창고 같은 중요한 시설과는<br>거리를 두어야겠네요.
#02745,방금 얻은<br>액막이 검은 마을 안에<br>두도록 하죠.
,침략하러 온 몬스터를 유인한답니다.
,창고 같은 중요한 시설과는<br>되도록 거리를 두어야겠네요.
#02746,방금 얻은<br>액막이 비석은 마을 안에<br>두도록 하죠.
,침략하러 온 몬스터를 유인한답니다.
,창고 같은 중요한 시설과는<br>되도록 거리를 두어야겠네요.
#02747,같은 직업을 가진<br>사람이 여럿 있으면<br>더 쾌적해지죠.
,이번에도 제 지인을 소개하겠습니다.
#02748,전투를 중시한다면<br>전투에 능숙한 직업군을<br>모집합시다!
#02749,무기점이 생겼군요!<br>이걸 써주시죠!
#02750,방어구점이 생겼군요!<br>이걸 써주시죠!
#02751,아이템점이 생겼군요!<br>이걸 써주시죠!
#02752,가구점이 생겼군요!<br>이걸 써주시죠!
#02753,기술점이 생겼군요!<br>이걸 써주시죠!
#02754,여관이 생겼군요!<br>관광객이 온다면<br>분명 도움이 될 겁니다!
,이걸 써주시죠!
#02755,음식점이 생겼군요!<br>이걸 써주시죠!
#02756,장신구점이 생겼군요!<br>이걸 써주시죠!
#02757,회복소가 생겼군요!<br>이걸 써주시죠!
#02758,감정소가 생겼군요!<br>이걸 써주시죠!
#02759,연구소가 생겼군요!<br>이걸 써주시죠!
#02760,병원이 생겼군요!<br>이걸 써주시죠!
#02761,교회가 생겼군요!<br>이걸 써주시죠!
#02762,날짜가 변경되었습니다.<br>건국 이래 <0>일째군요.
#02763,어제 등록한 배틀 포인트 결과가<br>나왔다고 합니다!<br>과연 몇 위를 했을지 보죠!
#02764,등록한 배틀 포인트 보상의 수령 기한이 지났습니다.
,등록한 다음 날에<br>꼭 확인해주세요.
#02765,오, 미션을<br>달성하셨군요!
#02766,어제 도전한 미션의<br>기한이 다 됐습니다.
,이렇게 된 이상<br>오늘의 미션을 시작하도록 하죠!
#02767,스승이 되려면<br>능력을 더 높여야 합니다.
,‘레벨 5’ 이상으로 올리죠.
#02768,공유하는 솜씨가 뛰어나시네요!<br>그럼 보상을 드리겠습니다.
#02769,공유하는 솜씨가 엄청난데!<br>깜짝 놀랐어!
#02770,리뷰 감사합니다.<br>앞으로 제 왕국 발전에<br>큰 도움이 되겠네요.
#02771,그 아이템은<br>지금 사용할 수 없나 보네요.
#02772,그 기술과 같은 종류의 기술은<br>중복해서 장비할 수 없습니다.
#02773,후후후, 안녕하세요.<br>왕국을 성실히 운영하시는 왕께서 계신다고 해서 뵈러 왔어요.
,최근 배운 영지를 넓히는 마법을<br>써볼까 합니다.
,어제 연습하면서 마을 세 곳을 괴멸시켰지만, 오늘은 단번에 될 것만 같아요.<br>자, 그럼… 크흠.
,끼요오오오옷!!!!!!
#02774,후후후, 안녕하세요.<br>왕국을 진지하게 운영하시는 왕께서 계신다고 해서 뵈러 왔어요.
,최근 배운 영지를 넓히는 마법을<br>써볼까 합니다.
,어제 근처에 있던 로봇이 우주 끝까지 날아가버리긴 했지만, 오늘은 될 것 같아요. 여러 의미에서요. 자, 그럼… 크흠
,끼요오오오옷!!!!!!
#02775,후후후, 안녕하세요.<br>왕국을 멋지게 운영하시는 왕께서 계신다고 해서 뵈러 왔어요.
,최근 배운 영지를 넓히는 마법을<br>써볼까 합니다.
,배운 지 얼마 안 돼서 아직 친구들에게만 썼지만 오늘은 특별히 써드리도록 하죠!<br>그럼, 커흠!
,끼요오오오옷!!!!!!
#02776,후후후, 안녕하세요.<br>왕국을 현명하게 다스리시는 왕께서 계신다고 해서 뵈러 왔어요.
,최근 배운 영지를 넓히는 마법을<br>써볼까 합니다.
,어제 한번 써보려고 했더니 근처에서 옷을 폭탄 세일하길래 왕창 사 왔답니다.<br>그래서 지금 맨땅에 헤딩입니다!!
,그럼…
,끼요오오오옷!!!!!!
#02777,후후후, 안녕하세요.<br>왕국을 소중하게 다스리시는 왕께서 계신다고 해서 뵈러 왔어요.
,최근 배운 영지를 넓히는 마법을<br>써볼까 합니다.
,어제 연습했을 때 무슨 대마왕을 되살린 기분이 들지만, 기분 탓일 테니 한번 도전하겠습니다! 커험!
,끼요오오오옷!!!!!!
#02778,후후후, 안녕하세요.<br>왕국을 건실하게 다스리시는 왕께서 계신다고 해서 뵈러 왔어요.
,최근 배운 영지를 넓히는 마법을<br>써볼까 합니다.
,어제 연습 중에 여러 재해가 일어났지만 제 마법과는 상관없겠죠. 아마도요. 그럼… 크흡!
,느오오오오오!!!!!!
#02779,후후후, 안녕하세요.<br>왕국을 화려하게 다스리시는 왕께서 계신다고 해서 뵈러 왔어요.
,최근 배운 영지를 넓히는 마법을<br>써볼까 합니다.
,어제 연습하면서 옆 대륙이 가라앉았지만 오늘은 잘 될 것만 같아요.<br>자, 그럼… 크흠.
,흐어아아아!!!!
#02780,후후후, 잘 됐네요.<br>그럼 저는 이만…
#02781,오, 랭크가 5 오를 때마다 집계되는<br>왕국 최고 점수가 나왔네요.
,과연 얼마나<br>높은 점수를 얻었을지…
#02782,그 기술을 장비할 수 있는<br>직업이 아닙니다.
#02783,잠깐! 그 장비는<br>여성 전용이랍니다.
#02784,이 시설을 철거하기 전에<br>범위에 포함된 모든 시설을<br>철거해야합니다.
#02785,오오!<br>더 발견했군요!
#02786,대단합니다!<br>이제 새로운 마을을 만들 수 있겠어요.
,그럼 이참에 넓은 곳을 골라<br>마을 회관을 짓죠!
#02787,이 자물쇠 버튼에<br>아이템을 놓으면…
,아이템이 잠기면서<br>아이템을 실수로<br>사용하는 일이 없어집니다!
,잠금을 해제하려면<br>다시 한번 놓아주세요.
#02788,오오.<br>스토어에 리뷰를 적어주시는 건가요!
,감사합니다.<br>다 적으시면 게임으로<br>돌아와주세요.
,그럼 다녀오세요.
#02789,이런…<br>마을에 상공업자가<br>없어졌습니다…
,마을에 상공업자가 없으면<br>보물 상자를<br>열 수 없죠.
,지인의 도움을 받아<br>새 사람을 소개받았으니<br>고용하도록 하죠.
#02790,사실 보물 감정은<br>기술만 있어도 할 수 있기 때문에<br>기술을 익혀둬도 된답니다.
,그럼<br>상공업자를 고용하죠.
#02791,현재 작업 중이라<br>스킬을 뺄 수 없습니다.
#02792,주민이 사는 곳입니다.<br>마을에 필요한 만큼 지어두세요.
#02793,마을 회관은 주민을 고용하거나<br>일부분을 창고로 사용하는 등<br>마을 운영에 있어 중요한 시설입니다.
,침략당할 때<br>이 건물은 반드시 지켜야하죠.<br>랭크를 충분히 올려서<br>마을의 기능을 높여둡시다.
,…말은 장황하게 했습니다만…
,이 시설은 중요하다.<br>이 점만 알아두시면 충분합니다.
#02794,파견을 나간 주민이 지나는 현관이죠.<br>통행이 잦은 곳에 있는 편이 좋답니다.
#02795,마을의 범위가 넓어졌네요.<br>영지가 넓어지는 특별한 시설입니다.
#02796,마을의 범위가 넓어졌네요.<br>영지가 넓어지는 특별한 시설입니다.
,사람을 지정하면<br>침략한 적을 더 잘 물리칠 수 있습니다.
#02797,아이템은 여기에<br>모아둡니다.
,마을마다 저장된 아이템을<br>동료들에게 사용할 수 있습니다.
,아이템을 다양하게<br>모아야겠네요!
#02798,에너지는 여기에<br>모아둡니다.
,저장된 양이 많을수록 파견과 토벌을<br>더 많이 보낼 수 있습니다.
,그러니<br>에너지를 모을 수 있는 기반을<br>잘 다져두도록 합시다.
#02799,보물 상자는 여기에<br>모아둡니다.
,상공업자에게 감정을 맡기면<br>내용물을 알 수 있습니다.
#02800,마을에 물이 흐르니<br>분위기가 나는군요.
#02801,여기서는 정기적으로 <pic=grass>을<br>수확할 수 있습니다.
,밭 모종 아이템이 필요할 테니<br>잘 모아둡시다.
#02802,정기적으로 <pic=wood>를<br>벌채할 수 있습니다.
,나무 열매 아이템이 필요할 테니<br>잘 모아둡시다.
#02803,정기적으로 <pic=food>을<br>얻을 수 있습니다.
,다만, 밖에서 동물을<br>잡아와야만 하죠.
,낙농가를 시켜 동물을 잡아오게 합시다.
#02804,여기서는 정기적으로 <pic=iron>을<br>얻을 수 있습니다.
,다만, 운반부가 가진 기술이<br>필요하죠.
,그 기술을 가진 동료에게<br>일을 할당해줍시다.
#02805,정기적으로 <pic=magic>을<br>얻을 수 있습니다.
,다만, 운반부가 가진 기술이<br>필요하죠.
,그 기술을 가진 동료에게<br>일을 할당해줍시다.
#02806,시간에 따라 자동으로<br>에너지를 모으는 시설입니다.<br>게임이 꺼져있을 때도 모인다네요.
,몇 군데 설치해두면<br>파견이나 토벌을 보낼 때<br>에너지 걱정 없이 보낼 수 있죠.
#02807,우물을 사용하면 HP와 활력이<br>소량 회복됩니다.
,마을에 설치해두면<br>상처 입은 동료들이 이용할 겁니다.
#02808,관광객들은 간판을 따라<br>움직입니다.
,마을 입구로 안내할 수 있도록<br>잘 배치해둡시다.
,마을 안에 있는 가게 입구까지 설치해야<br>가게를 이용해준답니다.
#02809,당장 할 일이 없는 주민이<br>이 시설 주변의 황무지를<br>조금씩 복구합니다.
,황무지가 많은 곳에 두면<br>더욱 효과적이죠.
,황무지를 개간하는 데에는 시간이<br>걸리기 때문에 느긋하게 기다립시다.
#02810,이 시설이 있으면 파견을 나가는<br>동료가 빠르게 이동할 수 있습니다.
,1명당 말 한 필이 제공되니<br>많이 지어놓는 편이<br>좋겠네요.
#02811,이 시설이 있으면 마을과 마을 간에<br>자원을 옮길 수 있습니다.
,무엇을 옮길지는<br>시설에서 선택할 수 있죠.
#02812,상공업자가 보물 상자를 여는<br>시설입니다.
,보물이 도착하고 잠시 기다리면<br>상공업자가 움직입니다.
#02813,상처 입은 동료가 잠을 자<br>회복을 하는 시설입니다.
,마을에 하나 정도는 있으면 좋겠네요.
#02814,연구가 가능한 시설입니다만…<br>현재 연구원이 설정돼있지 않습니다.
,다시 한번 야외 연구소를 선택해<br>연구가를 설정해주세요.
#02815,주민들이<br>이용해줬으면 좋겠네요!
#02816,주민들이<br>이용해줬으면 좋겠네요!
,음식점에서 새로운 요리를 만들면<br>여기에서도 만들 수 있겠네요!
#02817,이 시설은<br>적에게 잘 노려지는<br>시설입니다.
,침략받을 때 창고 같은 주요 시설이 공격받지 않도록 이와 같은 시설을 설치합시다.
#02818,화단 덕분에<br>마을에 생기가 도는군요.<br>옛 시절이 떠오릅니다.
#02819,정원수를 보면<br>싱그러움이 느껴져 기분이 좋더군요.
#02820,잘 정비된 마을이라면<br>역시 나무가 있어야죠.
,지금처럼 멋진 마을로<br>가꿔봅시다.
#02821,상처를 입은 동료가<br>요양하는 데에도 도움이 되겠어요.
,저도 시간 내서<br>한번 써볼까 합니다.
#02822,어떤 동물이 올지…<br>기대되네요.
,놓인 지형에 따라 조금씩 다르다고 하네요.
,동물이 나타나면, 대기하고 있던 낙농가가<br>알아서 포획을 하러 갑니다.<br>잠시 기다려 보죠.
#02823,당장 손이 비는 주민이<br>이 시설 주변 자연에서<br>보물을 탐색합니다.
,자연이 많은 곳에 두면<br>더욱 효과적이겠죠.
,주민이 작업에 착수하기까지<br>시간이 걸리니 느긋하게 기다립시다.
#02824,이 보관함은<br>상품을 만드는 데에 필요합니다.
,정기적으로 자원을 두어<br>가게에서 상품을 만들 때 활용하죠.
#02825,하루가 끝나갈 때 이용하면<br>HP와 활력이 회복되기도 합니다.
#02826,집주인과는 별개로<br>방에서 살도록 할 수 있습니다.
,한 번 더 선택해<br>살게 할 동료를 골라주세요.
#02827,관광객들이 배를 타고 오면<br>여기에 동전을 지불합니다.
,가게가 활용할 수 있게<br>자원을 착실히 모읍시다.
#02828,가게에서는 상품을 만들어<br>상품 진열대에 놓습니다.
,상품이 모두 팔리면<br>다시 보충한답니다.<br>그때 다시 관광객을 불러들이면 좋겠죠.
,공방의 레벨이 오르면<br>새로운 상품을 발견한다고<br>하더군요.
#02829,상처를 치료해줄 것만 같은<br>가구로군요.
#02830,여기에서는 국왕이<br>때때로 폼을 잡거나<br>관광객과 이야기를 하곤 합니다.
,국왕이 쉬기에<br>적합한 곳이죠.
#02831,방 안에서도 연구할 수 있습니다.<br>활약이 기대되네요.
#02832,회복에 도움이 되는 시설입니다.<br>상처 입은 아군을 많이<br>회복시켜준답니다.
#02833,장신구를 만드는 곳입니다.
,시설의 레벨을 올려<br>담당자의 지혜를 높이면<br>새로운 상품을 만들어낸다고 합니다.
#02834,음식을 만드는 곳입니다.
,시설의 레벨을 올려<br>담당자의 지혜를 높이면<br>새로운 상품을 만들어낸다고 합니다.
#02835,여기에서 보물을 감정할 수 있습니다.<br>여기에서 작업하면 평소보다 더 빠르다고 하네요.
#02836,가구를 만드는 곳입니다.
,시설의 레벨을 올려<br>담당자의 지혜를 높이면<br>새로운 상품을 만들어낸다고 합니다.
#02837,무기를 만드는 곳입니다.
,시설의 레벨을 올려<br>담당자의 지혜를 높이면<br>새로운 상품을 만들어낸다고 합니다.
#02838,방어구를 만드는 곳입니다.
,시설의 레벨을 올려<br>담당자의 지혜를 높이면<br>새로운 상품을 만들어낸다고 합니다.
#02839,기술을 만드는 곳입니다.
,시설의 레벨을 올려<br>담당자의 지혜를 높이면<br>새로운 상품을 만들어낸다고 합니다.
#02840,아이템을 만드는 곳입니다.
,시설의 레벨을 올려<br>담당자의 지혜를 높이면<br>새로운 상품을 만들어낸다고 합니다.
#02841,사용한 주민의 성장을<br>촉진시켜 줄 것만 같은 가구로군요.
#02842,주민들이 맛있는 요리를 만들어 줬으면 하네요.
#02843,여기에서는 가끔씩<br>랭크업 등에 쓰이는<br>‘공구ㆍ건축 자재’가 만들어집니다.
,이용하기 쉬운 곳에<br>설치하는 편이 좋겠네요.
#02844,이 침대가 있으면<br>친구가 잠시 동안<br>마을에 머물 수 있습니다.
,다시 선택해<br>친구를 고르죠.
#02845,배를 타고 온 모험가가<br>마을에 머물기 위해 필요한 가구입니다.
,가구가 많을수록<br>오래 머문답니다.
#02846,결혼한 부부의 친밀도가<br>오르면 이 침대가<br>도움될 겁니다.
,방에 머무는 시간이 길수록<br>좋다고 하네요.
#02847,몬스터의 알이 있다면<br>여기에 놓아보세요.
,부화하면 집주인이 토벌을 떠날 때<br>동행한답니다.
#02848,제가 기억하기로는…<br>수명이 다한 주민을<br>하늘의 힘으로 되살린다 하던데…
,준비해 둬서 나쁠 건 없겠죠.
#02849,파견을 떠나기 전에 이곳을 들르면<br>드래곤을 타고 하늘을 난다던가<br>뭐라던가…
,진짜로 하늘을 날 수 있다면<br>정말 멋있겠네요!
#02850,몬스터의 알이 있다면<br>여기에 놓아보세요.
,부화하면 침략한<br>적을 퇴치하러 알아서<br>움직인다고 합니다.
#02851,파견 중인 주민이<br>이 시설에 들러 상처를 회복합니다.
,적당히 멀지 않은 거리에<br>두는 편이 좋겠네요.
#02852,안녕하세요!<br>갑자기 구름이 몰려와서<br>난처하던 차에 잘 와주셨어요.
,필요하시다면…<br>가지고 있는 장비를 강화해드리겠습니다!
,필요하면 들러주세요!
#02853,안녕하세요!<br>이 시설은 전국에 있는 국왕 친구를<br>관리하는 시설이랍니다! 
,우선 자신을 대표할<br>가장 신뢰하는 주민을<br>등록해주세요.
,상대 왕국을 돕는 역할을 하게 되니 가능하면 강한 동료를 선택해주세요.
,그럼 더 많은 친구가 생기시길 기원하는 차원에서 바나나 좀 먹겠습니다.
#02854,허허허.<br>구름을 걷어주셔서 감사합니다.
,갑자기 주위에 구름이 끼길래<br>하는 수 없이 쌀과자를 먹으면서<br>연명하고 있었죠.<br>여하튼 다행입니다.
,평생 이 은혜 잊지 않겠습니다.<br>그 보답을 드리고 싶지만<br>그냥 드리면 재미없으니
,제가 제시한 과제를 완수하시면 그 사례를 드리겠습니다.<br>꼭 도전해주시죠.
#02855,안녕하세요.<br>유전을 찾다가<br>길을 잃고 말았지 뭐예요.<br>도와줘서 고마워요.
,그 사례로<br>제가 드리는 과제를 완수해주시면<br>엄청난 보수를 드릴게요.
,친구가 있다면<br>더 손쉽게 해결할 수 있을 겁니다.
,저를 다시 탭해서<br>내용을 한번 확인해보세요.
#02856,아이고, 살았다.<br>가게를 차리는데 갑자기 구름이 껴서<br>깜빡 잠에 빠지고 말았지 뭐예요.
,저는 마을 발전에 도움이 될<br>물건들을 팔고 있습니다.
,가지고 계신 트로피와<br>교환해드리니 다음에 꼭 들러주세요.
#02857,휴…<br>감사합니다!
,이 시설에서는 귀여운 몬스터들을<br>소중하게 맡아주고 있답니다.
,예전에는 많이 있었는데, 구름이 덮이면서 모두 도망가버렸죠.<br>모두 어디에서 뭘 하고 있을지…
,지금은 텅 비어버려서…<br>혹 몬스터를 맡기고 싶으시면<br>제게 말을 걸어주세요.
#02858,오! 반갑네!<br>나는 트로피 왕일세!
,왕국 곳곳에서<br>칭찬을 하러 다니며<br>생계를 이어가고 있지.
,어디 보자…<br>척 보니 꽤나 번듯한<br>왕국이 되겠어.
,마침 트로피가 있던 참이니<br>이걸 그대한테 주겠네.<br>받아주게나.
#02859,흠, 이건<br>싸울 때마다 포인트가 쌓이는<br>배틀 포인트 게시판이군요!
,전국에 있는 유저들과 순위 경쟁을 한다는군요!<br>결과는 등록한 다음 날에 발표된다고 합니다.
,많은 경품을 얻을 수 있다고 하니<br>포인트가 쌓이면 한번 등록해보세요!
#02860,선대 왕의 조각상입니다.<br>지금 보기에도 훌륭하지만<br>실제로도 참 훌륭하신 분이셨죠.
,어쩌다 그런 일이 생긴 건지…<br>어이쿠, 이런…
,그럼 언제나처럼<br>왕국을 다스려보죠.
#02861,동전은 여기에 모입니다.<br>주민들이 잘 던져 넣기 때문에<br>어디에 두셔도 문제없답니다.
#02862,은전은 여기에 모입니다.<br>주민들이 잘 던져 넣기 때문에<br>어디에 두셔도 문제없답니다.
#02863,금전은 여기에 모입니다.<br>주민들이 잘 던져 넣기 때문에<br>어디에 두셔도 문제없답니다.
#02864,한눈에 보아도<br>위대함이 느껴지는<br>동상이군요!
#02865,아이템과 보물을<br>여기에 일시적으로 보관할 수 있습니다.
,하지만 가급적이면 마을에<br>전용 창고를 만들어 뒀으면 하네요.
#02866,여기에서는 가끔씩<br>밭에서 쓰이는<br>‘씨앗’이 만들어집니다.
,이용하기 쉬운 곳에<br>설치하는 편이 좋겠네요.
#02867,분위기 있는<br>장식물이네요.
,보기만 해도<br>경험치가 오를 것만 같습니다!
#02868,안녕하세요.<br>집을 덮고 있던 구름을<br>걷어주셔서 대단히 감사합니다!
,저…
,혹 친구가 없어서<br>누군가에게 신청하고 싶다면<br>제게 말 걸어주세요.
#02869,후후후후…<br>잘 오셨습니다…
,후후후…<br>저도 최근에 가게를 열었답니다…
,혹 궁금하시다면<br>한번 들러주시죠.
#02870,안녕하세요.<br>갑자기 구름이 걷혔네요.
,저는 마을 발전에 꼭 필요한<br>물건들을 팔고 있습니다.
,동전을 가지고 계신다면<br>꼭 들러주세요.
#02871,오…<br>안녕하세요.
,저는 여기에서 동전을<br>은전 또는 금전으로 교환하는<br>가게를 운영하고 있답니다.
,은전이나 금전이 필요하시다면<br>한번 들러주세요.
#02872,감사합니다!<br>전투장 입구를 지키고 있었는데<br>무서워서 안에 숨어 있었죠.
,이제 마음 놓고<br>싸울 수 있겠어요!
,여기에서는 전국의 유저들과<br>실력을 겨루실 수 있습니다!
,이길수록 랭크가 올라<br>좋은 상품을 얻을 수 있답니다!<br>꼭 도전해보세요.
#02873,휴…<br>감사합니다!
,여기는 육성 중인 주민을 맡겨<br>스승 역할을 하게끔<br>할 수 있는 시설이랍니다.
,스승이 되면 마을로 돌아갈 수 없지만…<br>다른 동료에게 경험치를 주어<br>단련시킬 수 있습니다.
,힘을 전수해주고픈 동료가 있다면<br>스승으로 등록해보세요.
#02874,가게에서는 요리를 만들어<br>진열대에 놓습니다.
,상품이 모두 팔리면<br>다시 보충한답니다.<br>관광객을 불러들일 기회죠.
,공방의 레벨이 오르면<br>새로운 요리를 발견한다고<br>하더군요.
#02875,안녕하세요!<br>후후후, 구름이 짙으니까 이 아리송한 느낌이 뭔가 재밌네요.
,후후후.<br>고마워요.
,여기는 몬스터를 조합해 능력을 높일 수 있는 시설이랍니다.
,몬스터가 남아돈다 싶다면 한번 들러주세요.
#02876,안녕하세요!<br>여기에서는 저희가 잡은<br>몬스터를 합리적인 가격에 사실 수 있답니다.
,가끔씩 목록이 바뀌니<br>정기적으로 들러주세요!
#02877,이런…<br>절 발견하실 줄이야!
,그럼 제가 준비한<br>특별 배틀을 즐기실 수 있습니다!<br>개최를 할 때도 안 할 때도 있지만요.
,개최한다면<br>마구마구 도전해주세요!
#02878,몬스터 알은<br>여기에 보관합니다.
#02879,아!<br>다행이다…
,갑자기 몬스터랑 구름이<br>몰려와서 큰일 났다 싶었는데<br>도와줘서 고마워요!
,그 답례라고 하기엔 뭣하지만…<br>저희가 준비한 선물을 드리고 싶은데
,시간이 조금 걸리니<br>3일마다 들러주시면<br>준비할 수 있겠어요.
,그럼 기다리고 있겠습니다.
#02880,안녕하세요.<br>저는 마을에서 이사를<br>관장하는 신입니다.
,혹 마을이 둘 이상이고<br>주민의 소속을 옮기고 싶다면<br>제게 오시죠…
,그럼<br>기다리고 있겠습니다.
#02881,오…<br>여긴…
,끝없이 이어진 동굴이<br>이 섬 어딘가에 있다고<br>선대 왕께서 말씀하셨죠.
,만반의 준비를 마치고<br>한번 가보도록 하죠!
#02882,오, 어서 오세요.
#02883,반갑습니다.<br>친구와 관련된 일이라면<br>제게 오시죠.
#02884,허허허.<br>오늘 미션은 어떨까나?
#02885,안녕하세요.<br>한번 보고 가세요.
#02886,어서 오세요.<br>왕국 발전에 도움이 될<br>물건들이 많답니다.
#02887,안녕하세요.<br>몬스터가 늘면 제게 맡겨주세요.
#02888,잘 왔어.<br>달성할만한 게 있는지 보렴.
#02889,최고 점수다 싶으면<br>등록하세요.
#02890,관심 있는 친구가 있다면<br>한번 신청해봐!
#02891,후후후.<br>잘 왔어요.<br>친구를 소개해드리죠.
#02892,어서 오세요.<br>어떻게 할까요?
#02893,잘 왔네.<br>오늘은 어떻게 할 겐가?
#02894,잘 오셨습니다.
#02895,이쪽은<br>이번 대전 상대입니다.<br>어떻게 할까요?
#02896,안녕하세요!<br>응원하고 있어요!
#02897,몬스터를 합성해볼 수<br>있답니다.
#02898,몬스터를<br>팔고 있어요.
#02899,어서 오세요!<br>특별 던전에 도전하시는군요!
#02900,죄송합니다…<br>저번 협력 토벌 종료 시간을<br>잘못 말씀드려서
,원래 시간보다 일찍 닫아버렸습니다.<br>사과하는 의미로 저번 토벌의 보상을<br>드리겠습니다.
#02901,오, 안녕하세요.
,새로운 장소가<br>해방됐다 들어서…<br>저희 가게의 상한 돌파 방법을<br>바꿨습니다.
,우선 이걸<br>받아주시죠.
#02902,자!<br>무기 좀 손봐줄까!
#02903,여기는…<br>물물교환으로 전설의 무기를 얻을 수 있는 곳인가 봅니다.
,여분의 무기가 많다면<br>한번 이용해 보는 건 어떨까요?
#02904,여기에서는<br>남아있는 잡동사니들을<br>동전과 교환할 수 있나 봅니다.
,아이템이나 기술이 남는다면<br>동전과 교환합시다!
#02905,여기는…<br>밤마다 몬스터가 모이는<br>바위라고 합니다.
,파견을 보내면 동료들의<br>레벨이 더 잘 오르겠네요!
,우선<br>보급용으로 소속한 마을을 선택해주세요.
#02906,오오!<br>오늘 산책을 하면서<br>새로운 주거 방식이 떠올랐습니다.
,랭크가 높은 상공업자, 목수, 운반부<br>낙농가, 농민이 도움되며…
,파견을 보내면… 소문을 바탕으로<br>조사할 수 있는 방이 됩니다.
,말은 이쯤하고<br>어서 비전투계 주민에게<br>집을 하사해줍시다!
#02907,조사단실이 만들어졌습니다!
,집주인을 파견 보내면<br>그곳에서 조사를 시작합니다!
,그럼 파견을 보내보죠!
#02908,조사단실 주민을<br>파견 보냅시다!
#02909,오호라… 신기한 시설을<br>얻으셨군요.
,영지 밖에 설치하면 마치<br>수액에 몰려드는 장수풍뎅이처럼<br>정기적으로 몬스터가 모여들게 된다고 하네요.
,한번 설치하면 철거하는 데에<br>다이아가 필요하다고 하니 주의하세요.
,그럼 레벨 부담이 덜한 지역에<br>설치하도록 하죠.
#02910,오오!<br>영지에 있는 물웅덩이를<br>메울 수 있는 설계도가 생겼군요!
,수가 제한되어있지만<br>메우고 싶을 때마다<br>사용합시다!
#02911,오오…<br>수용량이 많은<br>창고를 얻으셨군요!
,공간을 더 효율적으로<br>분배할 수 있겠어요!
,그럼 어서 설치해보죠!
#02912,랭크가 많이 올랐네요!<br>이제 강국의 반열에<br>올랐다고 해도 손색이 없겠어요.
,옛 왕국과 비슷할 정도로<br>풍요로운 나라가 되었군요!
,하지만 이제부터 랭크를 더 올리려면<br>어떤 ‘비보’가<br>필요하다고 합니다.
,비보를 취급하는 곳에 가서<br>상한을 높입시다!
#02913,계산원이 계산을 맡게 돼<br>다른 작업에<br>전념할 수 있습니다!
,이제 공방에서 안심하고<br>상품을 만들 수 있겠네요.
#02914,새로운 주거 방식을<br>발견했습니다!
,랭크가 높은 농민에게<br>지어주면 늘어난답니다!
#02915,오오!!<br>계산원이 생겼군요!
,이제 계산은 계산원에게 맡기고<br>다른 작업에 전념할 수<br>있겠어요!
,가게에 있는 계산대 위에<br>설치하도록 하죠.
#02916,우리 왕국에<br>산타가 왔습니다!
,새로운 타입의 주거지들이 늘었으니<br>한번 지어 보죠!
#02917,산타 하우스도 생겼는데<br>순록이 빠지면<br>서운하죠.
,어서 연구해봅시다!
#02918,산타가 있던 나라가<br>우리나라에게 멋진 무기를<br>선물했습니다!
,어서 장비해보죠!
#02919,보아하니<br>하늘에서 떨어질 듯한데…
,그러고보니<br>은전을 지닌 손님이<br>온다는 소문이 있었는데요.
,은전으로 거래를 해줄<br>괜찮은 가게를 찾고<br>있다는 것 같네요.
,새로운 방을<br>찾아보죠!
#02920,거리에서 발견한<br>특별한 수집품이 있다면<br>여기로 가지고 올 수 있는 모양입니다.
,그 물건을 전시하려면<br>‘전시할 수 있는 방’을 영지 내에<br>준비해 두면 좋겠죠!
,박물관이나 동물원을 짓기 위해서라도<br>한번 찾아보도록 합시다.
,그전에<br>우선 수집품을<br>찾아야겠네요.
#02921,물고기를 낚을 수 있겠네요.<br>
,주변에 어떤 시설들이 있는지에 따라<br>다른 종류의 물고기들이<br>나타난다고 합니다.
,수족관에 사는 주민이<br>잡으러 간다고 해요.
#02922,안녕하세요…<br>실수로 그만<br>아직 발견하지 못한 직업을 가진<br>주민을 제공하고 말았습니다.
,그 직업의 권리를 다이아로<br>다시 사들이겠습니다…<br>심려를 끼쳐드려 정말 죄송합니다.
,마을에 있는 해당 주민들은 상공업자와<br>위병이 되었습니다…<br>그럼 이만 실례하겠습니다.
,추후에 문제없이 진행될 테니<br>그 때를 기대해주시기 바랍니다.
#02923,호오… 주민의 친밀도가<br>오르고 있나 봅니다.
,사이가 좋아지면<br>교회가 필요하죠!
,주민끼리 친목이 두터워졌다면<br>교회를 확인해주세요!
#02924,정말 아름다운 결혼식이었어요!
,이제는 아이가 태어날지도<br>모르니 이 시설을<br>설치합시다!
#02925,이제 아기 침대를 설치해<br>아이를 맞이할 준비를 합시다!
#02926,그러고 보니…<br>선대께선 국왕을 키우실 때<br>그 시설을 쓰시곤 했어요.
,여기에도 설치해보죠!
#02927,아이가 건강하게 자랄 수 있게<br>보육소를 지읍시다!
#02928,오, 이 마을도 어느덧 2세가<br>활동하는 시대가 되었네요.
,다른 나라들이<br>축하의 말을 전하고 있다는군요!
#02929,후후후.<br>새 생명이 태어났다는 소식을 듣고<br>축하를 드리러 왔습니다.
,온김에 앞으로는<br>우리나라가 개발한 비행선으로<br>특별 관광을 주선하려고 합니다.
,비행선 주기장을 만들어<br>비행선이 드나들 수 있는 곳을<br>마련해주셨으면 좋겠군요.
#02930,이걸 받았습니다!
#02931,보아하니 특별 손님이<br>오려나 보군요!
,말 나온 김에<br>비행선 주기장을 만듭시다!
#02932,특별 손님을 만족시키려면<br>새로운 물건이 필요할 것 같습니다!
,새 물건을 수집할<br>장소를 우선 마련해 보죠!
#02933,물건을 운반해야 하니 우선 근처에<br>수집가의 방을 만들어봅시다.
#02934,새로운 직업이 생겼습니다!
,유격병은 특별한 스킬을 사용해<br>자유롭게 밖을 탐험하거나<br>싸우곤 합니다.
#02935,새로운 직업이 생겼습니다!
,마법과 물리 양면으로<br>뛰어난 직업이라고 하네요.
#02936,새로운 직업이 생겼습니다!
,광전사는 전투에 뛰어난<br>직업이라고 하네요.
#02937,새로운 직업이 생겼습니다!
,개인 화실에서<br>예술 작업을 하는 직업이라고 합니다.
#02938,새로운 직업이 생겼습니다!
,비행선을 타고 온 손님들을 위한<br>가게를 운영한다고 합니다.<br>멋진 가게를 선보입시다!
#02939,새로운 직업이 생겼습니다!
,동물과 상성이 좋은 직업입니다.<br>새로운 동물을<br>발견할지도 모르겠네요.
#02940,오…<br>왕위 후계자가 드디어 데뷔했네요.
,두말할 것 없이<br>왕국 발전에 큰 공헌을<br>해주겠죠!
#02941,화실이 생겼습니다.<br>예술품을 만들어<br>수집가의 방으로 옮기죠.
,그리고 박물관이 있다면<br>특별 손님들도 만족스러워할 겁니다!
#02942,곤충관이 생겼습니다.<br>곤충 채집장이 있다면…<br>잡아서 전시할 수 있겠네요!
,배치된 지형에 따라<br>달라지는 게 있다고 하던데…
,일단 원하시는 곳에<br>만들어두시죠.
#02943,수족관이 생겼습니다.<br>낚시터가 있다면<br>잡아서 전시할 수 있겠네요!
,배치된 지형에 따라<br>달라지는 게 있다고 하던데…
,일단 원하시는 곳에<br>만들어두시죠.
#02944,동물원이 생겼습니다.
,동물 먹이를 두면 소, 돼지 말고도<br>다른 동물이 나타날 수도 있겠네요.
,동물 먹이를 두고 잘 관찰해보죠!
#02945,박물관이 생겼습니다.<br>예술품을 전시할 수 있죠.
,화실이 있다면<br>새로운 예술품을 발견할 수 있답니다.
,예술품을 모아<br>박물관을 채워갑시다.
#02946,이제 곤충을 잡을 수 있습니다.
,주변에 어떤 시설들이 있는지에 따라<br>다른 종류의 곤충들이<br>나타난다고 합니다.
,곤충관에 사는 주민이<br>잡으러 간다고 하네요.
#02947,마을 아이들이<br>어른이 되기까지 생활하고<br>배우는 곳입니다.
,아이가 태어나려면 부부의 친밀도가 상당히 높아야 한다는군요.
,어른이 되면 마을에<br>배속시킬 수 있습니다.
#02948,오오…<br>데이트하기 아주 좋은<br>장소를 발견하셨군요.
,멋진 성의 내부처럼 디자인돼서<br>걷기만 해도 사이가<br>돈독해진다고 하네요.
,서로 친해졌으면 하는 사람이 있다면<br>이 장소를 추천해줍시다.
#02949,=#02484
#02950,옷
#02951,머리
#02952,장신구
#02953,무기
#02954,경험치량
#02955,회복량
#02956,내구 상한
#02957,위험도
#02958,=#02401
#02959,표적 코스트
#02960,내구도
#02961,잡무형
#02962,전투형
#02963,상업형
#02964,<0>개 세트
#02965,몬스터
#02966,자원
#02967,=#02418
#02968,장비
#02969,시설
#02970,기술
#02971,직업
#02972,특별한 보물을 발견했습니다.
#02973,에서 <0> ‘<1>’ 권리 <2>회 획득
#02974,에서 <0> ‘<1>’ <2>개 획득
#02975,새로운 구역을 발견했습니다.
#02976,미개척지
#02977,퇴각
#02978,평균 레벨
#02979,멤버
#02980,포기\t재개 (<0>번 남음)
#02981,바로 시작
#02982,취소
#02983,보스를 발견했습니다.
#02984,다른 보스를 토벌하고 있습니다.
#02985,여기쯤이면 될까요
#02986,공사
#02987,못 지나감
#02988,어디까지 설치할까요?
#02989,어디부터 설치할까요?
#02990,<co=ff0000>근처에 간판이 없습니다
#02991,<co=ff0000>근처에 방벽 출입문이 없습니다
#02992,이 이상 동시에 건설할 수 없습니다
#02993,다이아 상점에서 판매 중
#02994,첫 격파!
#02995,보수
#02996,레벨업 중에는 철거할 수 없습니다
#02997,연구 중에는 철거할 수 없습니다
#02998,담당자를 먼저 해임해야 합니다.
#02999,마을 2곳 이상
#03000,마을 주민 0명 (이사 필요)
#03001,마을 확장 시설 철거
#03002,마을에 레벨업 중인 시설이 없음
#03003,마을 간 물자 이동이 없음
#03004,마을에 공사 중인 시설이 없음
#03005,몬스터가 침략하고 있지 않음
#03006,마을 회관 철거 조건
#03007,동전 상자와 동료 몬스터를<br>미리 옮겨두세요.
#03008,어디까지 철거할까요?
#03009,무엇을 철거할까요?
#03010,<0> 시설을 철거할까요?<br>※철거하면 사라집니다
#03011,철거\t<po=lm><si=9><bo=fefefe>남는 </bo></si>&<po=rm><pic=money><0>
#03012,<0> 그리고 모든 시설을<br>철거합니다
#03013,다시 지어도 마을 랭크는<br>유지되지 않습니다
#03014,이미 조사 중입니다
#03015,파견처
#03016,<0> 씨를 어디로<br>파견 보낼까요?
#03017,맵의 밝은 부분을<br>선택해주세요
#03018,<0>씨 파견처를<br>바꾸시겠습니까?
#03019,귀환하기\t장소 변경
#03020,<0> 씨가 귀환합니다.
#03021,참가 인원 <0>명
#03022,상한
#03023,저
#03024,고
#03025,동굴이 나타났습니다
#03026,연구 중
#03027,달성 / 나중에
#03028,금일 포인트 등록
#03029,달성 <0>건
#03030,친구를 초대할 수 있습니다<br>친구 찾기
#03031,친구를 초대할까요?
#03032,초대할 수 있는 친구가 없습니다
#03033,마을 영토 밖입니다
#03034,<0>(이)가 부족합니다
#03035,관광선을 부릅시다
#03036,알맞은 지형!
#03037,<0>(을)를 철거할까요?
#03038,오늘 미션을 중단할까요?
#03039,예\t아니오
#03040,=#01954
#03041,=#02404
#03042,=#02405
#03043,특대
#03044,토지 부여하기
#03045,철거
#03046,현관 만들기
#03047,토지를 철거할까요?
#03048,<0>(은)는 몬스터 목장으로 갔다
#03049,<0>(은)는 자연으로 돌아갔다
#03050,상대하기
#03051,<pic=stamina>가 가득 찼습니다
#03052,<0>(을)를 최대로 회복합니다
#03053,<0> 조사 완료
#03054,<0>(을)를<br>바로 완료합니다
#03055,조사
#03056,<0> 랭크 포인트 MAX!
#03057,<0>번째 마을
#03058,뭘 할까
#03059,랭크업
#03060,모험가
#03061,체류
#03062,관광객이 최대입니다.
#03063,근처에 간판이 있어야 합니다
#03064,랜드<br>다이아
#03065,Tapjoy<br>다이아
#03066,촬영<br>다이아
#03067,광고<br>다이아
#03068,국왕의<br>상담실
#03069,나국왕
#03070,나여왕
#03071,환경
#03072, 자원
#03073, 설비
#03074, 실내
#03075, 중
#03076, 고
#03077, 없음
#03078,쉬움
#03079,보통
#03080,어려움
#03081,최강
#03082,그럭저럭
#03083,좋음
#03084,호화
#03085,과금
#03086,=#00891
#03087,포인트
#03088,특별 아이템 (전체용)
#03089,특별 아이템 (개별)
#03090,높게
#03091,낮게
#03092,경험치 2배 찬스!
#03093,보물 상자 발견 찬스!
#03094,열심히 조사를 한 끝에…
#03095,여유롭게 조사를 한 끝에…
#03096,순탄히 조사를 한 끝에…
#03097,즐겁게 조사를 한 끝에…
#03098,오늘의 운세는 별로 안 좋았는데… 무려…
#03099,척척 조사를 한 끝에…
#03100,한두 번 물구나무 서서 조사를 한 끝에…
#03101,포기하고 돌아가려던 참에 갑자기…
#03102,몇 번이고 기적이 일어나…
#03103,글쎄 나가자마자
#03104,이게 무슨 일일까요…
#03105,이런 기적 같은 일은 처음입니다…
#03106,해냈습니다!
#03107,기세 좋게 나간 끝에…
#03108,기합 넣고 조사를 한 결과
#03109,기세는 좋았지만 신발끈이 풀려서…
#03110,중간에 손가락이 삐어서…
#03111,닥치는 대로 조사를 한 끝에…
#03112,대성공을 호언장담했는데…
#03113,도중에 그만 절벽 밑으로 떨어진 결과…
#03114,정신을 차리고 보니 아직도 침대였던 탓에…
#03115,잠이 부족한 상태로 도전한 결과…
#03116,포기하고 돌아가려던 참에…
#03117,신발을 짝짝이로 신고 온 탓에
#03118,알고 보니 다른 곳이었던 걸 안 결과
#03119,아침밥을 안 먹고 온 탓에
#03120,아니!
#03121,꽤 열심히 했는데…
#03122,본인은 아직 인정하고 싶지 않아하지만…
#03123,골치 아프게도…
#03124,간식 시간이 없었던 탓에…
#03125,동물 먹이를 두고 찾아보자
#03126,낚시터를 설치하고 찾아보자
#03127,화실을 설치하고 찾아보자
#03128,곤충 채집장을 설치하고 찾아보자
#03129,=#00142
#03130,돌아왔습니다
#03131,재밌었어!
#03132,잘 됐어!
#03133,대성공!
#03134,랭크업을 바로 완료합니다<br><0> 남음
#03135,레벨업을 할 때 소속된 마을에서<br>비용이 빠집니다.<br>레벨 상한은 소속 마을 회관에서 산출됩니다.
#03136,시설을 철거합니다.
#03137,시설을 교체합니다.
#03138,영상을 모두 보면<br>다이아를 받을 수 있어요!
#03139,왕국건설 스토리에서 왕국을 만들고 있어. 함께 모험하지 않을래?<br>#카이로소프트<br>
#03140,왕국의 사진을 찍어<br>SNS에 뽐내자
#03141,전투를 그만두고 퇴각합니다<br>※보물 상자는 얻을 수 없습니다
#03142,배틀 포인트를 1일 1회 등록해<br>랭킹 상위권을 노려보자!<br>몬스터를 퇴치하면 포인트가 오릅니다!<br>※결과는 다음날에 발표됩니다.
#03143,대미지를 주면 포인트 UP<br>대미지를 받으면 포인트 DOWN<br>잘 싸워서 고득점을 받아<br>다음날에 보수를 받으세요!
#03144,모두 부활시켜 도중에서부터<br>재도전하겠습니까?<br><pic=money><0>
#03145,토벌 수를 친구와 공유할 수 있습니다.<br>모든 몬스터를 퇴치하고 상품도 받으세요.
#03146,획득한 아이템을 내릴 마을을 골라주세요.<br>아이템은 창고에 보관됩니다.<br>수용량을 넘기면 보관되지 않으니 주의하세요.
#03147,담당을 취소할까요?<br>※쌓인 포인트는 사라집니다
#03148,담당 중인 연구가 리셋됩니다.<br>괜찮습니까?
#03149,<0>, 동굴 격파!
#03150,<0>, 동굴에서 패배…
#03151,다른 플레이어와 친구가 되면<br>토벌 협력 요청을 할 수 있어요.<br>’친구 우체국’에 가보세요!
#03152,정말 대전 신청을<br>거절하겠습니까?
#03153,경험치 <0>%가 배분됩니다.<br>같은 직업이라면 <1>% 보너스
#03154,능력과 경험치를 다른 주민에게 줍니다.<br>설정하면 마을로 돌아오지 못합니다.
#03155,스승으로 설정합니다.<br>※마을로 돌아오지 못합니다.
#03156,<0>(이)가<br>황무지로 갔습니다
#03157,특가 다이아
#03158,자원과 아이템은 파견과<br>토벌을 통해 얻을 수 있습니다
#03159,모험가 <0>, 체류를 마치고 귀국
#03160,모험가 <0>(이)가 쓰러졌습니다 …
#03161,<pic=money><0> 들여<br>게이지를 회복하겠습니까?
#03162,와이로 던전이 나타났습니다
#03163,와이로 던전이 사라졌습니다
#03164,참가한 몬스터가 경험치 <0> GET!
#03165,파견을 취소하겠습니까?
#03166,지금 왕국건설 스토리에서<br>와이로 던전이 나타났어!<br>서두르자!<br>#카이로소프트<br>
#03167,스크린샷을 찍어 공유하면<br>한 번만 <pic=stamina>가 회복됩니다.<br>친구들과 함께 즐기세요.
#03168,<0>(을)를<br>몬스터 목장에 넣을까요?
#03169,설정하면 다른 마을에서 부를 때까지<br>마을에서 사라집니다.
#03170,다시 부르려면 빈 공간이 있는<br>마을 회관을 선택해주세요.
#03171,이 구역 보스를 막아둘까요?<br>그러면 이 구역은 다시 구름으로 뒤덮입니다.
#03172,다양한 장비를 모아서 교환해줘
#03173,요일에 따라 직업이 바뀝니다.
#03174,침략한 몬스터를 물리쳤습니다.
#03175,랭크가 높으면 기술 장비 칸 수도 많습니다
#03176,앱을 업데이트해야 합니다.<br>삭제하지 말아 주세요
#03177,칸을 <0>개 추가하겠습니까<br><pic=money><1>
#03178,칸을 <0>개 추가했습니다.<br>현재 최대 <1>
#03179,2세대 주민은 어른이 되면<br>보육원에 갈 수 없게 됩니다.
#03180,<0>% 추가로 UP!
#03181,<0>일
#03182,<0>시간
#03183,<0>분
#03184,<0>초
#03185,<0> 카이로 파크에 접속합니다
#03186,게임 종료해<br>
#03187,불러오지 못했습니다<br>한 차례 전 데이터로 돌아가시겠습니까?
#03188,앱을 다시 시작해주세요.
#03189,친구 ID : ‘<0>’
#03190,로딩 중({0:f2}%)
#03191,잠시만 기다려주세요
#03192,디버그 모드에서는 타임스탬프를 확인할 수 없습니다.
#03193,앱 정보에 문제가 있습니다.<br>스토어에서 다시 설치해주세요.
#03194,촬영
#03195,아이템 창고 표시를 변경
#03196,만
#03197,만원
#03198,자기 순위 보기
#03199,랭킹 보기
#03200,1주간
#03201,=#02538
#03202,현재 플레이 포인트
#03203,어느 기간 랭킹을
#03204,볼까요?
#03205,[이전 점수]
#03206,에러가 발생했습니다
#03207,<0>랭킹
#03208,<0>위
#03209,(미등록)
#03210,=---위/---위
#03211,전회차보다 <0> UP!
#03212,전회차보다 <0> DOWN!
#03213,<0>위/<1>위
#03214,평균 레벨
#03215,공격
#03216,방어
#03217,랭크
#03218,Like
#03219,직종
#03220,문의 데이터 송신
#03221,문의 코드 입력
#03222,에러 내용
#03223,※디버그※
#03225,모두 송신합니다
#03226,문의 데이터를 송신합니다<br>개인정보는 송신되지 않습니다
#03227,송신 감사합니다.<br>조사를 마치기까지 시간이 걸릴 수 있습니다.<br><br>※스토어에서 최신판을 확인해주세요.<br>※앱은 삭제하지 말아 주세요.
#03228,송신을 완료했습니다.<br>협력해주셔서 감사합니다.<br>고객 지원으로 연락도<br>잘 부탁드립니다.
#03229,에러
#03230,데이터가 호환되지 않습니다
#03231,시스템 데이터를 덮어쓸까요?
#03232,친구 ID 이외의 것들을 덮어쓸까요?
#03233,실패
#03234,파일을 찾을 수 없습니다.
#03235,수신을 완료했습니다. <0>
#03236,<br>앱을 종료합니다
#03237,해당 데이터가 없습니다
#03238,데이터 수신 중
#03239,목록
#03240,무역
#03241,상점
#03242,공격적
#03243,수비적
#03244,평균적
#03245,특수
#03246,해상도
#03247,명
#03248,밤 연출
#03249,그래픽
#03250,자동 저장
#03251,스크린
#03252,줌
#03253,말풍선ON
#03254,말풍선OFF
#03255,많게
#03256,적게
#03257,전부
#03258,평균
#03259,아버지 직업
#03260,조합된 직업
#03261,어머니 직업
#03262,구매 이력
#03263,증감 상황
#03264,구매 이력이 없습니다
#03265,증감 상황이 없습니다
#03266,게임 중
#03267,통신 관련
#03268,상점
#03269,시작 보너스
#03270,유효 기간 만료
#03271,동물
#03272,물고기
#03273,미술품
#03274,벌레
#03275,파견
#03276,토벌
#03277,첫출발
#03278,머리
#03279,방어구
#03280,머리
#03281,장신구
#03282,회복
#03283,동료 수
#03284,범위(칸 수)
#03285,패배 수
#03286,마을 회관 수납 자원
#03287,에너지 채취
#03288,에너지 채취 시간
#03289,전체용 아이템
#03290,몬스터 목장에 오신 걸 환영합니다
#03291,데리고 갈 몬스터를 골라주세요
#03292,합성할 몬스터를 골라주세요
#03293,강화할 몬스터를 골라주세요
#03294,=#01613
#03295,주민 교체
#03296,파견 주민
#03297,담당자 지명
#03298,토벌 멤버
#03299,협력 친구
#03300,동거자 지명
#03301,출장자 지명
#03302,이사 후보
#03303,내림차순
#03304,오름차순
#03305,내보내기
#03306,=#00870
#03307,장비 상점
#03308,=#00871
#03309,=#00872
#03310,새로 찾기
#03311,보유 중
#03312,매장량
#03313,회복 시간
#03314,채굴량
#03315,채굴 시간
#03316,아니오\t네
#03317,<0>이라<br>철거할 수 없습니다
#03318,조사 중
#03319,데이트 중
#03320,회수\t<pic=money><0>
#03321,평범하게 찾기
#03322,이사 센터에서 찾기
#03323,보육소에서 찾기
#03324,알 놓기
#03325,몬스터 부르기
#03326,※<0>(이)가 필요합니다
#03327,목장에 넣기
#03328,목장에 넣기<br><0>/<1>
#03329,육성
#03330,합성
#03331,놓아주기
#03332,HP는 가득 차있습니다
#03333,=#02461
#03334,일일 몬스터 구매
#03335,<0> 주기
#03336,<0> → <1>
#03337,<0><br>앞으로 <1>마리 쉴 수 있습니다
#03338,상성◎
#03339,장비를 교환합시다
#03340,이 장비는 이미 최대치까지<br>강화되어 있습니다.
#03341,<0>개 들여 해제
#03342,보유 수
#03343,<pic=money><0> 잠금 해제
#03344,잠금 해제 방법을 선택해 주세요
#03345,<0>(을)를<br>놓아줬습니다.
#03346,<0>의 HP가<br>회복됐습니다!
#03347,아이템을 소비해<br><0> 수치를 높일까요?
#03348,판매 랭크
#03349,판매 레벨
#03350,<0>채
#03351,토벌 수: <0>마리
#03352,친구가 늘면 손쉽게<br>토벌할 수 있어요
#03353,이번 주 토벌을 달성했습니다!
#03354,음식
#03355,음식 이외
#03356,<0> 씨<br><1> 씨 아이가<br>자라서…
#03357,어른이 되었다!
#03358,<0>랭크<br><1>(이)가 되었다!
#03359,<0> 씨<br><1> 씨 두 사람의<br>아이가 태어났습니다!
#03360,<0>에서 상세 내용을 볼 수 있습니다.
#03361,음…? 국왕님의 상태가…
#03362,<0>랭크가 되었다!
#03363,연구 담당 지명
#03364,연구 담당은 누구를 시킬까요?
#03365,연구할 수 있는 사람이 없습니다<br>‘<0>’ 동료를 영입하죠
#03366,연구 중에는 다른 걸 할 수 없습니다.
#03367,새 연구 발견!
#03368,친구를 찾을 수 없습니다.
#03369,마음에 드는 유저에게<br>적극적으로 친구 신청을 해보세요
#03370,신청
#03371,아쉽네요…
#03372,외출하기
#03373,몇 개 사시나요?
#03374,<pic=money>가 부족합니다
#03375,다이아 늘리기
#03376,새로운 주민을 추가하려면<br>무역으로 <co=20f0f0>직업을 입수</co>합시다.
#03377,코인 <0>개를 얻었습니다!
#03378,몬스터 육성
#03379,창고에 있는 알을 투입할 수 있습니다
#03380,알이 없습니다
#03381,같은 랭크 미만에 같은 색 알이면 레벨 상한 1 UP
#03382,건네기
#03383,프로필
#03384,랭크
#03385,침략을 받으면 나서서 싸워줍니다
#03386,집주인이 토벌을 떠나면 따라갑니다
#03387,육성
#03388,기술 목록
#03389,비어 있음
#03390,추가
#03391,구역 하나를 해방했다!
#03392,대전 내역
#03393,모든 전적
#03394,<0>전 <1>승 <2>패
#03395,도전받은 전적
#03396,도전한 전적
#03397,대전 이력이 없습니다
#03398,최대 <0>건까지 볼 수 있습니다
#03399,◎승리
#03400,×패배
#03401,<0>시간 <1>분 남음
#03402,리벤지
#03403,배틀 랭크
#03404,배틀Pt
#03405,<0>승 <1>패
#03406,도전받은 전적 <0>전 <1>승 <2>패
#03407,리벤지 성공!<br>×<0>
#03408,랭크 DOWN
#03409,다음 기회에
#03410,친구 신청
#03411,승리했습니다
#03412,져버렸습니다…
#03413,<0>(을)를 획득했습니다!
#03414,대전 상대
#03415,출장<br>멤버<br><0>/<1>
#03416,상대 변경
#03417,거절한다
#03418,배틀pt +<0>
#03419,이전 점수 
#03420,최고
#03421,미등록
#03422,송신한 최고 점수가 없습니다
#03423,등록
#03424,결과 대기 중
#03425,기한 초과
#03426,다시 받기
#03427,<0>랭크 보수
#03428,어제 포인트
#03429,<0>명 중
#03430,오늘 점수
#03431,오늘 포인트
#03432,0시 전후 10분 사이에는 등록할 수 없습니다
#03433,오늘은 아직 포인트를 획득하지 않았습니다
#03434,송신
#03435,등록 완료: <0>
#03436,재등록
#03437,소속할 마을 선택
#03438,무소속
#03439,어느 마을에 소속시킬까요?
#03440,아직 발견되지 않았습니다
#03441,무엇을 지을까요?
#03442,<0> 완성!!<br>보관 상한 <1>UP!
#03443,건축물 목록
#03444,설치 수
#03445,주소
#03446,건축물이 없습니다
#03447,동전 1개와 교환합니다.<br>마을을 골라주세요.
#03448,갱신
#03449,잔여
#03450,친구 토벌 상황
#03451,<0> 토벌 수
#03452,이번 보수
#03453,내용물 보기
#03454,달성
#03455,앞으로 <0>마리
#03456,<0><br><1>마리를 물리쳐라!
#03457,나
#03458,친구
#03459,토벌 보너스
#03460,짐수레 설정
#03461,다른 마을에서 자원을 받아옵니다
#03462,아자아자!
#03463,담당자
#03464,행선지
#03465,옮길 자원
#03466,중지
#03467,직업 선택
#03468,직업을 골라주세요
#03469,강한 부모 사이에서 난 자식만큼 강해질 수 있을지도
#03470,×<0>
#03471,유료 <0>부터 사용합니다
#03472,구입한 <0>의 유효 기간은 <1>일입니다
#03473,유효 기간이 지났습니다.
#03474,사용함
#03475,<0>개 남음
#03476,유효 기간 <0>일
#03477,유료
#03478,무료
#03479,<0>⇒<1>
#03480,새내기 응원
#03481,특가 캠페인
#03482,특가 세일
#03483,달에 한 번!
#03484,5일마다 로그인 시 특가 세일
#03485,구입한 다이아의 유효 기간은 180일
#03486,판매 종료: <0>
#03487,다이아를 저렴하게 살 수 있는 절호의 기회!
#03488,이미 구입했습니다
#03489,구매
#03490,다이아 상점
#03491,소지
#03492,<0>개
#03493,구입한 다이아의 유효 기간은 180일입니다
#03494,￥9,999
#03495,금전 상점
#03496,금전을 보관할 마을을 고른 뒤<br>교환품을 선택해 주세요.
#03497,교환
#03498,수집 목록
#03499,최고 기록 B<0>F
#03500,토벌대 출발
#03501,멤버를 골라주세요
#03502,출격 멤버 선택
#03503,친구 선택
#03504,도전
#03505,주민 <0>명
#03506,취소
#03507,일단<br>막기
#03508,상성 <0>
#03509,귀환
#03510,친밀도 <0>% UP!
#03511,데이트 명소
#03512,<0>조 남음
#03513,소요 <0>시간
#03514,친해질 수도 있어요
#03515,출발하면 잠시 마을에서 없어집니다
#03516,=#01539
#03517,성장하면 마을에 배속시킬 수 있습니다
#03518,성장까지
#03519,어른이 됩니다
#03520,Lv평균
#03521,저도 갈래요!
#03522,<0> 씨가<br><1>처로 출발합니다!
#03523,‘갱신이 안 된다면’
#03524,알 육성
#03525,부화 <0>
#03526, -<0>분
#03527,투입 가능
#03528,아이템 투입
#03529,알 목록
#03530,마을 이름 <0>
#03531,선택할 수 있는 알이 없습니다
#03532,육성할 알을 선택해주세요
#03533,윽…
#03534,<0> <1>씨가
#03535,수명이 다했습니다…
#03536,=#01578
#03537,지금은 교환할 수 있는 것이 없습니다.
#03538,잠금
#03539,속성
#03540,<0>개씩
#03541,장비 <0>/<1>
#03542,서툼
#03543,기술 변경
#03544,전투형<br>주민만
#03545,모두
#03546,친구가 잠시<br>머무른다고 합니다!
#03547,<0> 씨<br><1>
#03548,<0>에<br>이사 왔습니다
#03549,<0>(와)과 교환
#03550,경험치를 얻었습니다
#03551,주변 효과
#03552,최대
#03553,<0>의 집
#03554,전시품
#03555,가치
#03556,열람 수
#03557,판매 상품
#03558,왕
#03559,용량
#03560,레벨업
#03561,랭크업 완료!
#03562,레벨업 완료!
#03563,동전 상자 필요
#03564,잠금 해제
#03565,소요
#03566,Like<br>설정중
#03567,Like<br>해제
#03568,발견!
#03569,다음부터 모집할 수 있어요
#03570,새로운 직업
#03571,<0> 씨가 자신의 왕국으로 돌아갔습니다
#03572,친구  <0>/<1>
#03573,친구에게 도움을 요청하자!
#03574,친구 목록 갱신
#03575,친구가 답례를 보냈습니다!
#03576,신규
#03577,<0>건
#03578,<0>건 달성!!
#03579,<0>건 추가 달성하면 보너스
#03580,친구에게 답례
#03581,친구 <0> 님
#03582,<0> 님에게<br>답례를 보냈습니다
#03583,답례 보내기
#03584,아무것도 안 하기
#03585,결과
#03586,<0>랭크
#03587,친구 덕분이네요
#03588,<0>(을)를 소개받았습니다
#03589,<0>번
#03590,소개
#03591,보유 수 확인
#03592,(으)로 <0>번 뽑기
#03593,<0> 출현 목록
#03594,아래 목록에서 등장
#03595,<0> 랭크
#03596,확률 <0>%
#03597,S급 출현 중
#03598,무역 센터
#03599,레어 아이템을 얻어보죠
#03600,목록
#03601,=#01577
#03602,오늘은 개최하지 않았어.<br>다음에 또 와.
#03603,<0> 한정
#03604,와이로 던전
#03605,게릴라 출현
#03606,난이도 <0>
#03607,보수 <0>
#03608,클리어
#03609,<bo=1e1e1e> 공유하면</bo><br><pic=stamina><bo=1e1e1e> 회복</bo>
#03610,랭크 <0> 최고 점수
#03611,포인트 합계
#03612,더 높은 점수를 노려보세요!
#03613,점수
#03614,랭킹<br>등록
#03615,공유<br>하기
#03616,주거 방침
#03617,어떤 집을 지을까요?
#03618,랭크: <0>
#03619,계승 중
#03620,능력 전수 중 <0>
#03621,능력을 이어받아<br>능력치가 상승했다!
#03622,스승 <0> 씨는<br>자신의 역할을 마치고<br>조용히 자취를 감췄다
#03623,=#01556
#03624,스승의 능력을 전수받습니다
#03625,<0>번 남음
#03626,스승 임명
#03627,마을 선택
#03628,아이템 획득
#03629,어느 마을에 줄까요?
#03630,아이템 창고
#03631,대장간에 잘 왔습니다<br>장비끼리 조합해서 강화시킬 수 있어요
#03632,어느 장비를 강화할까요?
#03633,투입 종류:  <0>/<1><br>투입 수:  <2>/<3>
#03634,장비 중
#03635,여성용
#03636,못 다룸
#03637,직업 권리 수
#03638,주민을 추가할 수 있을 때 쓸 수 있습니다
#03639,소유x
#03640,고를 수 없습니다
#03641,없음
#03642,<0>급
#03643,<0>랭크
#03644,현재 물건이 없습니다.
#03645,재입고 +<0>
#03646,플레이 시간
#03647,평화도
#03648,국왕 랭크업!
#03649,파수병 임명
#03650,파수병으로 임명해 방어에 전념시킵니다
#03651,비축 자원이 반으로 줄었다…
#03652,왕국건설 스토리<0>
#03653, 체험판
#03654,결혼
#03655,=#00880
#03656,누가 결혼하나요?
#03657,같은 방에서 살면 친밀도가 오릅니다
#03658,친밀도가 높으면 비용이 줍니다
#03659,아이템 창고에<br><0> <1>개를 넣었다
#03660,=#01554
#03661,<0> 있는 마을을 고른 뒤<br><1>(을)를 골라주세요.
#03662,구입할 소재
#03663,<0> 남음
#03664,소지 <0>
#03665,배틀 랭크: <0>
#03666,광산 인부 지명
#03667,광산에서 자원을 채굴합니다
#03668,오늘의 미션
#03669,현재 미션이 없습니다.
#03670,달성하면 <0> <co=2020f0><1></co> 획득!
#03671,<0>건 남음
#03672,마감까지 앞으로 <0>
#03673,오늘의 미션 달성함
#03674,탄생!<br><0>
#03675,내용물 예상
#03676,이 목록 중 한 몬스터가<br>태어날 겁니다.
#03677,몬스터 목장 <0>/<1>
#03678,맡아둔 몬스터가 없습니다
#03679,몬스터 합성
#03680,합성할 몬스터를 골라주세요
#03681,키울 몬스터
#03682,소재 몬스터
#03683,몬스터에게서 경험치를 받습니다
#03684,합성
#03685,몬스터 도감
#03686,<0>마리
#03687,=#01558
#03688,몬스터
#03689,새 게임
#03690,캐릭터 작성
#03691,국왕 이름:
#03692,성별을 골라주세요
#03693,건국 개시
#03694,새로운 동료
#03695,개명하기
#03696,채용!
#03697,누구를 동료로 맞이할까요?
#03698,<0>명째
#03699,직업 찾기
#03700,권리
#03701,아직 발견되지 않았습니다
#03702,동료로 만들기
#03703,새 마을 회관
#03704,마을 이름을 지어주세요
#03705,이름:
#03706,마을 이름 짓기
#03707,각성!!
#03708,<0>번째
#03709,레벨 상한 <0>UP!
#03710,축하합니다!
#03711,<0> 획득
#03712,<0>명 추가
#03713,=#01576
#03714,다른 마을로 이사할 주민을 골라주세요
#03715,이사 센터 +<0>개 확장<br><pic=money><1>
#03716,연구자 지명
#03717,연구 스킬을 가지고 있는 사람을 지명해주세요.
#03718,연구실에서 알림
#03719,오, 됐다!
#03720,담당자: <0>/<1>
#03721,미발견
#03722,발견 조건
#03723,연구 개방까지
#03724,담당자 지명
#03725,각성 <0>번
#03726,동료에게 드래그해서 주세요
#03727,<0>명 남음
#03728,해당되는 주민이 없습니다…
#03729,전원 재개
#03730,누구를 파견 보낼까요?
#03731,현재 <0>명을<br>여기로 파견 보냈습니다
#03732,토벌대 멤버를 최대 <0>명<br>선택해주세요
#03733,누가 이어받을까요?<br>※1명당 <0>번까지
#03734,다른 마을 사람을 선택할 수 없습니다.
#03735,출장 멤버를 최대 <0>명<br>선택해주세요
#03736,이사 예정자를<br>선택해주세요.
#03737,장비를 변경할 주민을<br>선택해주세요
#03738,공
#03739,출격 불가
#03740,이어받은 횟수
#03741,이미 집이 있습니다
#03742,수명
#03743,∞
#03744,각성
#03745,빈 슬롯
#03746,정렬 기준
#03747,정렬 설정
#03748,조건<0>
#03749,정렬 순서를 설정할 수 있으며<br>윗 조건이 우선됩니다.
#03750,친밀 TOP3
#03751,준비 중
#03752,집주인의 친밀도만 오릅니다
#03753,아이 <0>명째
#03754,다른 섬으로 갔습니다
#03755,<0> 사용
#03756,등록 캐릭터 선택
#03757,=#00653
#03758,내보내기
#03759,이어받기
#03760,스승으로 삼기
#03761,동료 메뉴
#03762,결혼 상대
#03763,없어졌습니다
#03764,2세는 결혼할 수 없습니다
#03765,아직 없습니다
#03766,조사 완료
#03767,다녀왔어요
#03768,<0> 씨가<br>조사를 마치고 돌아왔습니다
#03769,수명+<0><br><br><pic=money><1>
#03770,포기
#03771,<0> 부활!
#03772,마을에 있는 가게
#03773,어느 가게에 줄까요?
#03774,무엇을 설정할까요?
#03775,빈 슬롯
#03776,발동률
#03777,기술 변경 <0>/<1>
#03778,기술을 설정하세요
#03779,기술을 골라주세요
#03780,빈칸 <0>칸
#03781,외진 민가
#03782,지금 리셋하면 오늘자가 없어집니다.
#03783,<0>일 로그인하면 다음 슬롯 해금
#03784,다음에 봐요
#03785,선물 받기
#03786,느낌이 좋은데요!
#03787,대단해요!
#03788,다음을 기대해주세요
#03789,응원합니다!
#03790,=#00137
#03791,대단한데요!
#03792,스탑
#03793,건국 개시!
#03794,파이팅!
#03795,조사 결과
#03796,<0> 씨 귀환
#03797,조사
#03798,총 <0>분
#03799,마을 가게
#03800,보물 상자 안에는…
#03801,그리고 보물 상자 안에…
#03802,<0> 권리가 <1>개 들어있습니다!
#03803,<0> <1> 개가 들어있습니다!
#03804,왕국이 더욱 발전하겠네요
#03805,=#01552
#03806,<0>명 소개
#03807,앞으로 <0>번 무료
#03808,친구가 되어줄지도 모르는<br>플레이어를 소개할게
#03809,트로피
#03810,상을 받았다
#03811,현재: <0>
#03812,획득!
#03813,비보 구입
#03814,구입
#03815,전설의 비보 <0>종
#03816,전설의 비보를 획득 <0>종
#03817,비보가 없습니다.
#03818,<bo=1e1e1e>모든 구역 재패!<br>축하합니다!</bo>
#03819,직업 소개
#03820,장비 소개
#03821,시설 소개
#03822,아이템 소개
#03823,친구 보너스
#03824,현 지점에 파견 중인 주민
#03825,<0><br>한정
#03826,<0>급 이상<br><1><br>한정
#03827,등록 중
#03828,개최 중인 토벌 캠페인이 없습니다.
#03829,정보를 불러오지 못했습니다.<br>다시 상점을 열어주세요.
#03830,시설 정보
#03831,<0>(을)를 사용할 수 있게 되었다!!
#03832,<0> +<1> 상승, <2>(이)가 되었다
#03833,~이용 효과가 늘었다~
#03834,에너지 발굴량이 늘었다
#03835,~배를 타고 더 많은 손님이 올 것 같다~
#03836,공방에서 만드는 물건 종류가 늘었다
#03837,세계의 평화도
#03838,적 토벌 수
#03839,모든 포인트 합계
#03840,주민 능력 합계
#03841,마을 랭크
#03842,주민 수
#03843,장비품 발견 수
#03844,아이템 발견 수
#03845,가구 발견 수
#03846,랭크 <0>
#03847,시설 수
#03848,토지 수
#03849,동료 수
#03850,발견한 기술
#03851,최고 마을 랭크
#03852,마을 이름 1
#03853,주민 목록
#03854,왕국 정보
#03855,비보
#03856,이름 변경
#03857,챗
#03858,사이트
#03859,몬스터 도감
#03860,게임 종료
#03861,시설에 몬스터가 없습니다
#03862,아쉽게도 실패!
#03863,다이아를 소비하지 못했습니다
#03864,다이아 <0>개를 소비해<br>시간을 단축할까요?
#03865,달성
#03866,현재
#03867,도전 중
#03868,가능성 <0> <1>
#03869,몬스터 목장<br>+<0>개 확장<br><pic=money><1>
#03870,토벌 수
#03871,첫
#03872,마을에 <0>명
#03873,잠금 상태로 바꿨습니다
#03874,잠금을 해제했습니다
#03875,랭크가 높은 장비입니다<br>소비할까요?
#03876,이미 최대치입니다
#03877,장비를 바꿨습니다
#03878,스킬을 바꿨습니다
#03879,대전 상대를 찾지 못했습니다.<br>잠시 후에 다시 시도해주세요.
#03880,아이 이름
#03881,주민 이름
#03882,(전각 <0>글자)
#03883,"=MID(#03852,1,-1)&''"
#03884,보물 GET!
#03885,<0>(으)로 획득할까요?
#03886,조사 실패!
#03887,+<0>분
#03888,확률 <0>%
#03889,분
#03890,초
#03891,<0> <1>후에 조사 가능
#03892,이미 레벨이 최대치입니다
#03893,초기 스킬은 변경할 수 없습니다
#03894,<0> <1>(을)를<br>장비했습니다.
#03895,기술 장비 칸을 추가하겠습니까?
#03896,기술 장비 칸을 <0>개 추가했습니다.
#03897,초기 스킬은 뺄 수 없습니다
#03898,출장 멤버를 선택해주세요
#03899,순위 보너스
#03900,현재 포인트를 등록할까요?
#03901,등록했습니다.<br>결과는 내일 발표됩니다.
#03902,<0> <1>개를 획득해<br>총 <2>개가 되었다
#03903,=#00904
#03904,마을에 동전 상자가 없습니다
#03905,앞으로 표시하지<br>않겠습니까?
#03906,<0>에 공간이 없습니다.
#03907,=#01568
#03908,=#00906
#03909,아니오\t막기
#03910,<0>뒤에 귀환합니다
#03911,<0> 들여 단축
#03912,취소할까요?<br><co=d94646>※친밀도는 오르지 않습니다
#03913,데이트
#03914,=#01580
#03915,다녀오겠습니다!
#03916,<0>씨 일행이<br><1>처로 출발합니다!
#03917,어른이 되기까지
#03918,투입량이 최대치를 넘었습니다
#03919,아이템 투입을 마치지 않았습니다만<br>돌아가겠습니까?
#03920,<0> 하나를 얻어<br>총 <1>개가 되었다
#03921,<0> <1>개<br>소비해 잠금을 해제합니다<br>현재 <2>개 소지 중입니다
#03922,<0> <1>개<br>소비해 잠금을 해제합니다
#03923,<0>분 후에 고를 수 있습니다
#03924,<0>(이)가 부족합니다.<br>최대치까지 회복합니다
#03925,<0>(이)가 부족합니다
#03926,최대 인구에 달했습니다
#03927,비용이 부족합니다.<br><0> <1>개를 답례로 보낼까요?
#03928,아니오\t<pic=money><0>
#03929,최고 점수 갱신!<br><0>pt
#03930,아이템을<br>사용할까요?
#03931,음식 아이템을<br>동료에게 사용할까요?
#03932,장비를<br>동료에게 줄까요?
#03933,기술을<br>동료에게 줄까요?
#03934,사용\t뒤로
#03935,더 넣을 수 없습니다
#03936,다른 종류를 더 넣을 수 없습니다
#03937,<0> <1>회를<br>재입고했습니다
#03938,<0>(이)가<br>부족합니다
#03939,창고에 공간이 없어 추가하지 못했습니다.
#03940,목장이 가득 찼습니다.
#03941,구입한 <0>(을)를<br>몬스터 목장에 맡겼습니다
#03942,국왕 이름
#03943,다이아 <0>개를<br>소비하겠습니까?
#03944,아니오\t + <po=lm><pic=money><0>&<po=rm><bo=fefefe><1></bo>
#03945,사용
#03946,자원을 투입해주세요
#03947,연구소가 작동하지 않습니다
#03948,<0>(을)를<br>바로 개방합니다
#03949,<0> 씨에게<br><1> 씨의<br>경험치를 넘겨줍니다
#03950,<0> 파견을<br>전부 재개합니다<br><pic=stamina> <1>/<2>
#03951,재개
#03952,파견 중인 사람 모두를 귀환시킵니다
#03953,뒤로\t귀환
#03954,<0> 씨를<br>내보냅니다<br><co=d94646>※다시 돌아오지 않습니다
#03955,설정했습니다
#03956,<0> 씨를<br>내보냈습니다
#03957,저장을 실패했습니다【<0>】<1>
#03958,마을에서 없어지면<br>장비 중인 기술은 사라집니다.<br>※기술을 교체할 수는 있습니다.
#03959,<0>(을)를 사용해<br>보수를 획득할까요?
#03960,영상 보기\t닫기
#03961,<0>(을)를 창고에 넣었습니다.
#03962,<0>을(를) 샀습니다.<br>현재 <1>개
#03963,구매\t뒤로
#03964,<0> <1>개 사용해<br><2>(을)를 구입합니다
#03965,왕국으로 돌아갈까요?
#03966,내구
#03967,적이 정기적으로 출현한다
#03968,이용자 <0>
#03969,최대 <0>
#03970,미션 달성!
#03971,보수 받기
#03972,<co=ff0000><0></co>에<br>적이 침략했습니다!
#03973,마이 페이지
#03974,재로그인
#03975,초기화
#03976,탈퇴
#03977,카이로 계정
#03978,로그인 중
#03979,탈퇴했습니다.
#03980,매일
#03981,일요일
#03982,월요일
#03983,화요일
#03984,수요일
#03985,목요일
#03986,금요일
#03987,토요일
#03988,억
#03989,마을로 돌아왔습니다…
#03990,투자 계획서
#03991,<0>(이)가 부족합니다.
#03992,TAPJOY\t상점
#03993,시간
#03994,개
#03995,시작할 수 없습니다.<br>저장 공간 권한을 허가한 후 다시 시작해주세요.<br>※게임 데이터를 저장해야 합니다.
#03996,에러가 발생했습니다<br>문제 해결을 위해 에러 정보를 송신하겠습니까?<br>(※개인정보는 송신되지 않습니다)
#03997,=#00893
#03998,=#00894
#03999,=#00895
#04000,=#00896
#04001,=#00897
#04002,=#01612
#04003,=#01615
#04004,=#01614
#04005,=#02464
#04006,민첩
#04007,운
#04008,두뇌
#04009,재능
#04010,채집
#04011,이동
#04012,하트
#04013,생명력
#04014,에너지 저장량
#04015,이용 횟수
#04016,=#00905
#04017,계승 수
#04018,코인
#04019,식
#04020,마
#04021,스
#04022,보
#04023,활
#04024,방
#04025,민
#04026,재
#04027,채
#04028,이
#04029,♥
#04030,스태미나
#04031,매장
#04032,이용
#04033,금
#04034,은
#04035,=#01047
#04036,계승
#04037,공격
#04038,수비
#04039,평균
#04040,토지 이동
#04041,토지 철거
#04042,주민 목록
#04043,현관 늘리기
#04044,저장 개시
#04045,다이아|개|개 세트
#04046,데이터가 업데이트되었습니다.
#04047,구입이 정상적으로 완료되지 않았습니다.
#04048,서버 점검 중입니다.
#04049,서버 점검 중입니다.<br><br>잠시 뒤에<br>이하 과정대로 하면 상품이 도착합니다.<br><br>·구입 이력에서 복원<br>·앱 재시작
#04050,존재하지 않는 서비스 ID:<0>
#04051,기타
#04052,복구
#04053,인계
#04054,설치 보너스
#04055,=#02540
#04056,알림
#04057,구매 시 주의점
#04058,다이아|개
#04059,<0> <1>개
#04060,<0> <1>번
#04061,플레이 시간 +<0>분
#04062,푸시 알림에서<br>보너스가 도착했습니다
#04063,과거 구매 이력
#04064,현재 구매 이력
#04065,통신을 허가하고 네트워크 상태를 확인한 뒤 재시작해주십시오.
#04066,구매 잠금 기능이 켜져 있다면 해제해주세요.
#04067,아이 잠금 기능이 설정돼 있다면 일부 기능을 이용할 수 없습니다
#04068,로딩 중
#04069,시간 파악 중
#04070,곧 도착합니다
#04071,~고양미의 힌트 일지~
#04072,친구 신청을 보냅니다
#04073,신청한다\t그만둔다
#04074,친구 신청을 받았습니다!
#04075,승낙\t거부
#04076,닉네임 
#04077,친구 ID 
#04078,친구를<br>찾을 수 없습니다.&입력한 내용을 확인해주세요.
#04079,그리고 <co=ff0000>앱은 삭제하지 말아 주세요.</co> 삭제하면 친구들이 전부 사라지고 맙니다.
#04080,신청 목록
#04081,친구 우체국
#04082,캐릭터 등록
#04083,보너스까지 앞으로 <0>명
#04084,친구를 찾아 신청하세요
#04085,신청 <0>건
#04086,보기
#04087,카이로랜드 친구 중에서<br>찾기
#04088,내 캐릭터 확인하기
#04089,무엇으로 할까요?
#04090,게임하기 전에…
#04091,이용 규약에 동의
#04092,닉네임 입력
#04093,※변경 가능
#04094,약관에 동의하고
#04095,체류 중
#04096,찾기
#04097,전국에 있는 유저를<br>최대 <0>명까지 친구로<br>등록할 수 있습니다.<br>친구들의 플레이 시간 합계에<br>따라 게임 실행 시 보너스를<br>받습니다. 친구의 ID를 얻어<br>신청해봅시다.
#04098,전국에 있는 유저들과 친구가 되면<br>서로 도울 수 있습니다.<br><br>먼저 자신을 대표할 캐릭터를 등록해주세요.
#04099,설정 중인 캐릭터가 없어졌습니다.<br>다시 새로 설정해주세요.
#04100,상대가 상한치일 때도 있습니다
#04101,, % \"" 는 쓰실 수 없습니다
#04102,게임 데이터를 이동합니다
#04103,데이터 수신
#04104,코드 입력
#04105,최종 업데이트 [<0>]<br>카이로 계정과 연동된 데이터를 발견했습니다.<br>이 데이터로 복원하겠습니까?
#04106,데이터 코드를 입력해주세요
#04107,데이터 코드
#04108,<co=3c64c8>◆ 게임 데이터 이동 방법 ◆
#04109,플랫폼이 다를 경우
#04110,① 현재 플레이하고 있는 단말에<br>’게임 데이터 보내기’를 선택하고<br>데이터 코드를 메모합니다.<br><br>② 옮기려는 단말에서 앱을 실행하고<br>’게임 데이터 받기’를 선택한 뒤<br>패스워드를 입력하면 다운로드합니다.<br><br><co=ff4000>데이터 코드의 유효 기간은 1주일이며<br>옮기고 난 단말에서는 플레이할 수 없으니<br>데이터는 <0>에서 <1>로 이동할 수 없습니다.
#04111,게임 데이터 보내기
#04112,게임 데이터 받기
#04113,데이터를 성공적으로 이동했습니다.<br>앱을 다시 실행해주세요.
#04114,<0> <1>개
#04115,커런시 세일이\n시작되었습니다!
#04116,이제 광고가 보입니다
#04117,Tapjoy 기능을 이용하실 시<br>추적형 광고 제한을 해제하고 앱을 재실행해주십시오.<br>설정 > 사생활 > 광고 > 추적형 광고 제한
#04118,친구 신청 왕국건설 스토리
#04119,왕국건설 스토리 for Android에서\n친구 신청이 왔어.\n수락해줘!
#04120,왕국건설 스토리  for Android에서\n친구 신청을 했어.\nID：‘<0>’\n검색해줘.\n\n다운로드는 여기!\n
#04121,친구 신청 드림하우스 스토리
#04122,드림하우스 스토리 for Android에서<br>친구 신청이 왔어.<br>수락해줘!
#04123,드림하우스 스토리 for Android에서<br>친구 신청을 했어.<br>ID：‘<0>’<br>검색해줘.<br><br>다운로드는 여기!<br>
#04124,0&메세지&다이아를<0>받았습니다&<0>
#04125,옮기려는 단말에서 실행해<br>데이터 코드를 입력해주세요.<br><br>데이터 코드 “<co=ffff00><0></co>”
#04126,데이터를 성공적으로 이동했습니다.<br>앱을 다시 실행해주세요.<br>데이터 코드 “<0>”
#04127,데이터 이동을 중지합니다
#04128,친구 뽑기
#04129,건축 자재 자루
#04130,풀 자루
#04131,야채 자루
#04132,씨 자루
#04133,나무상자
#04134,황금 통
#04135,과일 자루
#04136,고기 자루
#04137,해산물 자루
#04138,요리
#04139,고기
#04140,상품
#04141,지면_보물
#04142,초원_보물
#04143,사막_보물
#04144,바위_보물
#04145,화산_보물
#04146,설원_보물
#04147,습지_보물
#04148,물_보물
#04149,특수_보물
#04150,=#01615
#04151,푸른 보물 상자
#04152,검은 보물 상자
#04153,황금 보물 상자
#04154,일요일 순위 보너스
#04155,월요일 순위 보너스
#04156,화요일 순위 보너스
#04157,수요일 순위 보너스
#04158,목요일 순위 보너스
#04159,금요일 순위 보너스
#04160,토요일 순위 보너스
#04161,배틀 보너스
#04162,보물 상자
#04163,조사 배낭
#04164,플레이 <0>시간 이상 달성
#04165,주민 <0>명 모집
#04166,직업 <0>종류 발견
#04167,시설 <0>채 짓기
#04168,랭크 <0>이상 되기
#04169,구역 <0>곳 해방
#04170,미션 <0>건 해결
#04171,전체용 아이템 <0>종류 발견
#04172,아이템 <0>종류 발견
#04173,몬스터 <0>종류 격파
#04174,구름 <0>개 지우기
#04175,마을 회관 <0>채 짓기
#04176,마을 밖으로 <0>번 파견 보내기
#04177,아이템 <0>개 보관
#04178,친구 <0>명 등록
#04179,보물 상자 <0>개 개방
#04180,연구 <0>번 하기
#04181,<0>명에게 주거 공간 주기
#04182,보물 상자 <0>개 보관
#04183,기술 <0>개 발견
#04184,동굴 <0>번 격파
#04185,몬스터 <0>마리 부화
#04186,몬스터 <0>마리와 동료 되기
#04187,벌레 <0>마리 수집
#04188,물고기 <0>마리 수집
#04189,미술품 <0>마리 수집
#04190,동물 <0>마리 수집
#04191,금전 <0>개 모으기
#04192,아이 <0>명 낳기
#04193,안녕하세요.<br>선대부터 조언자로서<br>종사해 온 사람입니다.
#04194,건축한 뒤에 정보를 확인하죠.
#04195,이번엔 이것도<br>배치해보죠.
#04196,토지를 지어봅시다.
#04197,꽤 괜찮은 토지군요.<br>국왕에게 주도록 합시다.
#04198,토지를 국왕에게 주도록 합시다.
#04199,이번엔 보물을 모아둘 장소를<br>설치해보도록 합시다
#04200,창고 두 곳을 지어보죠.
#04201,건축 공사를 하려면…<br>인부가 있어야죠!<br>이걸 드리겠습니다.
#04202,주민을 3명 고용합시다
#04203,공사를 완료하실 때<br>이걸 써보시죠
#04204,창고와 왕의 방을 만듭시다.
#04205,왕의 방이 제 역할을 하려면<br>이것도 필요하죠.
#04206,왕의 방에 있는 가구를 탭하세요.
#04207,이제 바깥쪽을 향하는<br>문을 만들어야겠군요.
#04208,문을 만듭시다
#04209,마을 밖에 보물이<br>묻혀있을 수도 있습니다.
#04210,위병을 파견 보내세요.
#04211,시간을 보내는 데에<br>도움이 될 물건을 가져왔습니다.
#04212,시간을 더 빨리<br>보내실 수 있답니다.
#04213,오오! 랭크 포인트가<br>가득 찼군요!
#04214,랭크를 올립시다
#04215,나라 발전에는 ‘연구’가<br>정말 중요하죠.
#04216,‘연구가’를 고용합시다.
#04217,두 번째 마을 회관이<br>생겼군요!
#04218,마을 회관을 지읍시다.
#04219,보물 상자를 얻었으면<br>당연히 열어봐야죠.
#04220,야외 감정소를 지읍시다.
#04221,연구를 하려면<br>따로 시설이 필요하죠.
#04222,연구소를 설치합시다.
#04223,준비를 마친 듯하군요.<br>연구를 실행해보도록 합시다.
#04224,연구해봅시다.
#04225,새로운 주민이 필요하겠군요…<br>모험가와 주민들을 소개받읍시다.
#04226,모험가를 소개받읍시다.
#04227,HP가 낮은 주민이<br>있나 봅니다…
#04228,HP 회복 시설을 만듭시다
#04229,마음을 굳게 다잡고<br>주민들을 육성해 나갑시다.
#04230,주민을 육성합시다.
#04231,음식을 얻었습니다.<br>사용해보죠!
#04232,주민을 성장시키자
#04233,마을 밖에… 수상한 동굴이<br>발견되었다고 합니다.
#04234,동굴을 선택해 토벌하죠.
#04235,파견처에서… 보스처럼 보이는<br>그림자를 발견했다고 합니다!
#04236,정예인원으로 보스를 물리칩시다.
#04237,파견 중인 주민이<br>지시를 기다리고 있습니다.
#04238,새로운 장소로 파견을 보냅니다.
#04239,마구간을 얻으셨군요.
#04240,마구간을 지읍시다.
#04241,오오, 새로운 구역에<br>항구가 있군요
#04242,마을까지 간판을 5~6개 세웁시다
#04243,준비는 마쳤습니다<br>배를 불러보죠
#04244,배를 불러 관광객을 유치합시다
#04245,지금 있는 방은<br>다른 주민이 살 수 있다고 합니다
#04246,동거 침대를 배치합시다
#04247,마을이 침략당했군요…
#04248,슬슬 성벽도 강화해야 할 때가 되었네요.
#04249,두 번째 마을이 생겼습니다!
#04250,두 번째 마을을 발전시킵시다
#04251,두 번째 마을과 교류합시다.
#04252,두 번째 왕국과 교류합시다.
#04253,이제부터 랭크를 올리려면<br>아이템이 필요하군요.
#04254,다양한 아이템을 모아봅시다.
#04255,이제부터는 적의 침략을<br>대비해야겠군요.
#04256,성벽의 레벨을 높여봅시다.
#04257,<pic=grass>이 많이 늘었군요<br>창고가 필요하겠습니다
#04258,<pic=grass> 창고를 연구합시다
#04259,<pic=food>이 많이 늘었군요<br>창고가 필요하겠습니다
#04260,<pic=food> 창고를 연구합시다
#04261,<pic=wood>가 많이 늘었군요<br>창고가 필요하겠습니다
#04262,<pic=wood> 창고를 연구합시다
#04263,<pic=iron>이 많이 늘었군요<br>창고가 필요하겠습니다
#04264,<pic=iron> 창고를 연구합시다
#04265,<pic=magic>가 많군요<br>창고가 필요하겠습니다
#04266,<pic=magic> 창고를 연구합시다
#04267,에너지가 부족하다 싶으시면<br>이걸 한번 써보세요
#04268,에너지 광산과 창고를 연구하자
#04269,새로운 연구 내용이<br>떠올랐습니다.
#04270,길을 연구합시다
#04271,우물을 연구합시다
#04272,간이 화덕을 연구합시다
#04273,휴식처를 연구합시다
#04274,벤치를 연구합시다
#04275,보물 창고를<br>더 늘려야겠군요.
#04276,보물 창고를 연구합시다
#04277,아이템 창고를<br>더 늘려야겠군요.
#04278,아이템 창고를 연구합시다
#04279,<pic=grass>이 부족하군요
#04280,밭을 연구합시다
#04281,<pic=wood>가 부족하군요
#04282,벌목소를 연구합시다
#04283,파견을 보내<br>구름을 걷어내자
#04284,파견처를 바꿔보는 게 좋겠습니다
#04285,동전을 얻으셨군요.
#04286,동전 상자를 설치합시다.
#04287,은전을 얻으셨군요.
#04288,은전 상자를 설치합시다.
#04289,금전을 얻으셨군요.
#04290,금전 상자를 설치합시다.
#04291,우리 왕국에도 무기가<br>많이 생겼군요.
#04292,동료들의 장비를 정비합시다.
#04293,새로운 기술을<br>얻으셨군요.
#04294,기술 장비 상태를 점검합시다.
#04295,새 동료로 낙농가를<br>영입했군요.
#04296,목장을 설치합시다.
#04297,목장을 만드셨군요.
#04298,먹이를 마을 밖에 두도록 하죠.
#04299,음?<br>몬스터가 뭔가를<br>떨어트렸네요.
#04300,알 창고를 준비합시다.
#04301,알을 발견하셨군요.<br>마을에서 부화시킵시다.
#04302,몬스터 방이나 오두막을 연구합시다
#04303,상점에 진열대를<br>늘려보시는 건 어떤까요?
#04304,상점에 진열대를 늘립시다.
#04305,<pic=food>이 부족하군요
#04306,파견을 보내 <pic=food>을 찾아봅시다
#04307,<pic=iron>이 부족하군요
#04308,파견을 보내 <pic=iron>을 찾아봅시다
#04309,<pic=magic>이 부족하군요
#04310,파견을 보내 <pic=magic>을 찾아봅시다
#04311,광산을 얻으셨군요.
#04312,기술을 장비해 광산을 활용해봅시다
#04313,마석 광산을 얻으셨군요.
#04314,기술을 장비해 마석 광산을 활용해봅시다
#04315,친구가 늘었습니다!
#04316,친구가 체류할 수 있게<br>침대를 준비해둡시다.
#04317,황무지 표시를 얻으셨군요.
#04318,황무지 표시를 설치합시다.
#04319,원정 오두막을 얻으셨군요.
#04320,원정 오두막을 지읍시다.
#04321,모종판을 얻으셨군요.
#04322,모종판을 설치합시다.
#04323,공구 정제소를 얻으셨군요.
#04324,공구 정제소를 설치합시다.
#04325,광석 정제소를 얻으셨군요.
#04326,광석 정제소를 설치합시다.
#04327,조리대를 얻으셨군요.
#04328,조디래를 설치합시다.
#04329,마물의 석상을 얻으셨군요.
#04330,마물의 석상을 설치합시다.
#04331,액막이 보옥을 얻으셨군요.
#04332,액막이 보옥을 설치합시다.
#04333,액막이 검을 얻으셨군요.
#04334,액막이 검을 설치합시다.
#04335,액막이 비석을 얻으셨군요.
#04336,액막이 비석을 설치합시다.
#04337,드디어 우리 왕국에도<br>무기점이 생겼군요.
#04338,무기점이 완성됐습니다.
#04339,드디어 우리 왕국에도<br>방어구점이 생겼군요.
#04340,방어구점이 완성됐습니다.
#04341,드디어 우리 왕국에도<br>아이템점이 생겼군요.
#04342,아이템점이 완성됐습니다.
#04343,드디어 우리 왕국에도<br>가구점이 생겼군요.
#04344,가구점이 완성됐습니다.
#04345,드디어 우리 왕국에도<br>기술점이 생겼군요.
#04346,기술점이 완성됐습니다.
#04347,드디어 우리 왕국에도<br>여관이 생겼군요.
#04348,여관이 완성됐습니다.
#04349,드디어 우리 왕국에도<br>음식점이 생겼군요.
#04350,음식점이 완성됐습니다.
#04351,드디어 우리 왕국에도<br>장신구점이 생겼군요.
#04352,장신구점이 완성됐습니다.
#04353,드디어 우리 왕국에도<br>회복소가 생겼군요.
#04354,회복소가 완성됐습니다.
#04355,드디어 우리 왕국에도<br>감정소가 생겼군요.
#04356,감정소가 완성됐습니다.
#04357,드디어 우리 왕국에도<br>연구소가 생겼군요.
#04358,연구소가 완성됐습니다.
#04359,드디어 우리 왕국에도<br>병원이 생겼군요.
#04360,병원이 완성됐습니다.
#04361,드디어 우리 왕국에도<br>교회가 생겼군요.
#04362,교회가 완성됐습니다.
#04363,중요한 직업은 여럿 두는 편이 좋죠.
#04364,여건이 된다면 여럿 영입합시다.
#04365,새로운 구역을<br>발견했다고 합니다!
#04366,더 평화로운 세상을<br>만듭시다!
#04367,새로운 주거 방식을<br>발견했다고 합니다!
#04368,목수 또는 운반부에게<br>집을 지어줍시다.
#04369,드디어 우리 왕국에도<br>조사단실이 생겼군요.
#04370,조사단실이 완성되었습니다.
#04371,혼돈의 바위를<br>얻으셨군요.
#04372,혼돈의 바위를 설치합시다
#04373,영지를 매립하는 도구를<br>얻으셨군요.
#04374,영지에 있는 물웅덩이를 매립합시다.
#04375,오오! 상급 풀 창고를<br>얻으셨군요
#04376,새 창고를 지어봅시다!
#04377,오오! 상급 목재 창고를<br>얻으셨군요
#04378,오오! 상급 식량 창고를<br>얻으셨군요
#04379,오오! 상급 광석 창고를<br>얻으셨군요
#04380,오오! 상급 마석 창고를<br>얻으셨군요
#04381,오오! 상급 에너지 창고를<br>얻으셨군요
#04382,오오! 상급 보물 창고를<br>얻으셨군요
#04383,오오! 상급 아이템 창고를<br>얻으셨군요
#04384,오오! 상급 알 창고를<br>얻으셨군요
#04385,랭크가 상당히<br>높아지셨군요
#04386,랭크 상한을 올릴<br>비보를 찾아봅시다
#04387,랭크가 높은 농민에게<br>집을 지어줍시다.
#04388,계산원을<br>얻으셨군요.
#04389,계산원을 계산대에 덮어 씌우자
#04390,오오! 우리 왕국에도<br>산타가 왔습니다!
#04391,산타 하우스를 만들어주자
#04392,산타 하우스도 생겼는데<br>순록도 챙겨줘야죠
#04393,순록을 연구합시다
#04394,순록 세 마리가 모인 덕분에<br>선물이 도착했습니다!
#04395,새 장비를 확인해보죠!
#04396,듣자하니 아주 위험한 구역을<br>발견했다고 합니다!
#04397,정신 바짝 차리고 가봅시다…!
#04398,호오… 친밀도가 높은<br>주민이 있군요
#04399,교회를 지어봅시다!
#04400,결혼한 주민에게<br>무슨 일이 생기려는 듯합니다
#04401,아기 침대를 설치합시다
#04402,아이가 태어나면<br>성장을 도울 시설이 필요합니다
#04403,보육 시설을 지어봅시다
#04404,이 마을도 어느덧 2세가<br>나타났습니다!
#04405,비행선 주기장을 만듭시다
#04406,느낌이 약간 다른 여행객을 위한<br>수집품이 필요할 듯하네요
#04407,수집가의 방을 만듭시다
#04408,새로운 직업이 생겼습니다
#04409,앞으로의 활약이 기대되네요.
#04410,왕위 후계자가<br>드디어 태어나셨습니다.
#04411,화실이 완성됐습니다!
#04412,곤충관이 완성됐습니다!
#04413,수족관이 완성됐습니다!
#04414,동물원이 완성됐습니다!
#04415,박물관이 완성됐습니다!
#04416,생명의 성수 #1
#04417,모든 주민의 HP가 10 늘어납니다
#04418,"=MID(#04416,1,-1)&'2'"
#04419,"=MID(#04416,1,-1)&'3'"
#04420,"=MID(#04416,1,-1)&'4'"
#04421,"=MID(#04416,1,-1)&'5'"
#04422,"=MID(#04416,1,-1)&'6'"
#04423,"=MID(#04416,1,-1)&'7'"
#04424,"=MID(#04416,1,-1)&'8'"
#04425,"=MID(#04416,1,-1)&'9'"
#04426,"=MID(#04416,1,-1)&'10'"
#04427,"=MID(#04416,1,-1)&'11'"
#04428,"=MID(#04416,1,-1)&'12'"
#04429,"=MID(#04416,1,-1)&'13'"
#04430,"=MID(#04416,1,-1)&'14'"
#04431,"=MID(#04416,1,-1)&'15'"
#04432,"=MID(#04416,1,-1)&'16'"
#04433,"=MID(#04416,1,-1)&'17'"
#04434,"=MID(#04416,1,-1)&'18'"
#04435,"=MID(#04416,1,-1)&'19'"
#04436,"=MID(#04416,1,-1)&'20'"
#04437,지혜의 성수 #1
#04438,모든 주민의 MP가 10 늘어납니다
#04439,"=MID(#04437,1,-1)&'2'"
#04440,"=MID(#04437,1,-1)&'3'"
#04441,"=MID(#04437,1,-1)&'4'"
#04442,"=MID(#04437,1,-1)&'5'"
#04443,"=MID(#04437,1,-1)&'6'"
#04444,"=MID(#04437,1,-1)&'7'"
#04445,"=MID(#04437,1,-1)&'8'"
#04446,"=MID(#04437,1,-1)&'9'"
#04447,"=MID(#04437,1,-1)&'10'"
#04448,"=MID(#04437,1,-1)&'11'"
#04449,"=MID(#04437,1,-1)&'12'"
#04450,"=MID(#04437,1,-1)&'13'"
#04451,"=MID(#04437,1,-1)&'14'"
#04452,"=MID(#04437,1,-1)&'15'"
#04453,"=MID(#04437,1,-1)&'16'"
#04454,"=MID(#04437,1,-1)&'17'"
#04455,"=MID(#04437,1,-1)&'18'"
#04456,"=MID(#04437,1,-1)&'19'"
#04457,"=MID(#04437,1,-1)&'20'"
#04458,활력의 성수 #1
#04459,모든 주민의 활력이 10 늘어납니다
#04460,"=MID(#04458,1,-1)&'2'"
#04461,"=MID(#04458,1,-1)&'3'"
#04462,"=MID(#04458,1,-1)&'4'"
#04463,"=MID(#04458,1,-1)&'5'"
#04464,"=MID(#04458,1,-1)&'6'"
#04465,"=MID(#04458,1,-1)&'7'"
#04466,"=MID(#04458,1,-1)&'8'"
#04467,"=MID(#04458,1,-1)&'9'"
#04468,"=MID(#04458,1,-1)&'10'"
#04469,"=MID(#04458,1,-1)&'11'"
#04470,"=MID(#04458,1,-1)&'12'"
#04471,"=MID(#04458,1,-1)&'13'"
#04472,"=MID(#04458,1,-1)&'14'"
#04473,"=MID(#04458,1,-1)&'15'"
#04474,"=MID(#04458,1,-1)&'16'"
#04475,"=MID(#04458,1,-1)&'17'"
#04476,"=MID(#04458,1,-1)&'18'"
#04477,"=MID(#04458,1,-1)&'19'"
#04478,"=MID(#04458,1,-1)&'20'"
#04479,힘의 성수 #1
#04480,모든 주민의 공격력이 10 늘어납니다
#04481,"=MID(#04479,1,-1)&'2'"
#04482,"=MID(#04479,1,-1)&'3'"
#04483,"=MID(#04479,1,-1)&'4'"
#04484,"=MID(#04479,1,-1)&'5'"
#04485,"=MID(#04479,1,-1)&'6'"
#04486,"=MID(#04479,1,-1)&'7'"
#04487,"=MID(#04479,1,-1)&'8'"
#04488,"=MID(#04479,1,-1)&'9'"
#04489,"=MID(#04479,1,-1)&'10'"
#04490,"=MID(#04479,1,-1)&'11'"
#04491,"=MID(#04479,1,-1)&'12'"
#04492,"=MID(#04479,1,-1)&'13'"
#04493,"=MID(#04479,1,-1)&'14'"
#04494,"=MID(#04479,1,-1)&'15'"
#04495,"=MID(#04479,1,-1)&'16'"
#04496,"=MID(#04479,1,-1)&'17'"
#04497,"=MID(#04479,1,-1)&'18'"
#04498,"=MID(#04479,1,-1)&'19'"
#04499,"=MID(#04479,1,-1)&'20'"
#04500,방어의 성수 #1
#04501,모든 주민의 방어력이 10 늘어납니다
#04502,"=MID(#04500,1,-1)&'2'"
#04503,"=MID(#04500,1,-1)&'3'"
#04504,"=MID(#04500,1,-1)&'4'"
#04505,"=MID(#04500,1,-1)&'5'"
#04506,"=MID(#04500,1,-1)&'6'"
#04507,"=MID(#04500,1,-1)&'7'"
#04508,"=MID(#04500,1,-1)&'8'"
#04509,"=MID(#04500,1,-1)&'9'"
#04510,"=MID(#04500,1,-1)&'10'"
#04511,"=MID(#04500,1,-1)&'11'"
#04512,"=MID(#04500,1,-1)&'12'"
#04513,"=MID(#04500,1,-1)&'13'"
#04514,"=MID(#04500,1,-1)&'14'"
#04515,"=MID(#04500,1,-1)&'15'"
#04516,"=MID(#04500,1,-1)&'16'"
#04517,"=MID(#04500,1,-1)&'17'"
#04518,"=MID(#04500,1,-1)&'18'"
#04519,"=MID(#04500,1,-1)&'19'"
#04520,"=MID(#04500,1,-1)&'20'"
#04521,고대의 도면 #1 
#04522,모든 시설의 최대 내구도가 10 늘어납니다
#04523,고대의 도면 #2
#04524,"=MID(#04523,1,-1)&'3'"
#04525,"=MID(#04523,1,-1)&'4'"
#04526,"=MID(#04523,1,-1)&'5'"
#04527,"=MID(#04523,1,-1)&'6'"
#04528,"=MID(#04523,1,-1)&'7'"
#04529,"=MID(#04523,1,-1)&'8'"
#04530,"=MID(#04523,1,-1)&'9'"
#04531,"=MID(#04523,1,-1)&'10'"
#04532,"=MID(#04523,1,-1)&'11'"
#04533,"=MID(#04523,1,-1)&'12'"
#04534,"=MID(#04523,1,-1)&'13'"
#04535,"=MID(#04523,1,-1)&'14'"
#04536,"=MID(#04523,1,-1)&'15'"
#04537,"=MID(#04523,1,-1)&'16'"
#04538,"=MID(#04523,1,-1)&'17'"
#04539,"=MID(#04523,1,-1)&'18'"
#04540,"=MID(#04523,1,-1)&'19'"
#04541,"=MID(#04523,1,-1)&'20'"
#04542,"=MID(#04523,1,-1)&'21'"
#04543,"=MID(#04523,1,-1)&'22'"
#04544,"=MID(#04523,1,-1)&'23'"
#04545,선조의 지도 #1
#04546,파견 비용이 5% 감소합니다
#04547,"=MID(#04545,1,-1)&'2'"
#04548,"=MID(#04545,1,-1)&'3'"
#04549,"=MID(#04545,1,-1)&'4'"
#04550,"=MID(#04545,1,-1)&'5'"
#04551,"=MID(#04545,1,-1)&'6'"
#04552,비밀 도구 #1
#04553,건축 비용이 5% 감소합니다
#04554,"=MID(#04552,1,-1)&'2'"
#04555,"=MID(#04552,1,-1)&'3'"
#04556,"=MID(#04552,1,-1)&'4'"
#04557,"=MID(#04552,1,-1)&'5'"
#04558,"=MID(#04552,1,-1)&'6'"
#04559,왕국 업계 잡지 #1
#04560,연구와 레벨업 시간이 5％ 단축됩니다
#04561,"=MID(#04559,1,-1)&'2'"
#04562,"=MID(#04559,1,-1)&'3'"
#04563,"=MID(#04559,1,-1)&'4'"
#04564,"=MID(#04559,1,-1)&'5'"
#04565,"=MID(#04559,1,-1)&'6'"
#04566,다이아의 서 #1
#04567,다이아 비용이 2% 감소합니다
#04568,"=MID(#04566,1,-1)&'2'"
#04569,"=MID(#04566,1,-1)&'3'"
#04570,"=MID(#04566,1,-1)&'4'"
#04571,"=MID(#04566,1,-1)&'5'"
#04572,각성의 서 #1
#04573,모든 주민의 각성 상한이 5 늘어납니다
#04574,"=MID(#04572,1,-1)&'2'"
#04575,"=MID(#04572,1,-1)&'3'"
#04576,"=MID(#04572,1,-1)&'4'"
#04577,"=MID(#04572,1,-1)&'5'"
#04578,마을 만들기 지도서 #1
#04579,미을 랭크 상한이 5 늘어납니다
#04580,"=MID(#04578,1,-1)&'2'"
#04581,"=MID(#04578,1,-1)&'3'"
#04582,"=MID(#04578,1,-1)&'4'"
#04583,"=MID(#04578,1,-1)&'5'"
#04584,"=MID(#04578,1,-1)&'6'"
#04585,"=MID(#04578,1,-1)&'7'"
#04586,"=MID(#04578,1,-1)&'8'"
#04587,"=MID(#04578,1,-1)&'9'"
#04588,"=MID(#04578,1,-1)&'10'"
#04589,"=MID(#04578,1,-1)&'11'"
#04590,"=MID(#04578,1,-1)&'12'"
#04591,"=MID(#04578,1,-1)&'13'"
#04592,"=MID(#04578,1,-1)&'14'"
#04593,병법서 #1
#04594,보스전과 온라인 대전 시 참가 인원수 UP
#04595,"=MID(#04593,1,-1)&'2'"
#04596,"=MID(#04593,1,-1)&'3'"
#04597,"=MID(#04593,1,-1)&'4'"
#04598,"=MID(#04593,1,-1)&'5'"
#04599,"=MID(#04593,1,-1)&'6'"
#04600,"=MID(#04593,1,-1)&'7'"
#04601,"=MID(#04593,1,-1)&'8'"
#04602,"=MID(#04593,1,-1)&'9'"
#04603,"=MID(#04593,1,-1)&'10'"
#04604,"=MID(#04593,1,-1)&'11'"
#04605,"=MID(#04593,1,-1)&'12'"
#04606,"=MID(#04593,1,-1)&'13'"
#04607,"=MID(#04593,1,-1)&'14'"
#04608,"=MID(#04593,1,-1)&'15'"
#04609,"=MID(#04593,1,-1)&'16'"
#04610,"=MID(#04593,1,-1)&'17'"
#04611,"=MID(#04593,1,-1)&'18'"
#04612,"=MID(#04593,1,-1)&'19'"
#04613,"=MID(#04593,1,-1)&'20'"
#04614,"=MID(#04593,1,-1)&'21'"
#04615,"=MID(#04593,1,-1)&'22'"
#04616,"=MID(#04593,1,-1)&'23'"
#04617,"=MID(#04593,1,-1)&'24'"
#04618,"=MID(#04593,1,-1)&'25'"
#04619,"=MID(#04593,1,-1)&'26'"
#04620,"=MID(#04593,1,-1)&'27'"
#04621,"=MID(#04593,1,-1)&'28'"
#04622,전설의 탐험 지도 #1
#04623,동굴 토벌 인원수 UP
#04624,"=MID(#04622,1,-1)&'2'"
#04625,"=MID(#04622,1,-1)&'3'"
#04626,"=MID(#04622,1,-1)&'4'"
#04627,"=MID(#04622,1,-1)&'5'"
#04628,"=MID(#04622,1,-1)&'6'"
#04629,"=MID(#04622,1,-1)&'7'"
#04630,"=MID(#04622,1,-1)&'8'"
#04631,"=MID(#04622,1,-1)&'9'"
#04632,"=MID(#04622,1,-1)&'10'"
#04633,"=MID(#04622,1,-1)&'11'"
#04634,"=MID(#04622,1,-1)&'12'"
#04635,"=MID(#04622,1,-1)&'13'"
#04636,"=MID(#04622,1,-1)&'14'"
#04637,"=MID(#04622,1,-1)&'15'"
#04638,"=MID(#04622,1,-1)&'16'"
#04639,"=MID(#04622,1,-1)&'17'"
#04640,"=MID(#04622,1,-1)&'18'"
#04641,망치의 달인 #1
#04642,동시에 공사할 수 있는 곳이 UP
#04643,"=MID(#04641,1,-1)&'2'"
#04644,"=MID(#04641,1,-1)&'3'"
#04645,"=MID(#04641,1,-1)&'4'"
#04646,"=MID(#04641,1,-1)&'5'"
#04647,"=MID(#04641,1,-1)&'6'"
#04648,"=MID(#04641,1,-1)&'7'"
#04649,"=MID(#04641,1,-1)&'8'"
#04650,"=MID(#04641,1,-1)&'9'"
#04651,"=MID(#04641,1,-1)&'10'"
#04652,"=MID(#04641,1,-1)&'11'"
#04653,"=MID(#04641,1,-1)&'12'"
#04654,"=MID(#04641,1,-1)&'13'"
#04655,"=MID(#04641,1,-1)&'14'"
#04656,"=MID(#04641,1,-1)&'15'"
#04657,"=MID(#04641,1,-1)&'16'"
#04658,"=MID(#04572,1,-1)&'6'"
#04659,모든 주민의 각성 상한이 1 늘어납니다
#04660,화면이 넓어져서<br><co=60,100,200>가로 화면</co>으로도<br>즐길 수 있습니다!
#04661,광고가 해제되었습니다!
#04662,그리고 화면도 회전됩니다!! 메뉴 → ‘시스템’ → ‘설정 변경’에서 가로 화면 ON/OFF를 전환할 수 있습니다.
#04663,화면도 바뀌었으니 새로운 기분으로<br>경영하도록 하죠!
#04664,통신을 허가하고 네트워크 상태를 확인한 뒤 재시작해주십시오.\n네트워크 OFF인 경우는 일부 기능을 사용 못 할 수도 있습니다.
#04665,메시지
#04666,메시지
#04667,통신 중
#04668,확인
#04669,어서 오세요
#04670,품절
#04671,후후후후.\n어느 걸로 하시겠습니까?
#04672,통신에 실패했습니다
#04673,아이템 구매
#04674,이용약관을 확인(필독)
#04675,약관에 동의하고 마켓으로 이동
#04676,구매 후 게임을 재실행하면 획득
#04677,구매하러 이동
#04678,약관에 동의하고 구매하러 이동
#04679,보고
#04680,아이템이 무사히\n도착했습니다
#04681,어디에 입점하시겠습니까?
#04682,펌프킨 상회
#04683,티켓 상점
#04684,어이쿠…<br>본부와의 <co=60,100,200>통신에 실패</co>해버렸군요.
#04685,네트워크 상태를 확인하고<br>다시 상점에 오면…
#04686,본래 있던 멋진 상품들이 진열된답니다.
#04687,자, 그럼…<br>기다리고 있겠습니다.
#04688,이 상점에서는 세계적으로<br>엄청 희귀한 ’티켓’을 팔고 있답니다.
#04689,비용이 상당하니 잘 생각하고 구입해주세요.
#04690,후후후.
#04691,후후후.<br>잘 왔어요.
#04692,아… 안타깝게도<br>그 상품은 <co=60,100,200>매진</co>됐습니다.<br>다른 상품을 봐주시죠.
#04693,티켓이 최대 <0>장을 넘어버립니다.
#04694,오호라, 안목이 있으시군요.
#04695,이 멋진 상품들은 <co=60,100,200>현실 화폐로 구입하는 상품</co>들이랍니다.
#04696,어린이들은 <co=60,100,200>보호자분</co>의 확인을 받고 구입해주세요. 후후후.
#04697,이 상점은 항상 있으니 언제든지 오시지요.
#04698,후후후<br>그럼 다음에 다시 뵙길.
#04699,<0> 님
#04700,플레이 <0>시간 <1>분
#04701,신청해보기
#04702,전국에 있는 유저를<br>최대 <0>명까지 친구로<br>등록할 수 있습니다.<br>친구들의 플레이 시간 합계에<br>따라 게임 실행 시 보너스를<br>받습니다. 친구의 ID를 얻어<br>신청해봅시다.
#04703,닉네임
#04704,=#04076
#04705,닉네임을 입력해주세요
#04706,공백을 제외하고 입력해주세요
#04707,쓸 수 없는 문자가 있습니다
#04708,친구 ID
#04709,=#04077
#04710,친구 ID를 입력해주세요
#04711,축하합니다!<br>새로운 <co=60,100,200>친구</co>가 등록되어 보너스가 생겼습니다!
#04712,같이 플레이하면 앞으로도 보너스가 생긴답니다!
#04713,그리고 <co= 255,0, 0>앱은 삭제하지 말아 주세요.</co> 삭제하면 친구들이 전부 사라지고 맙니다.
#04714,게임하기 전에…
#04715,닉네임을 입력해주세요
#04716,여기를 터치
#04717,※나중에 변경할 수 있습니다
#04718,OK
#04719,새로운 닉네임을 입력해주세요
#04720,<0>  <1>시간 <2>분
#04721,이전 실행 시
#04722,누계
#04723,<0>시간 <1>분
#04724,에게서 신청이 왔습니다.
#04725,기타 <0>건
#04726,친구 찾기
#04727,친구 설명
#04728,ID 알려주기
#04729,내 아이디는 여기 (터치해줘)
#04730,검색은 여기
#04731,여기에 입력
#04732,검색
#04733,=#02554
#04734,승인되기까지 시간이 걸립니다
#04735,신청
#04736,그만두기
#04737,에게 신청했습니다.
#04738,허가되기까지 기다려주세요.
#04739,친구에게 알리자
#04740,=#02568
#04741,반영되기까지 시간이 걸립니다
#04742,승낙
#04743,거부
#04744,친구 승인
#04745,친구 증가
#04746,<co=0070FF><0> 님</co><br>을 승낙했습니다.
#04747,게임을 하면 보너스가 있답니다
#04748,※상대편에겐 알려지지 않습니다※
#04749,삭제
#04750,뒤로
#04751,<0>님을<br>삭제할까요?
#04752,친구에 대해서
#04753,친구 보너스(<0>분마다)
#04754,친구로부터 <co=254,233,1><0></co>시간<co=254,233,1><1></co>분 취득
#04755,(최대)
#04756,수령
#04757,다음에
#04758,친구 보너스 GET
#04759,<co=0070FF>티켓 <0>장</co><br>획득했습니다.
#04760,친구 보너스
#04761,친구가 <co=254,233,1><0>명</co> 늘었습니다!
#04762,<co=0,128,255><0></co> 님과<br>친구가 되었습니다!
#04763,통신에 실패했습니다.|설정을 확인하고|잠시 후에 시도해주세요.&친구는 최대 <friend_max>명까지 등록할 수 있습니다
#04764,고객 지원 전용\n상점 코드를 입력해주세요
#04765,상점 코드
#04766,세이브 데이터 수신
#04767,고객 지원 전용\n문의 코드를 입력해주세요
#04768,문의 코드
#04769,추천 앱 정보
#04770,타이틀 화면으로
#04771,친구에게 앱 소개
#04772,0P는 등록할 수 없습니다.
#04773,<0>(은)는 등록할 수 없습니다.
#04774,앱 버전을 업데이트합니다.
#04775,인증에 실패했습니다. 구입 시 계정을 설정하고 통신 상태를 확인해주세요.
#04776,구입 시 계정을 설정하고 통신 상태를 확인해주세요.
#04777,가로 화면 모드는
#04778,정식판에서 이용하실 수 있습니다!!
#04779,시스템 문제로 <0>(은)는 사용하실 수 없습니다
#04780,<0>(을)를 입력해주세요
#04781,앱 실행 중
#04782,리소스 로딩 실패
#04783,시작
#04784,저장 슬롯
#04785,중단 데이터부터 다시 시작
#04786,저장 데이터 불러오기
#04787,중단 데이터 없음
#04788,빈 슬롯
#04789,<0>년
#04790,<0>월 <1>주
#04791,시스템 문제로  / | < > \\ 문자는 사용하실 수 없습니다
#04792,데이터를 선택해주세요
#04793,저장 데이터가 없습니다
#04794,이 게임은
#04795,최고 클리어 포인트
#04796,기록이 없습니다
#04797,해당 없음
#04798,정식판으로
#04799,최고 점수는<br>정식판에서 이용하실 수 있습니다!!
#04800,수고하셨습니다.<br>Lite판은 여기에서 끝입니다
#04801,이후 정식판 사이트에 접속할 수 있습니다.
#04802,그럼 다음에 또 뵙길 바랍니다.
#04803,<0>최신호가<br>발행되었습니다
#04804,=#02552
#04805,=#02553
#04806,시스템
#04807,=#02555
#04808,설정 변경
#04809,플레이 방법
#04810,최고 점수
#04811,게임 종료
#04812,이어하기
#04813,처음부터
#04814,=#02431
#04815,정보
#04816,아이템
#04817,타이틀로
#04818,소계 <0>P
#04819,합계 <0>P!!
#04820,<0>개
#04821,<0>종
#04822,<0>명
#04823,게임 저장 중
#04824,회화창
#04825,=#00655
#04826,설정
#04827,화면
#04828,속도
#04829,BGM
#04830,효과음
#04831,화면 회전
#04832,품질 우선
#04833,속도 우선
#04834,고속
#04835,보통
#04836,자동
#04837,고정
#04838,속도를 우선으로 하면 일부 연출과
#04839,표시가 삭제됩니다
#04840,게임 속도를 변경합니다.
#04841,게임을 클리어하면 변경할 수 있습니다
#04842,기기 방향에 맞춰
#04843,화면의 회전 여부를 설정합니다
#04844,게임 음량을
#04845,설정합니다
#04846,for 카이로파크
#04847,(C) Kairosoft Co., Ltd.
#04848,클리어 포인트
#04849,클리어 포인트 합계
#04850,=#02567
#04851,유지/월
#04852,기본
#04853,보너스
#04854,합계
#04855,보너스
#04856,남성
#04857,여성
#04858,<0>월
#04859,유지비
#04860,<0>/월
#04861,미설정
#04862,가격
#04863,재고
#04864,보유 중
#04865,완료
#04866,실행 중
#04867,<0>개 완료
#04868,<0> <1>월호
#04869,아이템 목록
#04870,보유
#04871,아이템 목록
#04872,이용 횟수
#04873,<0>번
#04874,“<0>”
#04875,개요
#04876,기간
#04877,비용
#04878,이름
#04879,순위
#04880,시설 목록
#04881,모두
#04882,모든 시설
#04883,목록
#04884,이 저장 데이터에<br>덮어씁니다
#04885,이 저장 데이터는<br>삭제됩니다
#04886,게임 저장 완료
#04887,화면을 스크롤해서 지을 장소를 고를 수 있습니다. 건물을 터치한 채로 움직이면 더 세밀하게 조절할 수 있습니다.
#04888,이미 설정되어있습니다
#04889,자금이 부족합니다
#04890,임시 수입으로  <co=000080><0></co>(을)를 얻었습니다
#04891,추적을 시작합니다.<br>이어서 한 번 더 터치하면 자세한 정보를 볼 수 있습니다.
#04892,<0> 건설 중입니다.
#04893,“<0>” 철거
#04894,어디까지 철거할까요?
#04895,어디부터 <0>(을)를 설치할까요?
#04896,어디까지 설치할까요?
#04897,봄
#04898,여름
#04899,가을
#04900,겨울
#04901,“<co=008000><0></co>” 완료
#04902,유지비가 <0> 만큼 지불되었습니다
#04903,카이로 뉴스
#04904,카이로 파크로 이동합니다
#04905,앱 소개 페이지로 이동합니다
#04906,게임을 종료하고
#04907,카이로 파크에 접속합니다
#04908,앱 소개 페이지에 접속합니다
#04909,사이트로 이동
#04910,게임을 종료합니다
#04911,최신 게임 정보는
#04912,카이로 파크에서 GET
#04913,통화 단위
#04914,엔
#04915,달러
#04916,게임상 표기를 변경합니다.
#04917,\\100 = $1 비율입니다
#04918,카이로 파크는 여기
#04919,인증 중
#04920,이름을 입력해주세요
#04921,전각 <0>글자 이내로 해주세요
#04922,<0>년 <1>월 <2>주
#04923,로딩에 실패했습니다
#04924,로딩에 실패했습니다.
#04925,통신을 허가하고 네트워크 상태를 확인해주세요.
#04926,통신을 허가하고 네트워크 상태를<br>확인해주세요.
#04927,인증에 실패했습니다.
#04928,서버 에러가 발생했습니다.
#04929,데이터 에러가 발생했습니다.<br>앱을 재설치해주세요.
#04930,실행 실패 앱을 다시 시작해주세요
#04931,게임을 실행하지 못했습니다
#04932,중단 데이터 <0>
#04933,저장 데이터 <0>
#04934,모든 데이터를 송신
#04935,에러 내용 표시하기
#04936,모든 데이터를 송신합니다
#04937,중단 데이터 <0>(을)를 송신합니다
#04938,세이브 데이터 <0>(을)를 송신합니다
#04939,송신을 완료했습니다.<br>협력해주셔서 감사합니다.<br>앞으로도 카이로 파크를<br>잘 부탁드립니다.
#04940,에러가 발생했습니다<br>재시도하겠습니까?
#04941,세이브 데이터 송신
#04942,보낼 내용을 선택해주세요
#04943,데이터 송신 중
#04944,전원 키를 누르지 말아 주세요.
#04945,에러
#04946,Lite 버전
#04947,에러가 발생했습니다
#04948,=#02549
#04949,앱 설정 화면에서 ‘앱 권한’을 모두 승인하고 재실행해주십시오.
#04950,=#03191
#04951,저장 공간 권한을 허가한 후 다시 시작해주세요.<br>※게임 데이터를 저장해야 합니다.
#04952,실행할 수 없습니다.
#04953,내용을 줄여주십시오
#04954,Tapjoy 기능을 이용하실 시\n추적형 광고 제한을 해제하고 앱을 재실행해주십시오.\n설정 > 사생활 > 광고 > 추적형 광고 제한
#04955,광고 로딩 중
#04956,이제 광고 영상이 보입니다
#04957,=#04116
#04958,커런시 세일이\n시작되었습니다!
#04959,=#04103
#04960,=#04104
#04961,최종 업데이트 [<0>]<br>카이로 어카운트와 연동된 데이터를 발견했습니다.<br>이 데이터로 복원하겠습니까?
#04962,카이로랜드 친구 중에서<br>찾기
#04963,=+ 버튼을 누르면 커서 모드로 바뀝니다.<br>왼쪽 컨트롤러의 아날로그 스틱과<br>십자키로 커서를 이동하고<br>Y, A 버튼으로 터치 동작을 할 수 있습니다.<br>다시 한번 + 버튼을 누르면 원래대로 돌아옵니다.
#04964,게임을 다시 시작해주세요.
#04965,체험판
#04966,수고하셨습니다.<br>체험판은 여기에서 끝입니다
#04967,=#02549
#04968,=#02550
#04969,=#02551
#04970,=#02554
#04971,=#02556
#04972,MAP
#04973,보통
#04974,출발
#04975,HELP
#04976,=#02557
#04977,=#02558
#04978,=#02559
#04979,인기
#04980,개시
#04981,편집
#04982,상성
#04983,=#02563
#04984,칭호
#04985,보고서
#04986,유출
#04987,힌트
#04988,순번
#04989,포착
#04990,초기화
#04991,퇴각
#04992,표준
#04993,해제
#04994,판매
#04995,=#02562
#04996,상세
#04997,사전
#04998,반전
#04999,=#02566
#05000,=#02560
#05001,설명
#05002,위임
#05003,=#02565
#05004,=#02564
#05005,생략
#05006,지도
#05007,능력치
#05008,부대
#05009,기권
#05010,작전
#05011,정렬
#05012,진단
#05013,저장
#05014,메뉴
#05015,보충
#05016,=#04826
#05017,아래로
#05018,위로
#05019,청산
#05020,합성
#05021,동료
#05022,=#02570
#05023,최대
#05024,포상
#05025,배로
#05026,감옥
#05027,직업
#05028,=#02561
#05029,GET!!
#05030,추천
#05031,=#02568
#05032,행동
#05033,창고
#05034,효과
#05035,동의
#05036,약규
#05037,셔플
#05038,정지
#05039,=#02569
#05040,투입
#05041,=#00051
#05042,해고
#05043,=#02519
#05044,펌프킨
#05045,=#01402
#05046,구매
#05047,매각
#05048,LVUP
#05049,줌
#05050,=#04815
#05051,=#02547
#05052,금일 24직종 S급 출현 중!
#05053,▼왕국건설 스토리<br>왕국을 발전시켜 나가는 시뮬레이션 게임입니다.<br>최강의 동료를 모아 평화로운 마을을 되찾아 봅시다.<br><br>전국의 라이벌과 싸워 랭킹을 겨루고 세계 최강을 목표로 해나갑시다.
#05054,▼게임의 흐름<br>먼저 거점이 되는 마을 회관을 짓습니다. 자원 창고, 주거 공간 또한 지어 동료를 모읍니다. 모인 동료를 성장시키며 주변에 덮인 구름을 걷어내 갑시다. 때때로 침략해오는 몬스터를 피하고 시설을 강화하며, 가게를 확충해 왕국을 발전시키고 평화로운 섬을 목표로 해봅시다.
#05055,▼하루의 흐름<br>아침에는 주민이 주택 안의 시설을 사용하기 편하도록, 낮에는 바깥 시설을 이용하기 편하게 되어 있습니다.<br>해가 떠 있어 활력이 있는 동안에는 평상시의 속도로 활동하며, 활력이 없어지면 느긋하게 활동하고, 밤이 되면 잠이 듭니다. 반대로 몬스터는 밤에 활동을 시작하며 보름달이 뜬 밤에는 마을을 침략해 오므로 주의해주세요.
#05056,▼자원에 대해서<br>마을이 발전하려면 자원이 있어야 합니다. 자연물 주변으로 파견을 보내면 채굴로 얻어내기도 합니다. 무언가가 심어진 곳일수록 발견하기 쉽습니다. 또한 밭 등에서 얻을 수 있는 것도 있으므로 설치해 봅시다.
#05057,▼동료에 대해서<br>평화를 지켜내려면 강력한 동료가 필요합니다. 무기나 방어구를 모아 동료에게 장비해 봅시다. 다양한 역할을 가진 동료가 있으므로 왕국에 필요한 직업부터 모아갑시다. 수명이 다 할 때까지 열심히 활약합니다. 강하고 든든한 동료로 육성시켜 봅시다.
#05058,▼능력치에 대해서<br>HP…없어지면 행동불능이 된다<br>MP…기술을 쓸 수 있다<br>활력…없어지면 느려진다<br>공격…적에게 입히는 데미지량<br>방어…적의 공격을 막는다<br>민첩…공격 빈도에 영향을 준다<br>운…크리티컬 등이 나오기 쉬워진다<br>전투에는 장비와 기술이 중요합니다.<br>아이템을 주고 육성시키며<br>장비를 갖춰나갑시다.
#05059,▼수명에 대해서<br>지혜…공방 등에서 활약<br>재능…공사 등에서 활약<br>채집…자연 채집 등에서 활약<br>이동…한 번에 옮길 수 있는 짐의 양<br>하트…구름을 걷어낼 때의 담력<br><br>수명…행동불능일 때 아무에게도 구조되지 않으면 1이 줄어듭니다. 없어지면 마을에서 사라집니다.
#05060,▼직업에 대해서<br>・전투에 특화된 직업<br>・마을에서 가게를 열 수 있는 직업<br>・보물을 감정하거나 연구할 수 있는 직업<br>・물건을 옮기는 데에 특화된 직업<br>・회복에 특화된 직업<br><br>등등 여러 가지 직업이 있으므로<br>좋아하는 순서로 동료를 모아 자신만의 왕국을 만들어 나갑시다.
#05061,▼각성에 대해서<br>동료들의 레벨이 어느 정도 오르면 상한에 도달하게 되며 상한을 돌파하려면 각성을 시켜야 합니다.<br>각성을 하려면 같은 종류 직업의 권리를 “육성”해 동료에게 줍시다. 특정 수치에 도달하면 각성하며 상한이 더욱 올라갑니다.
#05062,▼기술에 대해서<br>농업에 특화된 기술이나 연구를 할 수 있는 기술 등, 직업 고유의 능력을 학습하는 기술 등이 있습니다.<br>또한 전투에 유리해지는 기술도 있습니다.<br>그밖에도, 장비할 수 없는 물건을 장비할 수 있게 되는 기술도 있습니다.<br>마법의 경우에는 직업에 따라 장비할 수 없기도 합니다.
#05063,▼구역을 넓히자<br>구름 쪽으로 동료를 파견 보내면 구름을 걷어내 줍니다. 구역이 넓어지므로 몇 번이고 파견하도록 합시다.<br>구역을 넓히다 보면 중요한 보물을 얻을 수도 있습니다.<br>구름에서는 적이 출현하지만 차분히 쓰러트려 나갑시다. 파견 비용은 거리와 직업 랭크에 따라 달라집니다.
#05064,▼동굴을 제패하자<br>보름달이 뜬 밤에는 가끔씩 동굴이 출현합니다. 에너지를 소비하면 토벌을 시도할 수 있습니다.<br><br>동굴은 보물 상자를 얻을 수 있는 귀중한 장소이므로 출현하면 적극적으로 토벌합시다.<br>또한 동굴에서는 적이 솟아 나오므로 주변에 파견하면 레벨을 올리기 쉬워집니다.
#05065,▼보물을 모으자<br>파견을 하면 자연 속에 파묻혀 있는 보물을 발견하기도 합니다. 건축이나 연구 시설 레벨업 등에 도움이 되는 아이템이 나오므로 많이 모아봅시다.<br><br>모은 보물은 상공업자에게 감정을 부탁해 아이템이나 자원으로 바꿔봅시다.
#05066,▼아이템을 모으자<br>동료 육성은 적을 쓰러트려 경험치를 얻거나 아이템을 주어 레벨을 올리면 할 수 있습니다.<br><br>시설 레벨업에도 아이템이 필요해질 수 있으므로 다양한 종류의 아이템을 찾아 모아봅시다.<br>또한 적이 침략할 때 아이템이 없어지지 않도록 방벽을 견고히 합시다.
#05067,▼장비를 모으자<br>구역을 해방했을 때 발견하는 희귀한 보물 중에는 장비가 있기도 합니다. 또한 마을에 가게가 생기면 새로운 상품이 만들어져 “동전”을 갖고 있으면 장비를 구입할 수 있습니다. 마음에 드는 물건을 구매해 봅시다. 배틀 포인트 혹은 특별한 건물 이벤트의 랭킹 상위 보수로도 장비를 얻을 수 있습니다.
#05068,▼알을 모으자<br>드물게 마을 바깥에서 출현하는 반짝반짝 빛나는 몬스터를 쓰러트리면 알이 나오기도 합니다.<br>알을 키우는 시설에 놓으면 부화해 동료 몬스터를 얻을 수 있습니다.<br>놓은 시설의 종류에 따라<br>・침략 시 방어<br>・토벌 시 집주인을 추적<br>이 중 하나의 행동을 합니다.
#05069,▼알에 아이템을 투입<br>입수한 알을 부화시킬 때 아이템을 투입하면 태어날 몬스터의 종류가 바뀔 가능성이 커집니다. 네 가지의 수치를 올려 더욱 강한 몬스터를 동료로 만듭시다.
#05070,▼다수의 마을을 만들어 나가자<br>모험이 진행되면 새로운 마을 회관을 얻어 마을을 다수 설치할 수 있습니다. 마을이 늘면 더욱 먼 구역을 개척하기 편해지고 주민을 늘릴 수 있게 되어 왕국 전체가 발전합니다.<br>마을 간에 자원이나 아이템을 융통하며 여러 마을을 운영해 나갑시다.
#05071,▼관광객을 부르자<br>구역을 넓혀 항구를 부흥시키면 관광선을 불러모을 수 있어 동전을 얻는 중요한 수단이 됩니다.<br>항구에서 마을까지 간판을 세우면 관광객이 마을로 찾아와줍니다. 간판이 도중에 끊기지 않도록 설치합시다. 마을에 가게가 없으면 방문한 관광객은 아무것도 하지 않고 돌아가므로 가게를 완비해둡시다.
#05072,▼마을의 가게에 대해서 1<br>동료에게 토지를 주면 직업에 따라 무기점이나 방어구점, 기술점, 여관 등 다양한 가게를 개점할 수 있습니다. 관광객을 유치할 겸 많은 가게를 설치합시다. 또한 가게의 공방 레벨을 올리면 새로운 상품이 떠오르기도 합니다.<br>간판이 연결된 마을에는 가게를 준비해나갑시다.
#05073,▼마을의 가게에 대해서 2<br>관광객 외에도 전투가 메인인 동료가 마을에 머물고 있으면 가게를 이용하기도 합니다.<br>동전을 얻을 수 있으며, 장비하고 있는 무기나 방어구의 경험치가 가게의 종류에 따라 오릅니다.<br>판매하고 있는 물건의 랭크에 따라 습득하는 경험치 양도 바뀝니다.
#05074,▼토지 사이즈에 대해서<br>마을 안에 배치한 토지는 사이즈에 따라 설치 상한이 바뀝니다. 또한 설치한 주거 타입에 따라서도 설치 상한이 바뀝니다.<br><br>침대나 책상, 몬스터의 방 등 설치하는 개수에 한계가 있으므로 목표하는 주거는 가능한 큰 토지로 하면 좋습니다.
#05075,▼황무지에 대해서<br>파견한 주민들이 장시간 채굴하면 주변이 황무지투성이가 되어 보물도 자원도 발견하기 힘든 상황이 됩니다.  황무지를 되돌리려면 특별한 시설을 주변에 설치해야 합니다. 정기적으로 주민들이 황무지를 수복해 원래 자연에 가까워지도록 만듭니다. 황무지를 되돌리는 시설을 발견해 봅시다.
#05076,▼토벌에 대해서<br>구역 중앙에는 보스가 있어 쓰러트리면 제압할 수 있습니다. 보스를 쓰러트리기 위해서는 특별한 전투를 치러야 합니다. 이때 국왕은 반드시 보스전에 참가합니다.<br>또한 숙박 중인 모험가, 친구, 방에서 사는 몬스터도 자동으로 참가합니다. 멤버를 고려하며 공략해 나갑시다.
#05077,▼영지를 넓히는 시설<br>시설 중에는 영지를 넓혀주는 시설이 있습니다. 마을 회관에서 최대한 떨어진 위치에 설치해 맵을 될 수 있는 한 넓게 사용할 수 있도록 합시다. 또한 마을 랭크가 오르면 특정 타이밍에 영지가 자동으로 넓어지기도 합니다. 넓어진 영지를 이용해 모험을 진행합시다.
#05078,▼물웅덩이에 대해서<br>파견한 곳의 보스나 보물이 물웅덩이로 둘러싸여 있기도 합니다. 하지만 안심하세요. 파견하면 주민들이 간이 다리를 만들어줍니다. 또한 시설의 다리를 얻으면 원하는 곳에 다리를 세워 메울 수도 있습니다.
#05079,▼국왕에 대해서<br>마을 랭크가 어느 정도 오를 때마다 D급이었던 국왕이 C급… B급으로 진화해갑니다.<br>마을의 랭크업을 목표로 하면 국왕도 자연스레 강화됩니다.<br><br>점점 전투에서 멀어지는가 싶으면서도 뜻밖의 타이밍에 강화되므로 안심하고 육성해 나갑시다.
#05080,▼친구에 대해서<br>전국의 다른 유저와 친구가 되면<br>・보스/동굴 토벌에서 협력<br>・기간한정 토벌 이벤트에서 협력<br>・친구 침대에서 머물기<br>등의 효과가 생깁니다.<br>친구 침대에 머물면 파견이나 농업 등의 통상적인 일도 도움을 받을 수 있습니다.
#05081,▼여관의 모험가에 대해서<br>관광선을 부르면 드물게 모험가가 찾아와서 마을에 여관이 있다면 숙박합니다. 모험가들은 보스 토벌에 미력히 협력해 줍니다.<br><br>모험가들의 능력은 항구의 레벨을 높이면 올라갑니다.
#05082,▼전체용 아이템에 대해서<br>육성이나 레벨업에 사용하는 아이템과는 다르게 주민 전체에게 사용할 수 있는 아이템을 전체용 아이템이라고 부릅니다. 한 번에 전원의 HP가 회복되거나, 전원에게 경험치를 주거나, 자원을 가득히 만들거나… 하는 등 다양한 효과가 있습니다. 얻게 되었다면 타이밍을 보며 적극적으로 사용해봅시다.
#05083,▼연구에 대해서<br>새로운 시설이나 무기, 아이템 발견에는 연구가 중요한 요소가 됩니다. 연구할 수 있는 직업 혹은 기술을 가진 동료에게 시설이나 주거를 주면 연구가 가능해 집니다.<br><br>자원에 여유가 있을 때 열심히 연구해 봅시다. 또한 특정 아이템이나 동전 등을 모으면 새로운 연구 내용을 발견하기도 합니다.
#05084,▼적의 침략에 대해서<br>보름달이 뜬 밤에는 주변에 있던 적이 마을을 공격해 오기도 합니다. 주민이 마을에서 쉬고 있었다면 격퇴에 임합니다.<br>또한 적은 습격하고 싶은 시설을 순서대로 공격해옵니다. 창고나 에너지 시설 등 중요한 거점은 공격하기 어렵게 유인하고 값싼 시설을 떨어진 위치에 배치하도록 합시다.
#05085,▼결혼과 아이에 대해서<br>같은 방에 남녀가 살면 친밀도가 올라갑니다. 마을에 교회가 있으면 결혼할 수 있게 됩니다.<br>마을이 셋 이상이면 아이가 태어납니다.<br>아이는 아버지나 어머니의 직업을 갖거나, 혹은 조합한 다른 직업을 갖게 되기도 합니다. 더욱이 부모의 상성에 따라 이어받는 능력치가 바뀝니다.
#05086,▼수집품을 모으자<br>아이가 태어나면 동전을 가진 특별한 손님을 마을에 초대할 수 있습니다. 동물원이나 박물관을 지어 특별한 전시를 하면 동전을 얻게 됩니다. 특별한 직업을 발견하면 전시실을 만들 수 있습니다. 다양한 곳에서 전시할 수 있는 물건을 발견해 동전을 얻어봅시다.
#05087,▼전국의 유저와 경쟁하자<br>랭크가 5씩 오를 때마다 발표되는 하이스코어 랭킹이나, 육성한 캐릭터로 배틀할 수 있는 지하 전투장, 배틀로 얻는 포인트를 겨루는 배틀 포인트 랭킹 등 다양한 포인트로 전국의 라이벌과 경쟁할 수 있습니다. 친구를 늘리며 전국 1위의 왕국을 노려봅시다.
#05088,▼그 밖에<br>게임을 처음부터 플레이하려면 언인스톨 혹은 기기 내의 데이터를 삭제해주세요.<br>※언인스톨하면 데이터가 지워집니다.<br><br>만에 하나 과금한 아이템을 받지 못했거나 네트워크 연결이 되지 않을 때에는 FAQ를 참고해 서포트로 연락해 주십시오.
#05089,(본 게임에 대하여)
#05090,'save.bin'을 다운로드하겠습니까?
#05091,왕국건설 스토리
#05092,기한
#05093,<0> (으)로 실행합니다
#05094,하이스코어
#05095,=#02459
#05096,=#02462
#05097,ON
#05098,OFF
#05099,Lv.<0>
#05100,Lv<0>
#05101,Lv.<0>/<1>
#05102,MP <0>
#05103,Lv
#05104,GET
#05105,<0>pt
#05106,EXP
#05107,<0>UP!
#05108,=#00642
#05109,Press <btn=10> Button to enter Cursor Mode.<br>Move the cursor with <btn=16,1>/<btn=4,0> and press<br> <btn=3>/<btn=0> as an alternative to tapping the touch screen.<br>Press the <btn=10> Button again to exit this mode.
#05110,Preparing system...
#05111,Save data is corrupted. <br>Try to restore it?
#05112,Restore failed.
#05113,Delete the corrupted data and<br>start a new game?
#05114,Please close the g