@title,中文(简体)
@language,zh-CN
@scale,auto
@appli,133 - Do not change
@version,1.72 - Do not change
@author,Your Name
#00000,<po=m>可能潜伏着可怕的敌人，<br>请做好准备再派遣吧。
#00001,未使用
#00002,没有路……
#00003,迷路了……
#00004,这是哪里……
#00005,好累
#00006,嘿咻
#00007,初次见面！
#00008,多多关照！
#00009,你好！
#00010,被打败了
#00011,认输了
#00012,唔哇——
#00013,哎哟
#00014,糟了
#00015,不行了
#00016,受不了
#00017,振作点
#00018,没事
#00019,哎呀呀
#00020,哎呀——
#00021,糟糕！
#00022,保持清醒
#00023,早上好
#00024,睡得很好
#00025,还是很困
#00026,哈～啊
#00027,呼噜噜
#00028,真是个美好的早晨
#00029,好困……
#00030,该睡了
#00031,晚安
#00032,明天见
#00033,选这个吧
#00034,这个不错
#00035,这个吗
#00036,就是这个
#00037,请给我这个
#00038,我决定要这个
#00039,成功了
#00040,耶——
#00041,太好了
#00042,满意
#00043,得到了
#00044,感动
#00045,好厉害
#00046,情况不错
#00047,要加油了
#00048,急不可待了
#00049,包在我身上
#00050,嘿呀
#00051,完成
#00052,做好了
#00053,做得不错
#00054,做得很成功
#00055,收割啦
#00056,丰收咯
#00057,是时候咯
#00058,哎哟嘿
#00059,嘿哟
#00060,嗨哟
#00061,嘿呀
#00062,好重
#00063,嘿哟嘿哟
#00064,没有异常
#00065,售罄了啊
#00066,什么都没有
#00067,谢谢帮忙
#00068,谢谢
#00069,呼
#00070,满头大汗
#00071,得意
#00072,赢啦——
#00073,胜利
#00074,好闲啊
#00075,没人来吗
#00076,天气真好
#00077,出现了——
#00078,来者何人
#00079,唔唔唔
#00080,啊啊
#00081,啊呀
#00082,啊
#00083,欢迎光临
#00084,感谢惠顾
#00085,感谢惠顾
#00086,乖乖
#00087,吁吁——
#00088,嘿呀嘿呀
#00089,哟吼
#00090,哎哟喂
#00091,铛铛
#00092,偷偷摸摸
#00093,摩擦摩擦
#00094,正在使用……
#00095,这个是
#00096,噢噢
#00097,唔——
#00098,呆——
#00099,晃晃悠悠
#00100,要做什么呢
#00102,店员
#00103,有人吗
#00104,叮——
#00105,努力了
#00106,帮上忙了吗
#00107,希望下次还有机会
#00108,再会吧
#00109,祝你好梦
#00110,这、这是……
#00111,来得正好
#00112,我是国王
#00113,咳咳
#00114,哈喽
#00115,欢迎
#00116,盯——
#00117,不必拘束
#00118,请多多关照！
#00119,那么，就开始了
#00120,走来走去
#00121,嘿
#00122,嘿呀
#00123,唔
#00124,嘿呀
#00125,哇呀
#00126,看招
#00127,原来如此
#00128,嗯嗯
#00129,嗒嗒
#00130,咚嗒咚嗒
#00131,铿铿
#00132,咚咚
#00133,碰碰
#00134,嗒嗒嗒
#00135,正在修理
#00136,开始修理吧
#00137,扑通扑通
#00138,紧张
#00139,那样
#00140,这样
#00141,喋喋不休
#00142,失败了……
#00143,协作讨伐活动 #1
#00144,=MID(#00143,1,-1)&'2'
#00145,=MID(#00143,1,-1)&'3'
#00146,=MID(#00143,1,-1)&'4'
#00147,=MID(#00143,1,-1)&'5'
#00148,=MID(#00143,1,-1)&'6'
#00149,=MID(#00143,1,-1)&'7'
#00150,=MID(#00143,1,-1)&'8'
#00151,=MID(#00143,1,-1)&'9'
#00152,=MID(#00143,1,-1)&'10'
#00153,=MID(#00143,1,-1)&'11'
#00154,=MID(#00143,1,-1)&'12'
#00155,=MID(#00143,1,-1)&'13'
#00156,=MID(#00143,1,-1)&'14'
#00157,=MID(#00143,1,-1)&'15'
#00158,=MID(#00143,1,-1)&'16'
#00159,=MID(#00143,1,-1)&'17'
#00160,=MID(#00143,1,-1)&'18'
#00161,=MID(#00143,1,-1)&'19'
#00162,=MID(#00143,1,-1)&'20'
#00163,=MID(#00143,1,-1)&'21'
#00164,=MID(#00143,1,-1)&'22'
#00165,=MID(#00143,1,-1)&'23'
#00166,=MID(#00143,1,-1)&'24'
#00167,=MID(#00143,1,-1)&'25'
#00168,=MID(#00143,1,-1)&'26'
#00169,=MID(#00143,1,-1)&'27'
#00170,=MID(#00143,1,-1)&'28'
#00171,=MID(#00143,1,-1)&'29'
#00172,=MID(#00143,1,-1)&'30'
#00173,=MID(#00143,1,-1)&'31'
#00174,=MID(#00143,1,-1)&'32'
#00175,=MID(#00143,1,-1)&'33'
#00176,=MID(#00143,1,-1)&'34'
#00177,=MID(#00143,1,-1)&'35'
#00178,=MID(#00143,1,-1)&'36'
#00179,=MID(#00143,1,-1)&'37'
#00180,=MID(#00143,1,-1)&'38'
#00181,=MID(#00143,1,-1)&'39'
#00182,=MID(#00143,1,-1)&'40'
#00183,=MID(#00143,1,-1)&'41'
#00184,=MID(#00143,1,-1)&'42'
#00185,=MID(#00143,1,-1)&'43'
#00186,=MID(#00143,1,-1)&'44'
#00187,=MID(#00143,1,-1)&'45'
#00188,=MID(#00143,1,-1)&'46'
#00189,=MID(#00143,1,-1)&'47'
#00190,=MID(#00143,1,-1)&'48'
#00191,=MID(#00143,1,-1)&'49'
#00192,=MID(#00143,1,-1)&'50'
#00193,=MID(#00143,1,-1)&'51'
#00194,=MID(#00143,1,-1)&'52'
#00195,=MID(#00143,1,-1)&'53'
#00196,=MID(#00143,1,-1)&'54'
#00197,=MID(#00143,1,-1)&'55'
#00198,=MID(#00143,1,-1)&'56'
#00199,=MID(#00143,1,-1)&'57'
#00200,=MID(#00143,1,-1)&'58'
#00201,=MID(#00143,1,-1)&'59'
#00202,=MID(#00143,1,-1)&'60'
#00203,=MID(#00143,1,-1)&'61'
#00204,=MID(#00143,1,-1)&'62'
#00205,=MID(#00143,1,-1)&'63'
#00206,=MID(#00143,1,-1)&'64'
#00207,=MID(#00143,1,-1)&'65'
#00208,=MID(#00143,1,-1)&'66'
#00209,=MID(#00143,1,-1)&'67'
#00210,=MID(#00143,1,-1)&'68'
#00211,=MID(#00143,1,-1)&'69'
#00212,=MID(#00143,1,-1)&'70'
#00213,=MID(#00143,1,-1)&'71'
#00214,=MID(#00143,1,-1)&'72'
#00215,=MID(#00143,1,-1)&'73'
#00216,=MID(#00143,1,-1)&'74'
#00217,=MID(#00143,1,-1)&'75'
#00218,=MID(#00143,1,-1)&'76'
#00219,=MID(#00143,1,-1)&'77'
#00220,=MID(#00143,1,-1)&'78'
#00221,=MID(#00143,1,-1)&'79'
#00222,=MID(#00143,1,-1)&'80'
#00223,=MID(#00143,1,-1)&'81'
#00224,=MID(#00143,1,-1)&'82'
#00225,=MID(#00143,1,-1)&'83'
#00226,=MID(#00143,1,-1)&'84'
#00227,=MID(#00143,1,-1)&'85'
#00228,=MID(#00143,1,-1)&'86'
#00229,=MID(#00143,1,-1)&'87'
#00230,=MID(#00143,1,-1)&'88'
#00231,=MID(#00143,1,-1)&'89'
#00232,=MID(#00143,1,-1)&'90'
#00233,=MID(#00143,1,-1)&'91'
#00234,=MID(#00143,1,-1)&'92'
#00235,=MID(#00143,1,-1)&'93'
#00236,=MID(#00143,1,-1)&'94'
#00237,=MID(#00143,1,-1)&'95'
#00238,=MID(#00143,1,-1)&'96'
#00239,=MID(#00143,1,-1)&'97'
#00240,=MID(#00143,1,-1)&'98'
#00241,=MID(#00143,1,-1)&'99'
#00242,=MID(#00143,1,-1)&'100'
#00243,居民
#00244,敌人
#00245,丸浜川羊
#00246,客人
#00247,阿南先生
#00248,极猩猩
#00249,森野大熊
#00250,歪罗君
#00251,阿布法拉国王
#00252,农村女孩
#00253,农村男孩
#00254,梦幻锻造铺
#00255,卫兵男孩
#00256,神秘的邻国国王
#00257,神秘的邻国公主
#00258,农民男孩
#00259,镇民女孩
#00260,王国公会会长
#00261,近邻的国王
#00262,奖杯王
#00263,开罗君
#00264,搬家神
#00265,收藏家 年糕猪
#00266,菜粉蝶
#00267,凤蝶
#00268,蜜蜂
#00269,蜻蜓
#00270,螳螂
#00271,蝉
#00272,蚂蚁
#00273,瓢虫
#00274,萤火虫
#00275,吉丁虫
#00276,独角仙
#00277,锹形虫
#00278,蜘蛛
#00279,蜗牛
#00280,竹节虫
#00281,蝎子
#00282,闪蝶
#00283,赫克力士长戟大兜虫
#00284,铃虫
#00285,红颈凤蝶
#00286,青鳉鱼
#00287,金鱼
#00288,鲷鱼
#00289,灯笼鮟鱇
#00290,条石鲷
#00291,小丑鱼
#00292,狮子鱼
#00293,秋刀鱼
#00294,河豚
#00295,比目鱼
#00296,鲤鱼
#00297,鳗鱼
#00298,冰海天使
#00299,虹鳟
#00300,鲑鱼
#00301,章鱼
#00302,孔雀鱼
#00303,神仙鱼
#00304,乌贼
#00305,腔棘鱼
#00306,苹果的画作
#00307,花瓶的画作
#00308,行道树的画作
#00309,某幅方形肖像
#00310,候鸟的画作
#00311,少女的画作
#00312,巨岩的画作
#00313,东洋风景画
#00314,夕阳的画作
#00315,新绿的画作
#00316,天使雕像
#00317,异国的瓷器
#00318,闪亮的香油瓶
#00319,古代的壶
#00320,白色胸像
#00321,人偶
#00322,真实之镜
#00323,难得的雕像
#00324,伟大的面具
#00325,东洋的壶
#00326,白色的蛋
#00327,蓝色的蛋
#00328,绿色的蛋
#00329,红色的蛋
#00330,紫色的蛋
#00331,黑色的蛋
#00332,黄色的蛋
#00333,虹色的蛋
#00334,空手
#00335,无装备
#00336,铁锤
#00337,十字镐
#00338,割草镰刀
#00339,锄头
#00340,火把
#00341,铁锹
#00342,网
#00343,渔网
#00344,钓竿
#00345,斧子
#00346,洒水壶
#00347,耙子
#00348,F/木制手杖
#00349,E/矿石手杖
#00350,D/坚固的手杖
#00351,C/魔力手杖
#00352,B/金刚石手杖
#00353,F/铁制手杖
#00354,E/木杖
#00355,C/尖锐手杖
#00356,B/光辉手杖
#00357,A/光之杖
#00358,E/蓝色手杖
#00359,D/叹息之杖
#00360,C/闪电之杖
#00361,B/雷击之杖
#00362,A/冰之杖
#00363,E/红色手杖
#00364,D/国王手杖
#00365,C/先王手杖
#00366,A/传说之杖
#00367,S/梦幻之杖
#00368,F/木棒
#00369,E/坚固的棒子
#00370,D/橡木棒
#00371,C/古木棒
#00372,B/勇者之棒
#00373,E/弯曲的棒子
#00374,D/饭杓
#00375,C/棒子
#00376,B/铁棒
#00377,A/红色棒子
#00378,D/锤矛
#00379,C/球棒
#00380,B/钉头锤
#00381,A/钢铁棒
#00382,S/黄金棒
#00383,F/祈祷之棒
#00384,D/神圣之棒
#00385,C/光之棒
#00386,A/天使之棒
#00387,S/众神之棒
#00388,F/棍棒
#00389,E/粗壮的棒子
#00390,D/狼牙棒
#00391,C/艺术棒
#00392,A/祖母绿之棒
#00393,F/树枝
#00394,E/尖刺树枝
#00395,D/尖锐棒子
#00396,C/民艺之棒
#00397,B/树枝剑
#00398,F/木矛
#00399,E/铁矛
#00400,D/名匠之矛
#00401,B/三叉戟
#00402,A/传说之矛
#00403,E/渔夫的鱼叉
#00404,C/铁制鱼叉
#00405,B/红色的矛
#00406,A/钢铁矛
#00407,S/炎之矛
#00408,E/铜矛
#00409,C/骑士枪
#00410,B/名将之矛
#00411,A/黄金之矛
#00412,S/漆黑长矛
#00413,F/小锤
#00414,E/大锤
#00415,C/铁锤
#00416,B/巨大战锤
#00417,S/炎之锤
#00418,E/锤
#00419,D/长柄锤
#00420,B/白银之锤
#00421,A/名匠之锤
#00422,S/黄金之锤
#00423,E/剑
#00424,D/钢之剑
#00425,C/名匠之剑
#00426,B/名将之剑
#00427,A/豪杰之剑
#00428,F/水果刀
#00429,E/菜刀
#00430,D/白银菜刀
#00431,B/名匠菜刀
#00432,A/黄金菜刀
#00433,F/小刀
#00434,E/手术刀
#00435,C/白银手术刀
#00436,B/闪电手术刀
#00437,A/冰之小刀
#00438,E/海盗剑
#00439,D/弯刀
#00440,C/疾风之剑
#00441,A/水滴之剑
#00442,S/火之剑
#00443,E/士兵剑
#00444,D/长剑
#00445,C/银剑
#00446,B/破坏之剑
#00447,A/古剑
#00448,E/冰之小刀
#00449,D/冰之剑
#00450,C/冰之大剑
#00451,B/暴雪长剑
#00452,S/吹雪之剑
#00453,E/苦无
#00454,D/手里剑
#00455,C/大手里剑
#00456,B/火炎手里剑
#00457,A/吉咖手里剑
#00458,F/刀
#00459,E/武士长剑
#00460,C/武将之刀
#00461,B/名匠之刀
#00462,A/传说之刀
#00463,F/铜剑
#00464,E/青铜剑
#00465,C/钢铁剑
#00466,B/轻量剑
#00467,A/荣誉之剑
#00468,E/较长的剑
#00469,D/变种剑
#00470,C/圣者之剑
#00471,A/愤怒之剑
#00472,S/传说之剑
#00473,D/黑色长剑
#00474,C/暗黑剑
#00475,B/漆黑之剑
#00476,A/王之剑
#00477,S/霸王之剑
#00478,D/普通长剑
#00479,C/勇气之剑
#00480,B/勇者之剑
#00481,A/不灭之剑
#00482,S/世界树之剑
#00483,F/小说书
#00484,D/研究书
#00485,E/放大镜
#00486,C/古籍
#00487,B/画笔
#00488,D/步枪
#00489,C/火绳枪
#00490,B/滑膛枪
#00491,A/强力枪
#00492,S/黄金之枪
#00493,D/弓
#00494,C/步兵之弓
#00495,B/猎人之弓
#00496,A/高速之弓
#00497,S/强者之弓
#00498,F/手斧
#00499,D/樵夫斧
#00500,C/钢铁之斧
#00501,B/战斧
#00502,S/传说之斧
#00503,A/开罗长剑
#00504,A/开罗锤
#00505,A/开罗矛
#00506,A/开罗弓
#00507,A/开罗火枪
#00508,F/木盾
#00509,F/皮盾
#00510,E/士兵盾
#00511,E/圆盾
#00512,D/铁盾
#00513,C/高贵之盾
#00514,A/勇者之盾
#00515,A/水晶护盾
#00516,B/甲壳之盾
#00517,S/歪罗护盾
#00518,B/科学之盾
#00519,A/圣盾
#00520,D/民艺之盾
#00521,D/坚固的盾牌
#00522,C/噩梦之盾
#00523,B/传统盾牌
#00524,B/碧绿之盾
#00525,S/反射护盾
#00526,A/黄金护盾
#00527,S/光辉之盾
#00528,C/魔王之盾
#00529,B/传说之盾
#00530,C/霸王之盾
#00531,S/开罗护盾
#00532,F/围裙
#00533,F/布衣
#00534,F/衣服
#00535,E/黄色服装
#00536,E/牢固的服装
#00537,D/流行服装
#00538,D/厚实的服装
#00539,D/锁子甲
#00540,C/短裙
#00541,B/连衣裙
#00542,D/睡衣
#00543,C/毛皮大衣
#00544,C/大衣
#00545,C/长袍
#00546,B/优质长袍
#00547,C/家纹袴
#00548,D/披风
#00549,C/牢固披风
#00550,B/紫色披风
#00551,A/国王披风
#00552,E/皮制胸甲
#00553,D/铁制胸甲
#00554,C/皮铠
#00555,C/轻铠
#00556,B/铜制铠甲
#00557,B/白银铠甲
#00558,A/绿之铠甲
#00559,A/沉重铠甲
#00560,S/黄金铠甲
#00561,S/黑色铠甲
#00562,F/头巾
#00563,F/头箍
#00564,F/发带
#00565,F/缠头巾
#00566,E/帽子
#00567,E/头盔
#00568,D/头巾
#00569,D/头带
#00570,D/护额
#00571,F/厨师帽
#00572,F/高筒礼帽
#00573,F/帽子
#00574,F/圣帽
#00575,E/天使光环
#00576,E/海盗帽
#00577,E/提督帽
#00578,D/羽毛头巾
#00579,D/羽毛帽
#00580,D/羽毛头盔
#00581,D/魔法帽
#00582,C/魔法师帽
#00583,B/魔道帽
#00584,A/传说中的帽子
#00585,B/魔力帽
#00586,C/锁链帽
#00587,B/洗发帽
#00588,A/开罗帽
#00589,S/王冠
#00590,A/头冠
#00591,D/看守帽
#00592,C/卫兵帽
#00593,C/铜头盔
#00594,C/头盔
#00595,B/铁假面
#00596,B/铁头盔
#00597,A/黑色头盔
#00598,S/黄金头盔
#00599,A/龙之头盔
#00600,A/机器人头盔
#00601,E/颈饰
#00602,D/项链
#00603,C/护身符
#00604,B/蓝色项链
#00605,A/红色项链
#00606,S/黄金项链
#00607,C/魔力项链
#00608,B/黄金手链
#00609,D/皮革腕带
#00610,C/腕套
#00611,S/金牌
#00612,D/丝巾
#00613,B/项圈
#00614,A/黄金项圈
#00615,D/戒指
#00616,C/珍珠戒指
#00617,B/银戒指
#00618,A/光玉戒指
#00619,S/黄金戒指
#00620,C/手套
#00621,B/皮革手套
#00622,A/丝质手套
#00623,B/银耳环
#00624,A/黄金耳环
#00625,S/王室耳环
#00626,E/皮鞋
#00627,F/木鞋
#00628,D/甲板鞋
#00629,A/银靴
#00630,B/长靴
#00631,S/羽毛长靴
#00632,C/蜡烛
#00633,B/符咒
#00634,A/黄金铃铛
#00635,B/红色缎带
#00636,A/缎带
#00637,C/木雕像
#00638,C/布袋
#00639,B/黄金袋
#00640,S/开罗姬手办
#00641,S/圣诞老人手杖
#00642,S/圣诞老人护盾
#00643,=#00001
#00644,发现
#00645,获得<1>个<br>“<0>”！
#00646,获得
#00647,获得<br>钻石　<0>！
#00648,获得<1>个<br><0>！
#00649,<0>中<br>增加了新的伙伴！
#00650,第<0>位<1><br><2>
#00651,活动信息
#00652,未能刷新纪录……
#00653,使用
#00654,使用了<br><1>个道具“<0>”
#00655,活动
#00656,能量竟然<br>回满了！
#00657,发生奇迹，<br>城市的占地稍稍扩大了！
#00658,获得<1>个<br>技能 <0>！
#00659,发现区域
#00660,发现了<br>未开拓的<br>新区域！！
#00661,追加职业
#00662,得到了D级镇民<br>和研究家的介绍！
#00663,提升移动速度。
#00664,搭桥。
#00665,迎接游客。
#00666,狭小的土地。
#00667,普通的土地。
#00668,宽广的土地。
#00669,超级宽广的土地。
#00670,能成为城市中心的设施。
#00671,能稍微抵挡敌人的入侵。
#00672,较能抵挡敌人的入侵。
#00673,能抵挡敌人的入侵。
#00674,能有效抵挡敌人的入侵。
#00675,可以进出护壁。
#00676,可以使领土稍微扩大的设施
#00677,保管城市<pic=grass>的设施
#00678,保管城市<pic=food>的设施
#00679,保管城市<pic=wood>的设施
#00680,保管城市<pic=iron>的设施
#00681,保管城市<pic=magic>的设施
#00682,保管城市道具的设施
#00683,保管能量的设施
#00684,保管宝物的设施
#00685,偶尔能够发现水产品
#00686,生产<pic=grass>的设施
#00687,生产<pic=wood>的设施
#00688,奶农获得<pic=food>的设施
#00689,生产<pic=iron>的设施
#00690,生产<pic=magic>的设施
#00691,开采能量的设施
#00692,对周围发挥效果的设施
#00693,有助于回复魔力和活力
#00694,连接城市，引导游客的设施
#00695,修补领土外荒地的基地
#00696,出租马匹的设施
#00697,在两个城市间搬运货物的设施
#00698,能解析宝物的设施
#00699,回复设施
#00700,研究设施
#00701,使用后能获得经验值
#00702,可以制作简单料理的设施
#00703,在敌人袭击时可以诱敌
#00704,使用时偶尔能获得物品
#00705,提升周围耐久度的设施
#00706,摆放在自然资源丰富的地方吧
#00707,领土外的采集基地
#00708,可以放置商店所需资材。
#00709,可以提供舒适的睡眠。
#00710,可以设置同居者。
#00711,向游客或伙伴递交物品的地方
#00712,陈列面向游客或伙伴的商品
#00713,国王偶尔会耍威风。
#00714,会被用于研究。
#00715,可以帮助回复。
#00716,制作、销售饰品。
#00717,制作、销售食物。
#00718,解析宝物。
#00719,制作、销售家具。
#00720,制作、销售武器。
#00721,制作、销售防具。
#00722,制作、销售技能。
#00723,制作、销售道具。
#00724,偶尔能获得道具。
#00725,偶尔能采收矿石。
#00726,偶尔能发现料理。
#00727,可以收获种子。
#00728,可以装饰房间。
#00729,通过修炼提升能力。
#00730,偶尔能发现水。
#00731,可以收获工具。
#00732,使用后能获得经验值。
#00733,可以采收矿石。
#00734,供好友短时间留宿的设施
#00735,供观光的冒险者留宿的设施
#00736,用来迎接孩子的家具
#00737,在家主前往讨伐时会随行
#00738,在寿命耗尽时或许能派上用场
#00739,一团乱
#00740,可以骑龙前往
#00741,会让前来袭击的敌人落入陷阱
#00742,会与前来袭击的敌人格斗
#00743,派遣中的伙伴会使用此设施来回复
#00744,强化装备的设施
#00745,管理好友的设施
#00746,管理任务的设施
#00747,与好友协作的设施
#00748,购买秘宝的设施
#00749,管理怪物的设施
#00750,颁发奖杯的设施
#00751,用于挑战每日排行的设施
#00752,可以查看试用好友的设施
#00753,出售A级以下职业的设施
#00754,出售素材的设施
#00755,可以兑换金币的设施
#00756,可以向伙伴拜师的设施
#00757,可以合成怪物的设施
#00758,出售怪物的设施
#00759,可以与开罗君交战的设施
#00760,可以与全球玩家交战的设施
#00761,曾是一名高傲的国王
#00762,保管铜币的设施
#00763,保管银币的设施
#00764,保管金币的设施
#00765,难得的铜像
#00766,保管宝物的设施
#00767,保管道具的设施
#00768,能够悉心培养城中儿童的设施
#00769,放在城外能使夜晚出现敌人
#00770,可以使前来袭击的敌人上钩
#00771,保管蛋的设施
#00772,偶尔会赠送礼物。
#00773,潜伏着强大的怪物
#00774,提供城市间搬迁的服务
#00775,可以兑换装备的地方
#00776,回收各类物品的地方
#00777,约会也许能提升亲密度
#00778,填埋领土内的海或桥
#00779,创造艺术作品的屋子
#00780,当作调查基地使用的屋子
#00781,可以采集昆虫的地方
#00782,供飞空船上客人欣赏的陈列
#00783,可以和收银机交换位置摆放
#00784,可以骑驯鹿的设施
#00785,载有客人的飞艇会来造访
#00786,保管收藏品的地方
#00787,或许能钓鱼
#00788,可以乘坐飞毯的设施
#00789,=#00001
#00790,获得D～A级的建筑吧
#00791,<0>月<1>日～<2>日出现<3>
#00792,高级仓库
#00793,获得D～A级的武器吧
#00794,n/a
#00795,获得D～A级武器 出现开罗系列至10日
#00796,获得D～A级武器 出现开罗系列至25日
#00797,今日 出现S级杖系武器！
#00798,今日 出现S级棒系武器！
#00799,今日 出现S级矛系武器！
#00800,今日 出现S级锤系武器！
#00801,今日 出现S级剑系武器！
#00802,今日 出现S级枪系武器！
#00803,今日 出现S级弓系武器！
#00804,今日 出现S级斧系武器！
#00805,帮助好友，获得奖励
#00806,=#00794
#00807,获得很棒的道具吧
#00808,=#00794
#00809,找到C～A级的职业吧
#00810,=#00001
#00811,<0>月<1>日～<2>日 出现“<3>”！
#00812,S级 武士
#00813,S级 维京人
#00814,S级 海盗
#00815,S级 勇者
#00816,S级 巫师
#00817,S级 镇民
#00818,S级 重骑士
#00819,S级 枪手
#00820,S级 弓箭手
#00821,S级 忍者
#00822,S级 僧侣
#00823,S级 卫兵
#00824,S级 骑士
#00825,S级 魔法师
#00827,S级 圣诞老人
#00828,你好。<br>即将移动到建国的土地，<br>请稍等。
#00829,感觉画面不流畅时，<br>请在菜单中<br>尝试更改各种“设置”哦。
#00830,卸载游戏时，<br>数据也将一起消失，<br>请注意哦！
#00831,请在网络环境良好的地方<br>进行游戏哦！
#00832,退出游戏前，<br>记得要保存哦。<br>※偶尔也会自动保存。
#00833,游戏基本上<br>会被保存在终端设备中<br>请留意可用空间哦
#00834,建造马棚后<br>伙伴会在派遣时<br>使用哦
#00835,扫除阴云<br>能让城市的级别提升哦
#00836,草资源……<br>在建造农田后<br>就能容易获得哦
#00837,木材资源……<br>在建造造林所后<br>就能容易获得哦
#00838,粮食资源……<br>让奶农成为伙伴后<br>就能容易获得哦
#00839,铁资源……<br>挖掘沙漠或岩场时<br>也许会出现
#00840,魔石资源……<br>挖掘红色石头时<br>也许会出现
#00841,想要得到能量的话<br>就建造开采设施吧
#00842,为了收集大量的资源<br>请多多建造<br>仓库吧
#00843,满月之夜……<br>或许会有敌人袭击。<br>建议事先打倒附近的敌人！
#00844,收集隐藏在区域中<br>有助于王国发展的<br>“秘宝”吧！
#00845,将人手派遣到<br>周围的阴云处，<br>扩大王国的领土吧
#00846,有冒险者在旅馆留宿时，<br>会在首领战<br>前来帮忙
#00847,让能够装备的人<br>掌握获得的<br>技能吧
#00848,可以购买<br>城中商店制作的<br>武器和防具哦
#00849,如果出现了亮闪闪的怪物，<br>就派遣主力人员<br>将它打倒吧！
#00850,在港口以及城里的商店之间<br>布置招牌，<br>招揽顾客吧。
#00851,寻找梦幻锻造铺，<br>让他帮忙强化武器吧。
#00852,得到好友邀请<br>前往讨伐后，<br>或许能得到谢礼！
#00853,往城里招揽游客，<br>让他们光顾商店后，<br>铜币就会增加哦。
#00854,别忘了登入<br>开罗账号，<br>获得奖励哦。
#00855,发现新区域后，<br>就调整派遣位置，<br>让大家慢慢靠近首领吧。
#00856,武器<br>在各自擅长的地区中<br>攻击力会提升哦
#00857,提升武器店或防具店的<br>工坊等级后，<br>或许能发现新的商品。
#00858,将人手派遣到首领处，<br>进入可以讨伐的状态后，<br>首领会派出敌人哦。
#00859,开拓到一定程度后<br>就可以添加好友了哦！
#00860,别忘记在菜单的“列表”中<br>灵活运用<br>全体型道具哦
#00861,想要增加仓库容量的话，<br>就多多建造<br>相同的仓库吧
#00862,可以点击×键<br>来跳过羊先生的新手教程哦
#00863,有种全体型道具<br>可以把荒地复原哦
#00864,没人愿意去捡<br>十分遥远的掉落物哦
#00865,获得铜币后，<br>就制作“铜币箱”吧！
#00866,平民的家
#00867,国王房间
#00868,武器店
#00869,防具店
#00870,道具店
#00871,家具店
#00872,技能店
#00873,旅馆
#00874,饭馆
#00875,饰品店
#00876,回复所
#00877,解析所
#00878,研究所
#00879,医院
#00880,教堂
#00881,宅邸
#00882,怪物之家
#00883,调查队室
#00884,果树园
#00885,圣诞小屋
#00886,艺术工坊
#00887,昆虫馆
#00888,水族馆
#00889,动物园
#00890,博物馆
#00891,钻石
#00892,=#00001
#00893,草
#00894,木
#00895,粮食
#00896,铁
#00897,魔石
#00898,能量
#00899,职业贸易券
#00900,装备贸易券
#00901,设施贸易券
#00902,道具贸易券
#00903,好友贸易券
#00904,铜币
#00905,银币
#00906,金币
#00907,钻石 200个
#00908,可以获得大量钻石。
#00909,dia_200_case0
#00910,钻石 1000个
#00911,dia_1000_case0
#00912,钻石 3600个
#00913,dia_3600_case0
#00914,钻石 8000个
#00915,dia_8000_case0
#00916,开罗乐园
#00917,来获得钻石吧！
#00918,泰普悦
#00919,分享画面<br>附赠奖励
#00920,分享画面，获得钻石吧！
#00921,分享画面<br>无奖励
#00922,分享画面吧！
#00923,进行<br>评论吧
#00924,来写游戏的评论吧！
#00925,回复能量
#00926,将回满城市的能量
#00927,能量已回满
#00928,扩散回复药
#00929,使所有居民的生命<br>回复50%
#00930,全员的生命已回复50%
#00931,回复药
#00932,使1名居民的生命<br>回复50%
#00933,生命已回复50%
#00934,魔法笛
#00935,使所有居民立即移动到市政厅<br>※无法移动正在讨伐的人员
#00936,已将全员召唤至市政厅！<br>※大家不久便会返回
#00937,小型笛子
#00938,将1名居民立即移动到市政厅<br>※无法移动正在讨伐的人员
#00939,已将居民召唤至市政厅！<br>※该人员不久便会返回
#00940,神圣药草
#00941,使所有居民的魔力<br>回复100%
#00942,魔力已回复
#00943,神圣树叶
#00944,使1名居民的魔力<br>回复100%
#00945,活力炖菜
#00946,使所有居民的活力<br>回复100%
#00947,活力已回复
#00948,活力饭团
#00949,使1名居民的活力<br>回复100%
#00950,魔法秘药
#00951,使所有居民的寿命<br>增加1
#00952,全员的寿命已增加1
#00953,微量秘药
#00954,使1名居民的寿命<br>增加1
#00955,寿命已增加1
#00956,生命蜡烛
#00957,使1名居民获得无限寿命
#00958,已获得无限寿命！
#00959,唤醒器具
#00960,叫醒所有居民。<br>※请在夜晚使用。
#00961,居民醒了！<br>今天似乎不会再入睡。
#00962,王国源泉
#00963,向全员赠送全种经验值
#00964,<po=m>全员的所有种类经验值<br>已增加 <0>
#00965,开罗布丁
#00966,歪罗布丁
#00967,开罗芭菲蛋糕
#00968,歪罗芭菲蛋糕
#00969,生命源泉
#00970,向全员赠送生命经验值
#00971,全员的生命经验值<br>已增加 <0>
#00972,魔力源泉
#00973,向全员赠送魔力经验值
#00974,全员的魔力经验值<br>已增加 <0>
#00975,活力源泉
#00976,向全员赠送活力经验值
#00977,全员的活力经验值<br>已增加 <0>
#00978,力量源泉
#00979,向全员赠送攻击经验值
#00980,全员的攻击经验值<br>已增加 <0>
#00981,防御源泉
#00982,向全员赠送防御经验值
#00983,全员的防御经验值<br>已增加 <0>
#00984,速度源泉
#00985,向全员赠送速度经验值
#00986,全员的速度经验值<br>已增加 <0>
#00987,幸运源泉
#00988,向全员赠送幸运经验值
#00989,全员的幸运经验值<br>已增加 <0>
#00990,奇迹之锤
#00991,瞬间完成正在施工的建筑
#00992,建造已完成
#00993,智慧源泉
#00994,向全员赠送头脑经验值
#00995,全员的头脑经验值<br>已增加 <0>
#00996,手工源泉
#00997,向全员赠送灵巧经验值
#00998,全员的灵巧经验值<br>已增加 <0>
#00999,采集源泉
#01000,向全员赠送采集经验值
#01001,全员的采集经验值<br>已增加 <0>
#01002,移动源泉
#01003,向全员赠送移动经验值
#01004,全员的移动经验值<br>已增加 <0>
#01005,爱情源泉
#01006,向全员赠送爱情经验值
#01007,全员的爱情经验值<br>已增加 <0>
#01008,加速鞋
#01009,暂时提升全体居民的移动速度
#01010,移动速度<br>已暂时提升！
#01011,恩泽之雨
#01012,荒地将恢复原有的自然
#01013,所有荒地<br>已回复！
#01014,全资源袋
#01015,所有城市资源
#01016,所有资源<br>已装满
#01017,<pic=grass>袋
#01018,装满特定资源
#01019,<pic=grass>已装满
#01020,<pic=wood>袋
#01021,<pic=wood>已装满
#01022,<pic=food>袋
#01023,<pic=food>已装满
#01024,<pic=iron>袋
#01025,<pic=iron>已装满
#01026,<pic=magic>袋
#01027,<pic=magic>已装满
#01028,增加技能槽
#01029,为指定居民增加<br>1个技能槽。
#01030,技能槽<br>已增加 1！
#01031,铜杯
#01032,<po=m>主要可在奖杯室获得<br>用于观赏
#01033,仔细欣赏了一番
#01034,银杯
#01035,金杯
#01036,开罗圣杯
#01037,勇气王冠
#01038,农田种子
#01039,树木种子
#01040,王国旗帜
#01041,王国的天然水
#01042,结实的板子
#01043,大钉子
#01044,牢固的绳子
#01045,优质砖块
#01046,铁矿石
#01047,铜
#01048,金块
#01049,丝绸面料
#01050,结实的布
#01051,漂亮的布
#01052,药草
#01053,生命树叶
#01054,魔力根茎
#01055,闻香花
#01056,生命小瓶
#01057,魔力之瓶
#01058,魔法师之药
#01059,魔导士之药
#01060,贤者之药
#01061,能量饮料
#01062,甜味药
#01063,甜美蘑菇
#01064,营养蘑菇
#01065,新鲜的豆子
#01066,土豆
#01067,白萝卜
#01068,胡萝卜
#01069,洋葱
#01070,卷心菜
#01071,番茄
#01072,玉米
#01073,蒜头
#01074,沙拉
#01075,浆果
#01076,香橙
#01077,苹果
#01078,香蕉
#01079,洋梨
#01080,草莓
#01081,葡萄
#01082,蜜瓜
#01083,菠萝
#01084,水果篮
#01085,海螺
#01086,蛤蜊
#01087,竹荚鱼
#01088,鲣鱼
#01089,鲷鱼
#01090,海胆
#01091,虾
#01092,螃蟹
#01093,=#00304
#01094,=#00301
#01095,带骨肉
#01096,块状肉
#01097,烤全肉
#01098,霜降肉
#01099,极厚肉
#01100,蔬菜汁
#01101,混合果汁
#01102,牛奶
#01103,葡萄汁
#01104,碳酸果汁
#01105,蛋
#01106,奶酪
#01107,面包
#01108,法式面包
#01109,吐司面包
#01110,汉堡
#01111,甜甜圈
#01112,布丁
#01113,冰淇淋
#01114,蛋糕
#01115,开罗蛋糕
#01116,炸薯条
#01117,寿司
#01118,刺身拼盘
#01119,蔬菜汤
#01120,奶汁汤
#01121,炖菜
#01122,牛肉炖菜
#01123,海鲜饭
#01124,披萨
#01125,牛排
#01126,咖喱
#01127,蛋包饭
#01128,炒面
#01129,炒饭
#01130,意面
#01131,武器本源
#01132,护盾本源
#01133,铠甲本源
#01134,头盔本源
#01135,饰品本源
#01136,贤者之书
#01137,知识卷轴
#01138,开罗饼干
#01139,歪罗饼干
#01140,D级 国王
#01141,全国地位最高的人
#01142,C级 国王
#01143,B级 国王
#01144,A级 国王
#01145,S级 国王
#01146,D级 镇民
#01147,能解析宝物、经营旅馆，至少需要一人
#01148,C级 镇民
#01149,B级 镇民
#01150,A级 镇民
#01151,=#00817
#01152,D级 农民
#01153,擅长耕田、造林。割草速度也很快！
#01154,C级 农民
#01155,B级 农民
#01156,A级 农民
#01157,S级 农民
#01158,D级 木匠
#01159,擅长施工！也能修补坏掉的东西
#01160,C级 木匠
#01161,B级 木匠
#01162,A级 木匠
#01163,S级 木匠
#01164,D级 运输者
#01165,擅长运输。能在城市间搬运资源
#01166,C级 运输者
#01167,B级 运输者
#01168,A级 运输者
#01169,S级 运输者
#01170,D级 商人
#01171,擅长开店，总是充满活力的商人
#01172,C级 商人
#01173,B级 商人
#01174,A级 商人
#01175,S级 商人
#01176,D级 研究家
#01177,专注于研究的职业，城里需要1名
#01178,C级 研究家
#01179,B级 研究家
#01180,A级 研究家
#01181,S级 研究家
#01182,D级 厨师
#01183,可以开饭馆的职业，或许还会协助培养
#01184,C级 厨师
#01185,B级 厨师
#01186,A级 厨师
#01187,S级 厨师
#01188,D级 工艺家
#01189,可以开家具店的职业，城里需要1名
#01190,C级 工艺家
#01191,B级 工艺家
#01192,A级 工艺家
#01193,S级 工艺家
#01194,D级 锻造工匠
#01195,可以开武器店、防具店的职业
#01196,C级 锻造工匠
#01197,B级 锻造工匠
#01198,A级 锻造工匠
#01199,S级 锻造工匠
#01200,D级 医生
#01201,治疗专家
#01202,C级 医生
#01203,B级 医生
#01204,A级 医生
#01205,S级 医生
#01206,D级 僧侣
#01207,复活与寿命的专家
#01208,C级 僧侣
#01209,B级 僧侣
#01210,A级 僧侣
#01211,=#00822
#01212,D级 奶农
#01213,可以发现家畜，并在牧场中饲养
#01214,C级 奶农
#01215,B级 奶农
#01216,A级 奶农
#01217,S级 奶农
#01218,D级 卫兵
#01219,适合保护城市的平衡型士兵
#01220,C级 卫兵
#01221,B级 卫兵
#01222,A级 卫兵
#01223,=#00823
#01224,D级 骑士
#01225,重视进攻能力的攻击型职业
#01226,C级 骑士
#01227,B级 骑士
#01228,A级 骑士
#01229,=#00824
#01230,D级 魔法师
#01231,擅长使用魔法的职业
#01232,C级 魔法师
#01233,B级 魔法师
#01234,A级 魔法师
#01235,=#00825
#01236,D级 重骑士
#01237,重视防守的守备型职业
#01238,C级 重骑士
#01239,B级 重骑士
#01240,A级 重骑士
#01241,=#00818
#01242,D级 枪手
#01243,擅长使枪的职业
#01244,C级 枪手
#01245,B级 枪手
#01246,A级 枪手
#01247,=#00819
#01248,D级 弓箭手
#01249,擅长使弓的职业
#01250,C级 弓箭手
#01251,B级 弓箭手
#01252,A级 弓箭手
#01253,=#00820
#01254,D级 忍者
#01255,速度出众的职业
#01256,C级 忍者
#01257,B级 忍者
#01258,A级 忍者
#01259,=#00821
#01260,D级 武士
#01261,擅长直线攻击的职业
#01262,C级 武士
#01263,B级 武士
#01264,A级 武士
#01265,=#00812
#01266,D级 维京人
#01267,能使出反击的职业
#01268,C级 维京人
#01269,B级 维京人
#01270,A级 维京人
#01271,=#00813
#01272,D级 海盗
#01273,能使出范围攻击的职业
#01274,C级 海盗
#01275,B级 海盗
#01276,A级 海盗
#01277,=#00814
#01278,D级 勇者
#01279,兼备魔法能力的万能型
#01280,C级 勇者
#01281,B级 勇者
#01282,A级 勇者
#01283,=#00815
#01284,D级 巫师
#01285,可以使出强大魔法的职业
#01286,C级 巫师
#01287,B级 巫师
#01288,A级 巫师
#01289,=#00816
#01290,敌方角色2
#01291,=MID(#01290,1,-1)&'3'
#01292,=MID(#01290,1,-1)&'4'
#01293,游客
#01294,F级 智者
#01295,有助于全职业觉醒的智者
#01296,=#00827
#01297,会在年末造访的传说级强手
#01298,D级 游击兵
#01299,在外自由探索的士兵
#01300,C级 游击兵
#01301,B级 游击兵
#01302,A级 游击兵
#01303,S级 游击兵
#01304,D级 魔剑士
#01305,同时擅长魔法与攻击的职业
#01306,C级 魔剑士
#01307,B级 魔剑士
#01308,A级 魔剑士
#01309,S级 魔剑士
#01310,D级 狂战士
#01311,采用破防式作战的职业
#01312,C级 狂战士
#01313,B级 狂战士
#01314,A级 狂战士
#01315,S级 狂战士
#01316,D级 艺术家
#01317,在艺术工坊创造美术品的职业
#01318,C级 艺术家
#01319,B级 艺术家
#01320,A级 艺术家
#01321,S级 艺术家
#01322,D级 会展师
#01323,开收藏品展示店的职业
#01324,C级 会展师
#01325,B级 会展师
#01326,A级 会展师
#01327,S级 会展师
#01328,D级 驯兽师
#01329,可以捕捉野生动物的职业
#01330,C级 驯兽师
#01331,B级 驯兽师
#01332,A级 驯兽师
#01333,S级 驯兽师
#01334,D级 王之子
#01335,超级万能的国王的孩子
#01336,C级 王之子
#01337,B级 王之子
#01338,A级 王之子
#01339,S级 王之子
#01340,国王
#01341,镇民
#01342,农民
#01343,木工
#01344,运输者
#01345,商人
#01346,研究家
#01347,厨师
#01348,工艺家
#01349,锻造工匠
#01350,医生
#01351,僧侣
#01352,奶农
#01353,卫兵
#01354,骑士
#01355,魔法师
#01356,重骑士
#01357,枪手
#01358,弓箭手
#01359,忍者
#01360,武士
#01361,维京人
#01362,海盗
#01363,勇者
#01364,巫师
#01365,智者
#01366,圣诞老人
#01367,游击兵
#01368,魔剑士
#01369,狂战士
#01370,艺术家
#01371,会展师
#01372,驯兽师
#01373,王之子
#01375,土地
#01376,水
#01377,=#01376
#01378,=#01376
#01379,=#01376
#01380,地面
#01381,=#01380
#01382,=#01380
#01383,=#00893
#01384,沙
#01385,岩场
#01386,雪
#01387,沼泽
#01388,火山
#01389,雪原土地
#01390,沙漠土地
#01391,火山土地
#01392,岩场土地
#01393,沼泽土地
#01394,草原土地
#01395,土地的边界
#01396,施工现场
#01397,计划施工地
#01398,未开放的烟雾
#01399,荒地
#01400,侧面
#01401,火灾废墟
#01402,移除
#01403,替换
#01404,土地（小）
#01405,土地（中）
#01406,土地（大）
#01407,土地（特大）
#01408,田间小道
#01409,道路
#01410,桥
#01411,地板
#01412,洞窟
#01413,大门
#01414,迷宫大门
#01415,室内房门_未使用
#01416,市政厅
#01417,敌人洞
#01418,=#00001
#01419,码头
#01420,港口
#01421,=#00340
#01422,夜晚集合点
#01423,低矮瞭望台
#01424,高台
#01425,资材
#01426,仓库 野草
#01427,仓库 木材
#01428,仓库 粮食
#01429,仓库 矿石
#01430,仓库 魔石
#01431,仓库 道具
#01432,仓库 能量
#01433,仓库 宝物
#01434,农田
#01435,造林所
#01436,水渠
#01437,牧场
#01438,开采 矿石
#01439,开采 魔石
#01440,开采 能量
#01441,护壁 栅栏
#01442,护壁 木制
#01443,加强护壁
#01444,城墙
#01445,护壁用大门
#01446,敌方护壁
#01447,招牌
#01448,临时救护设施
#01449,室外宝箱解析所
#01450,室外研究所
#01451,货车停放处
#01452,马棚
#01453,荒地路牌
#01454,井
#01455,回复之泉
#01456,魔物雕像
#01457,驱魔 宝珠
#01458,驱魔 剑
#01459,驱魔 石碑
#01460,风车
#01461,女神像
#01462,简易炉灶
#01463,篝火
#01464,喷泉
#01465,花坛
#01466,灌木丛
#01467,植树林
#01468,休憩处
#01469,远征小屋
#01470,动物饲料
#01471,荆棘陷阱
#01472,长椅
#01473,较硬的床
#01474,床
#01475,国王的床
#01476,同居床铺
#01477,红色地毯
#01478,松软地毯
#01479,黑色地垫
#01480,室内草放置处
#01481,室内木材放置处
#01482,室内粮食放置处
#01483,室内铁材放置处
#01484,室内魔石放置处
#01485,收银机
#01486,货架
#01487,技能类货架
#01488,家具类货架
#01489,宝箱解析所
#01490,=#00878
#01491,=#00879
#01492,饰品工坊
#01493,烹饪处
#01494,回复点
#01495,家具制作处
#01496,武器制作处
#01497,防具制作处
#01498,技能制作处
#01499,道具调配处
#01500,=#00867
#01501,训练场
#01502,射击训练场
#01503,魔法训练场
#01504,矿石精制所
#01505,桌子
#01506,餐桌
#01507,沙发
#01508,椅子
#01509,水壶
#01510,工具精制所
#01511,蜡烛
#01512,育苗场
#01513,铠甲摆设
#01514,衣柜
#01515,烹饪台
#01516,架子
#01517,书柜
#01518,橱柜
#01519,厨房柜
#01520,花瓶
#01521,动物摆设
#01522,梳妆台
#01523,炉灶
#01524,暖炉
#01525,窗
#01526,浴池
#01527,回复浴池
#01528,闪耀石
#01529,观叶植物
#01530,=#01071
#01531,花
#01532,三色堇
#01533,书桌
#01534,圆木桥
#01535,宝物出现效果
#01536,龙小屋
#01537,洞穴陷阱
#01538,怪物小屋
#01539,托儿所
#01540,荒芜之地
#01541,混沌之岩
#01542,歪罗迷宫
#01543,远征回复所
#01544,=#00254
#01545,好友邮局
#01546,任务指令室
#01547,每周讨伐奖励
#01548,秘宝店
#01549,怪物牧场
#01550,奖杯室
#01551,排行统计板
#01552,试用好友店
#01553,职业介绍所
#01554,素材商店
#01555,金币兑换处
#01556,师父的房间
#01557,怪物合成所
#01558,怪物店
#01559,地下竞技场
#01560,=#00880
#01561,好友床铺
#01562,游客床铺
#01563,婴儿床
#01564,怪物房间
#01565,先王雕像
#01566,铜币箱
#01567,银币箱
#01568,金币箱
#01569,开罗王雕像
#01570,市政厅仓库
#01571,怪物饲料
#01572,饭馆橱柜
#01573,仓库 蛋
#01574,小屋
#01575,传说中的洞窟
#01576,搬家公司
#01577,开罗的房间
#01578,装备兑换处
#01579,收购所
#01580,约会景点
#01581,高级仓库 野草
#01582,高级仓库 木材
#01583,高级仓库 粮食
#01584,高级仓库 矿石
#01585,高级仓库 魔石
#01586,高级仓库 能量
#01587,高级仓库 宝物
#01588,高级仓库 道具
#01589,高级仓库 蛋
#01590,领土填埋
#01591,果树
#01592,绘画创作处
#01593,调查房
#01594,昆虫景点
#01595,水果树
#01596,动物笼舍
#01597,艺术台
#01598,水箱
#01599,昆虫盒
#01600,附带店员收银机
#01601,圣诞老人的房间
#01602,装饰雪橇
#01603,驯鹿小屋
#01604,飞空船港口
#01605,收藏家之屋
#01606,钓鱼池
#01607,飞毯
#01608,=#00894
#01609,=#00895
#01610,=#00896
#01611,=#00897
#01612,能量
#01613,道具
#01614,蛋
#01615,宝箱
#01616,收集 <0>个任意资源
#01617,收集 <0>枚铜币
#01618,完成 <0>次洞穴讨伐
#01619,收集 <0>个农田种子
#01620,收集 <0>个结实的板子
#01621,带好友完成 <0>次讨伐
#01622,打倒 <0>只怪物
#01623,打倒<0>只<1>
#01624,水晶次郎
#01625,我十年磨一剑<br>就是为了今天。
#01626,行走花
#01627,我正好昨天开了花，<br>是时候一决胜负了！
#01628,金属波克
#01629,你好，我是金属波克。<br>现在正沉迷于限糖瘦身法。
#01630,黑叮可
#01631,呵呵呵，世人把我称为<br>精神压力的妖精。
#01632,土鱼
#01633,哈呀——！嘿呀——！<br>我要让你一败涂地！
#01634,混混小鸡
#01635,嗨！喂喂！<br>想打架吗！喂！喂！
#01636,咬人菇
#01637,好！放马过惹！<br>……咬、咬舌了！
#01638,西瓜虫
#01639,呵、呵、呵。因为我刚才<br>一直蜷成一团，所以很有精神哦！
#01640,羊驼骑士
#01641,久等了！<br>羊驼骑士登场啦！
#01642,土龙
#01643,居然跑来这种地方来，<br>你真爱管闲事！好想打倒你！
#01644,铁甲剪刀
#01645,这不是角，而是剪刀！<br>看我把你剪成碎片！
#01646,青苔菇
#01647,我不是坏菇啦，<br>只是长了青苔而已！
#01648,哥布山
#01649,哈——哈哈！<br>我要把你揍得满头是包！
#01650,愤怒野猪
#01651,哈——哈哈，<br>看我用鼻孔把你吹飞！
#01652,石巨人
#01653,我要把你踩扁！<br>唔噢噢！
#01654,牛胃象虫
#01655,我为了成蛹，正在进食。<br>别打扰我！
#01656,小草
#01657,杂草说话了？<br>我才不是杂草！混蛋！
#01658,滚滚猫
#01659,俺可不好吃啊！
#01660,土偶树
#01661,欢迎欢迎，你来得正好。<br>……这里就是你的坟墓！！
#01662,花椰魔人
#01663,来啊来啊～这是刚煮好的<br>美味西兰花陷阱哦～！
#01664,假苹果
#01665,哇！突然出现了！<br>那就来苹你一下哦。
#01666,迷途蛋
#01667,哈、哈、哈！<br>来比比看谁先破掉！
#01668,森之助
#01669,听说你把我儿子当成杂草了？<br>看我怎么报复你！
#01670,尖叫虫
#01671,我为了化蝶，正在进食。<br>别打扰我！
#01672,一击蜂
#01673,嗡～嗡嗡嗡嗡嗡，<br>嗡嗡嗡嗡、嗡～
#01674,混混鸟
#01675,呵，终于来到我这里了啊。<br>让我们大战三百回合吧！
#01676,人面树
#01677,我看起来好像在笑？<br>其实这是在生气！
#01678,晕眩蝶
#01679,终于变成蝴蝶了！<br>我可不像以前那么好对付了！
#01680,瓢虫岩
#01681,这幢岩甲屋，<br>是我借了30年房贷才买下的。
#01682,岩石三胞胎
#01683,不许叫我藤壶！
#01684,独角岩
#01685,让我用引以为傲的，<br>平时拿来烤串的角把你刺穿！
#01686,毛躁虫
#01687,让我们比比看<br>谁更有毅力吧！
#01688,马赫蝙蝠
#01689,啪塔啪塔啪塔——你好——<br>我要把你打倒——
#01690,岩石卫门
#01691,你好，<br>废话少说，快放马过来！
#01692,岩石君
#01693,来和我比试力气吧，<br>尽管过来！
#01694,矿石蟹
#01695,我最近正在练习<br>怎么竖着走呢。
#01696,尖尖岩
#01697,好嘞！<br>尽管来撞俺吧！
#01698,独眼岩
#01699,虽然大家都说我眼神凶恶，<br>但我没有瞪人！
#01700,怪兽石拉
#01701,我是自岩石诞生的怪兽！<br>可怕吧！！
#01702,岩石魔人
#01703,我“咚”过来了哦！<br>咚！开始吧！
#01704,猩猩艾姆
#01705,这个绿草假发<br>很适合我吧！
#01706,舔舔魔
#01707,我要用舌头<br>把你舔个遍！！
#01708,椰子魔神
#01709,来点椰子吗～<br>别扫兴，来玩嘛！
#01710,大岩诺夫
#01711,谢谢你关照我儿子啊，<br>看我不把你碾碎！
#01712,龙五郎
#01713,唔噢噢噢噢噢！！<br>我要把你碾成肉馅！
#01714,骷髅海盗
#01715,我生前是一名海盗，<br>让我把你也变成骷髅吧！
#01716,沙虫
#01717,我在沙漠住了66年，<br>沙漠很棒哦！
#01718,小刺
#01719,咦！你的脸似乎<br>很有被刺的价值呢！那我刺咯！
#01720,陷阱蜂
#01721,哎呀哎呀，又有纯洁的猎物<br>找上门了呢。
#01722,仙人掌怪
#01723,痛痛痛，让我把这根刺拔下来……<br>用来扎你！！
#01724,叮阿鳗
#01725,好了——！该我登场了！<br>放马过来！
#01726,龙狮
#01727,哇！终于……<br>轮到我出场了啊！
#01728,沙漠尾巴
#01729,既然进了我的地盘，<br>就准备受死吧！
#01730,干鱼
#01731,水、水……<br>我差点不小心被晒干！
#01732,木乃伊之助
#01733,绷带不够用，<br>哪里有绷带！
#01734,沙袋
#01735,我在沙漠住了99年，<br>沙漠很棒哦！
#01736,悍龟
#01737,想骑我吗？可以啊。<br>不过比乌龟还慢哦！！
#01738,花园鳗蜉蝣
#01739,……被发现了啊。<br>既然如此，就把你拉进地底。
#01740,尖刺卫门
#01741,我只是想<br>和更强的敌人交手！
#01742,女王仙人掌
#01743,呵呵呵，美丽的花朵都带刺哦！！
#01744,眼镜蛇王
#01745,沙漠的伙伴们受你关照了嘛！<br>看我把你整个吞下！
#01746,跳助
#01747,跳——跳——<br>跳跳跳～
#01748,雪人虫
#01749,呼～今天好冷啊。<br>感觉你会被我不小心干掉呢！
#01750,燃雪
#01751,我由大家的怨念聚集而成，<br>在此怨恨你。
#01752,冰冻虫
#01753,我平时躲在雪底下，有猎物靠近时，<br>就会像这样出现！
#01754,雪箱
#01755,哇！真的打过来了！<br>这下可头疼了！
#01756,霍汪可
#01757,住手！我不是邪恶的怪物啦！<br>只是有些穷凶极恶而已啦！
#01758,咕瓦斯
#01759,我前几天终于300岁了。<br>我的死期还早呢！
#01760,冰精
#01761,好——！来了——！<br>我要把你打得面目全非！
#01762,咬人屋
#01763,我是雪屋。<br>欢迎随意进入！！
#01764,咻多罗罗
#01765,呜呜……我一个人好寂寞，<br>所以请陪我一起沉睡……
#01766,冰龙
#01767,你好！<br>那就打个一场吧！
#01768,白蛇
#01769,好冷，我其实好想冬眠……<br>但要先打倒你！
#01770,雪龙
#01771,真佩服你能来到这里！<br>让我把你夸死吧！！
#01772,沼蛙
#01773,呱……呱呱，<br>呱呱，呱～呱呱！
#01774,寄居卡诺夫
#01775,我感觉不像是第一次见到你呢。<br>难道你是我前世的恋人……应该不是吧！
#01776,半鱼人
#01777,我要把你拉进沼泽，<br>精心准备一场派对！
#01778,莲鱼
#01779,（偷看）<br>还没被发现吗！？
#01780,骷髅头女孩
#01781,呵呵呵，哎呀，<br>你们似乎有很棒的骷髅头嘛～！
#01782,肚肚杰克森
#01783,这、这一天终于来了！<br>我好紧张！
#01784,小史莱姆
#01785,你好，我要把炮灰这常年来的污名……<br>奉还给你们——！
#01786,水滴君
#01787,我的身体由大量<br>富士山脚培育的纯水构成的哦。
#01788,小龟边
#01789,哎呀哎呀，随便你从哪里上哦。<br>我不介意，完全不介意。
#01790,巨大臭臭花
#01791,来，把脸凑到花心！<br>让我把你薰得香喷喷吧！
#01792,肚肚蝌蚪
#01793,嘟隆隆～<br>我要用肚子把你弹飞。
#01794,骸骨虫
#01795,哇！是活生生的人类！<br>吓死我了！！
#01796,怪鸟萨沙
#01797,我要戳你<br>最痛的地方！
#01798,牛型史莱姆
#01799,又冰又弹<br>又湿粘哦～！！
#01800,大肚肚蛙
#01801,攻击肚子的话会爆炸哦！<br>……骗你的呱！
#01802,火之子
#01803,大家也小心不要玩火哦，<br>不要出了事才知道后悔哦！
#01804,火山珊瑚
#01805,啊～～<br>好想喷火～～～
#01806,宝箱怪
#01807,好痛啊……没法从宝箱里出来……<br>我要发泄一通了！
#01808,烟雾人
#01809,（浓烟滚滚）<br>好多烟雾，看不清前方！！！
#01810,骷髅船长
#01811,我是从海盗船上下来的。<br>胜利后我还要回去！
#01812,积火
#01813,要来点～滚烫的～<br>熔岩吗～
#01814,熔岩蝙蝠
#01815,前几天在天上飞时，<br>不小心把森林烧光了，嘿嘿嘿。
#01816,火蝾螈
#01817,呀！我第一次看到<br>真正的人类！好想把你做成标本！
#01818,熔岩鱼
#01819,咦？！<br>我离开熔岩了！
#01820,滚烫魔人
#01821,轰隆隆隆隆隆隆，<br>我这次也受邀前来了——！
#01822,黑烟
#01823,喷喷……<br>哎呀……又出来了。
#01824,火焰魔掌
#01825,好想一把抓住<br>你的心！
#01826,喷火龙
#01827,我要喷火把你变成焦炭！
#01828,火山卫门
#01829,尝受我愤怒的喷火吧！
#01830,火焰龙
#01831,消灭……敌对……之人。
#01832,幽灵
#01833,好恨啊～<br>炒饭啊～牛肉盖饭啊～
#01834,宇佐美兔雄
#01835,你好啊！终于见面了呢！<br>来！一较高下吧！
#01836,阿布法拉国王
#01837,哎呀，你好。<br>来一场国王间愉快的战斗吧！
#01838,章鱼星人
#01839,我来自火星。<br>我是现居火星的章鱼星人。
#01840,熊猫阿隆
#01841,把我当成熊猫的话……<br>可是会倒霉的！
#01842,里饭广志
#01843,哎呀哎啊，你脸色不好呢！<br>再惨白一些会更好哦！
#01844,有田帕卡子
#01845,哎呀，<br>我没什么想说的。
#01846,莲助
#01847,汪汪！<br>我今年16岁！
#01848,佩太郎
#01849,我前几天第一次吃金枪鱼，<br>所以现在精力充沛！
#01850,年糕肉猪
#01851,哼唧～<br>哼唧～
#01852,=#00248
#01853,哎呀，没想到会在这种地方<br>遇见开罗玩家！
#01854,森野大熊
#01855,你好，我一直很担心，<br>以为这次没我的戏份了。
#01856,=#00250
#01857,嘿嘿嘿，我的邪恶差不多<br>也该提升到新的境界了。
#01858,鸭田露子
#01859,把我当成鸭子的话，<br>你可要惨了嘎——！
#01860,开罗姬
#01861,哎呀，我还以为是金块呢……<br>呵呵呵，原来是个人啊。
#01862,=#00263
#01863,嗨，你好，我是开罗君。<br>用我这久经磨炼的身躯……一决胜负吧！
#01864,赤井英雄
#01865,吁！要记得玩！<br>出发英雄基地哦！
#01866,佩·片片
#01867,你好。我从百万进行曲<br>过来玩了！
#01868,小荒田部长
#01869,总被误认为考拉的挫败感<br>促使我越来越强了。
#01870,七色摔跤手
#01871,鸡
#01872,猪
#01873,牛
#01874,惊吓鱼
#01875,泰塔尔鱼
#01876,金属波克
#01877,哇哈！<br>被发现了！
#01878,宝物袋
#01879,装在袋子里的<br>是美梦还是噩梦！擦亮眼睛看清吧！
#01880,剑士开罗君
#01881,我的剑能斩断世间万物！<br>动手吧！
#01882,魔导士开罗君
#01883,终于是时候解封<br>这代代相传的魔法了！
#01884,度假开罗君
#01885,阿罗～哈～<br>有没有乘上一阵好浪啊～
#01886,开罗司令
#01887,我在打游戏呢……<br>只好快点打倒你再继续了！
#01888,魔道歪罗君
#01889,嘿嘿嘿……既然无法用金钱解决，<br>那只能打倒你了。
#01890,战士歪罗君
#01891,魔王歪罗君
#01892,歪罗坦克
#01893,歪罗大魔王
#01894,啊哈哈哈！我都等得不耐烦了！<br>……害我都烧成这样了！
#01895,鸡屁股魔人
#01896,让我也把你……<br>串成鸡肉串吧！！
#01897,礼物子
#01898,圣诞节<br>快～惹。
#01899,海豹
#01900,浣熊
#01901,犰狳
#01902,黄鼠狼
#01903,野猪
#01904,水豚
#01905,龟
#01906,狐狸
#01907,熊
#01908,犀牛
#01909,斑马
#01910,象
#01911,狸猫
#01912,鹤
#01913,貘
#01914,仓鼠
#01915,刺猬
#01916,河狸
#01917,猫头鹰
#01918,飞鼠
#01919,豚鼠
#01920,山羊
#01921,鳄鱼
#01922,西园寺
#01923,道明寺
#01924,神宫寺
#01925,豪德寺
#01926,国分寺
#01927,金刚院
#01928,吉祥寺
#01929,佐久间
#01930,坂本
#01931,本田
#01932,武藏
#01933,间濑
#01934,东乡
#01935,越前
#01936,飞驒
#01937,肥后
#01938,肥前
#01939,陆奥
#01940,三河
#01941,丹波
#01942,因幡
#01943,出云
#01944,石见
#01945,岩城
#01946,陆前
#01947,佐渡
#01948,能登
#01949,阿波
#01950,佐藤
#01951,铃木
#01952,山本
#01953,岛
#01954,小
#01955,伊集
#01956,绫野
#01957,小豆
#01958,我孙
#01959,山
#01960,田
#01961,=#00894
#01962,院
#01963,佐助
#01964,保次郎
#01965,面包太郎
#01966,龙马
#01967,佐藤
#01968,信长
#01969,吉田
#01970,茂夫
#01971,阿秀
#01972,雷欧
#01973,闪助
#01974,悟
#01975,聪司
#01976,优斗
#01977,晴人
#01978,诺特
#01979,春藏
#01980,番茄
#01981,利治
#01982,诚次郎
#01983,蜜瓜
#01984,玛琳
#01985,美亚莉
#01986,美美加子
#01987,朱缇姆
#01988,良子
#01989,茂美
#01990,玛丽
#01991,十和子
#01992,玛丽琳
#01993,右子
#01994,左子
#01995,遥香
#01996,铃子
#01997,面包子
#01998,梁子
#01999,助美
#02000,梅利子
#02001,秀
#02002,俊
#02003,春
#02004,真子
#02005,秋
#02006,夏
#02007,冬
#02008,北
#02009,东
#02010,南
#02011,西
#02012,铁
#02013,银
#02014,炸
#02015,乌冬
#02016,夫
#02017,雄
#02018,彦
#02019,郎
#02020,太
#02021,子
#02022,美
#02023,子
#02024,实
#02025,=#00351
#02026,<po=m>拥有道具 <0> <1>以上<br>道具 <2> <3>以上
#02027,=#01131
#02028,=#01136
#02029,=#00352
#02030,=#00371
#02031,=#00372
#02032,=#00401
#02033,=#00402
#02034,=#00415
#02035,=#00416
#02036,=#00417
#02037,=#00425
#02038,=#00426
#02039,=#00427
#02040,=#00375
#02041,=#00376
#02042,=#00377
#02043,=#00486
#02044,=#00487
#02045,=#00431
#02046,=#00432
#02047,=#00379
#02048,=#00380
#02049,=#00381
#02050,=#00382
#02051,=#00420
#02052,=#00421
#02053,=#00422
#02054,=#00435
#02055,=#00436
#02056,=#00437
#02057,=#00385
#02058,=#00386
#02059,=#00387
#02060,=#00440
#02061,=#00441
#02062,=#00442
#02063,=#00391
#02064,=#00392
#02065,=#00404
#02066,=#00405
#02067,=#00406
#02068,=#00407
#02069,=#00445
#02070,=#00446
#02071,=#00447
#02072,=#00355
#02073,=#00356
#02074,=#00357
#02075,=#00450
#02076,=#00451
#02077,=#00452
#02078,=#00489
#02079,=#00490
#02080,=#00491
#02081,=#00492
#02082,=#00494
#02083,=#00495
#02084,=#00496
#02085,=#00497
#02086,=#00455
#02087,=#00456
#02088,=#00457
#02089,=#00460
#02090,=#00461
#02091,=#00462
#02092,=#00500
#02093,=#00501
#02094,=#00502
#02095,=#00465
#02096,=#00466
#02097,=#00467
#02098,=#00470
#02099,=#00471
#02100,=#00472
#02101,=#00360
#02102,=#00361
#02103,=#00362
#02104,=#00474
#02105,=#00475
#02106,=#00476
#02107,=#00477
#02108,=#00409
#02109,=#00410
#02110,=#00411
#02111,=#00412
#02112,=#00365
#02113,=#00366
#02114,=#00367
#02115,=#00479
#02116,=#00480
#02117,=#00481
#02118,=#00482
#02119,=#00396
#02120,=#00397
#02121,=#00516
#02122,=#01132
#02123,=#00517
#02124,=#00518
#02125,=#00519
#02126,=#00522
#02127,=#00523
#02128,=#00524
#02129,=#00525
#02130,=#00526
#02131,=#00527
#02132,=#00528
#02133,=#00529
#02134,=#00530
#02135,=#00531
#02136,=#00540
#02137,=#01133
#02138,=#00541
#02139,=#00543
#02140,=#00544
#02141,=#00545
#02142,=#00546
#02143,=#00547
#02144,=#00549
#02145,=#00550
#02146,=#00551
#02147,=#00554
#02148,=#00555
#02149,=#00556
#02150,=#00557
#02151,=#00558
#02152,=#00559
#02153,=#00560
#02154,=#00561
#02155,=#00582
#02156,=#01134
#02157,=#01137
#02158,=#00583
#02159,=#00584
#02160,=#00585
#02161,=#00586
#02162,=#00587
#02163,=#00588
#02164,=#00589
#02165,=#00590
#02166,=#00592
#02167,=#00593
#02168,=#00594
#02169,=#00595
#02170,=#00596
#02171,=#00597
#02172,=#00598
#02173,=#00599
#02174,=#00600
#02175,=#00603
#02176,=#01135
#02177,=#00604
#02178,=#00605
#02179,=#00606
#02180,=#00607
#02181,=#00608
#02182,=#00610
#02183,=#00611
#02184,=#00613
#02185,=#00614
#02186,=#00616
#02187,=#00617
#02188,=#00618
#02189,=#00619
#02190,=#00620
#02191,=#00621
#02192,=#00622
#02193,=#00623
#02194,=#00624
#02195,=#00625
#02196,=#00629
#02197,=#00630
#02198,=#00631
#02199,=#00632
#02200,=#00633
#02201,=#00634
#02202,=#00635
#02203,=#00636
#02204,=#00637
#02205,=#00638
#02206,=#00639
#02207,=#00640
#02208,=#01404
#02209,研究看看吧
#02210,=#01042
#02211,=#00904
#02212,=#01405
#02213,=#01043
#02214,=#01406
#02215,=#01044
#02216,=#01407
#02217,=#01045
#02218,=#01408
#02219,=#01409
#02220,=#01410
#02221,=#00340
#02222,=#01422
#02223,=#01423
#02224,=#01424
#02225,=#01426
#02226,=#01427
#02227,=#01428
#02228,=#01429
#02229,=#01430
#02230,=#01431
#02231,=#01432
#02232,=#01433
#02233,=#01434
#02234,=#01435
#02235,=#01436
#02236,=#01437
#02237,=#01438
#02238,=#01439
#02239,=#01440
#02240,=#01441
#02241,=#01442
#02242,=#01443
#02243,=#01444
#02244,=#01445
#02245,=#01448
#02246,=#01449
#02247,=#01450
#02248,=#01451
#02249,=#01452
#02250,=#01453
#02251,=#01454
#02252,=#01455
#02253,=#01456
#02254,=#01457
#02255,=#01458
#02256,=#01459
#02257,=#01460
#02258,=#01461
#02259,=#01462
#02260,=#01463
#02261,=#01464
#02262,=#01465
#02263,=#01466
#02264,=#01467
#02265,=#01468
#02266,=#01469
#02267,=#01470
#02268,=#01471
#02269,=#01472
#02270,=#01536
#02271,=#01538
#02272,=#01543
#02273,=#01561
#02274,=#01046
#02275,=#01562
#02276,=#01047
#02277,=#01476
#02278,=#01048
#02279,=#01477
#02280,=#01049
#02281,=#01478
#02282,=#01050
#02283,=#01479
#02284,=#01051
#02285,=#01501
#02286,=#01502
#02287,=#01503
#02288,=#01504
#02289,=#01505
#02290,=#01506
#02291,=#01507
#02292,=#01508
#02293,=#01509
#02294,=#01510
#02295,=#01511
#02296,=#01512
#02297,=#01513
#02298,=#01514
#02299,=#01515
#02300,=#01516
#02301,=#01517
#02302,=#01518
#02303,=#01519
#02304,=#01520
#02305,=#01521
#02306,=#01522
#02307,=#01523
#02308,=#01524
#02309,=#01525
#02310,=#01526
#02311,=#01527
#02312,=#01528
#02313,=#01529
#02314,=#01071
#02315,=#01531
#02316,=#01532
#02317,=#01533
#02318,=#01563
#02319,=#01564
#02320,=#01573
#02321,=#01566
#02322,=#01567
#02323,=#01568
#02324,=#00931
#02325,=#01052
#02326,=#00937
#02327,=#01053
#02328,=#00943
#02329,=#01054
#02330,=#00948
#02331,=#01055
#02332,=#00969
#02333,=#01056
#02334,=#00972
#02335,=#01057
#02336,=#00975
#02337,=#01058
#02338,=#00978
#02339,=#01059
#02340,=#00981
#02341,=#01060
#02342,=#00984
#02343,=#01061
#02344,=#00987
#02345,=#01062
#02346,=#00990
#02347,=#00993
#02348,=#00996
#02349,=#00999
#02350,=#01002
#02351,=#01005
#02352,=#01008
#02353,=#01031
#02354,=#01040
#02355,=#01034
#02356,=#01035
#02357,=#01036
#02358,=#01037
#02359,=#01603
#02360,=#01594
#02361,=#01606
#02362,=#01604
#02363,=#00001
#02364,普通攻击
#02365,弓箭攻击
#02366,枪炮攻击
#02367,暴击
#02368,弓箭乱射
#02369,装备弓箭时发动乱射
#02370,炎魔法<0>
#02372,进行魔法攻击
#02377,冰魔法<0>
#02378,雷魔法<0>
#02379,半反射
#02380,反射对手一半的攻击
#02381,完全反射
#02382,将对手的攻击全部反射
#02383,<0>连击
#02384,一次攻击连续击打<0>次
#02385,反击攻击
#02386,对方攻击时立即进行反击
#02387,格挡
#02388,减轻对手的攻击伤害
#02389,完全闪避
#02390,发动时可巧妙闪避攻击
#02391,闪避强化
#02392,短时间内提升闪避率
#02393,暴击强化
#02394,短时间内提升暴击率
#02395,直线攻击<0>
#02396,攻击 <0>列直线
#02397,范围攻击<0>
#02398,攻击周围的 <0>列敌人
#02399,多弹头箭矢
#02400,装备弓箭时进行范围攻击
#02401,<0>回复
#02402,=#01954
#02403,生命回复<0>%
#02404,中
#02405,大
#02406,复活<0>%
#02407,可以从重伤状态以<0>%的生命复活
#02408,农活
#02409,可以灵活运用农田等
#02410,施工作业
#02411,建造时可以无视施工人数
#02412,偷窃
#02413,攻击时偶尔会出现宝箱
#02414,烹饪
#02415,可以在饭馆等设施中制作道具
#02416,搬运
#02417,可以在城市间运送资源
#02418,研究
#02419,可以进行研究
#02420,研究<0>
#02421,研究时间减少 <0>%
#02422,奶农
#02423,可以捕捉动物，运用牧场
#02424,宝箱解析
#02425,可以取出城中宝箱里的物品
#02426,制作
#02427,可以在工坊中制作卖给游客的商品
#02428,制作<0>
#02429,工坊中的制作时间减少 <0> %
#02430,立即完成<0>
#02431,建造
#02432,建造时可以立即完成
#02433,工坊
#02434,工坊活动可以立即完成
#02435,瞬间移动
#02436,偶尔会瞬间移动
#02437,除草
#02438,可以立即完成自然开采工作
#02439,可以立即完成宝箱解析工作
#02440,移动速度提升
#02441,提升步行速度
#02442,全力冲刺
#02443,时刻保持冲刺状态
#02444,矿山
#02445,可以在矿山活动
#02446,派遣范围扩大<0>
#02447,稍稍扩大派遣范围
#02448,大幅扩大派遣范围
#02449,云攻击扩大
#02450,扩大消除阴云时的范围
#02451,经验值提升<0>
#02452,稍稍提升战斗经验值
#02453,提升战斗经验值
#02454,大幅提升战斗经验值
#02455,派遣费用减少<0>
#02456,稍稍减少派遣所需能量
#02457,大幅减少派遣所需能量
#02458,<0>自动回复
#02459,生命
#02460,行走时定期<0>
#02461,回复生命
#02462,魔力
#02463,回复魔力
#02464,活力
#02465,回复活力
#02466,设施<0>回复强化
#02467,使用设施时的生命回复量增加
#02468,使用设施时的活力回复量增加
#02469,使用设施时的魔力回复量增加
#02470,毅力
#02471,重伤时消耗自身魔力复活
#02472,克服<0>系武器
#02473,剑
#02474,克服<0>系装备弱项
#02475,杖
#02476,=#00345
#02477,矛
#02478,锤
#02479,棒
#02480,枪
#02481,弓
#02482,书
#02483,克服盾装备
#02484,盾
#02485,隐身
#02486,扫除阴云时不会出现敌人
#02487,敏锐直觉
#02488,挖掘地面时不会出现敌人
#02489,退怯
#02490,捡拾物品时不会战斗
#02491,好战
#02492,派遣时不会捡拾物品
#02493,看家
#02494,速去速回
#02495,在派遣范围巡视1周后返回
#02496,热爱散步
#02497,热爱自然
#02498,热爱远征
#02499,专心辅助
#02500,敌人袭击时不会战斗
#02501,整地活动
#02502,活动时专注于收集领土内的资源
#02503,热爱农田
#02504,细心周到
#02505,头阵
#02506,首领战时会站在最前列
#02507,勇猛果敢
#02508,首领战时会站在靠前的位置
#02509,后方支援
#02510,首领战时会站在后方
#02511,暴击强化改
#02512,热爱制作<0>
#02513,延长在工坊的活动时间
#02514,大幅延长在工坊的活动时间
#02515,破防<0>
#02516,使对方的防御暂时下降<0>%
#02517,催眠咒<0>
#02518,使对方暂时陷入沉睡状态
#02519,技能
#02520,游击<0>
#02521,在城市周围<0>格的范围内自由活动
#02522,美术<0>
#02523,可以在艺术工坊中进行制作
#02524,稍稍减少艺术工坊中的制作时间
#02525,减少艺术工坊中的制作时间
#02526,大幅减少艺术工坊中的制作时间
#02527,极度减少艺术工坊中的制作时间
#02528,捕捉动物
#02529,可以捕捉野生动物
#02530,健谈<0>
#02531,较容易与同居者变得亲密
#02532,容易与同居者变得亲密
#02533,非常容易与同居者变得亲密
#02534,谢谢参与
#02535,小奖
#02536,中奖
#02537,大奖
#02538,历代
#02539,每周
#02540,支援
#02541,自动
#02542,全部
#02543,内容
#02544,预想
#02545,全员返回
#02546,排序
#02547,修复
#02548,重置
#02549,确定
#02550,结束
#02551,返回
#02552,是
#02553,否
#02554,确认
#02555,保存
#02556,菜单
#02557,自己
#02558,前
#02559,网站
#02560,阶层
#02561,密码
#02562,改名
#02563,旋转
#02564,移除
#02565,切换
#02566,中止
#02567,继续
#02568,关闭
#02569,履历
#02570,追踪
#02574,挑战剑士开罗君（初级）
#02575,打倒我，获得宝物吧
#02576,挑战剑士开罗君（中级）
#02577,挑战剑士开罗君（高级）
#02578,挑战剑士开罗君（超级）
#02579,挑战魔导士开罗君（初级）
#02580,挑战魔导士开罗君（中级）
#02581,挑战魔导士开罗君（高级）
#02582,挑战魔导士开罗君（超级）
#02583,挑战度假开罗君（初级）
#02584,挑战度假开罗君（中级）
#02585,挑战度假开罗君（高级）
#02586,挑战度假开罗君（超级）
#02587,挑战开罗司令（初级）
#02588,挑战开罗司令（中级）
#02589,挑战开罗司令（高级）
#02590,挑战开罗司令（超级）
#02591,突击！ 游击歪罗迷宫
#02592,哼哼，来得好
#02593,逆袭的战士歪罗君
#02594,战栗的魔王歪罗君
#02595,决战！歪罗坦克
#02596,调查 <0>高级仓库设计图的传闻
#02603,=#00001
#02604,调查 宝物高级仓库设计图的传闻
#02605,调查 道具高级仓库设计图的传闻
#02606,调查 蛋类高级仓库设计图的传闻
#02607,调查 领土填埋设计图的传闻
#02608,调查 混沌之岩的传闻
#02609,调查 寻找<0>资源
#02610,调查 寻找大量<0>资源
#02611,调查 寻找水果 <0>
#02612,初级
#02613,中级
#02614,高级
#02615,超高级
#02616,调查 寻找药材 <0>
#02617,调查 寻找蔬菜 <0>
#02618,调查 寻找海产 <0>
#02619,调查 寻找工具 <0>
#02620,调查 寻找装备本源 <0>
#02621,调查 寻找铜币 <0>
#02622,调查 寻找开罗系列<0>
#02628,调查 未使用
#02629,调查 附带店员收银机的传闻
#02630,调查 驯龙方法的传闻
#02631,调查 技能书籍的传闻<0>
#02634,调查 智者的传闻
#02635,初次见面。<br>我叫丸浜川羊，<br>前来协助您建国。
,在从先王那里继承的……<br>这个王国中，与国民齐心协力，<br>努力建设世界驰名的出色王国吧！
,话虽如此……<br>但这里现在还是一无所有的荒地呢。
,首先……<br>来建造城市的中心<br>“市政厅”吧。
#02636,=#00001
#02637,初次见面。<br>我是在这附近对王国很熟悉的同行人员。
,我听说有一位勇敢的猛士<br>在这片被魔物破坏的土地上崛起了，今天便特来拜访。
,原来如此，很有潜质呢……<br>我看你的面相，<br>应该可以改变未来。<br>我能看得出，真的。
,为促进两国的友谊，<br>我把这不小心多出来的能量<br>分给你吧。
#02638,你好。<br>因为民间相传这王国的级别<br>已经升到了5级，
,所以我视察的时候顺便来拜访。<br>光是看上去……就感觉已经变得雄伟了呢，真是前途无量啊。
,我的王国级别……似乎快被追上了呢。我得跟部下拉尔夫商讨一个对策了。
,哎呀，差点忘了。<br>我这次也有能量分给你。<br>希望你能妥善利用。
#02639,你好，<br>好久不见。
,上次回去后，<br>我就努力提升王国级别，<br>以免被赶上，前些天终于
,第一次达到了7级！<br>我想接下来应该暂时能与你保持差距，<br>所以今日特地前来炫耀。
,……哎？<br>7级……？<br>咦？已经……追上了？
,……我想立即回去<br>取消庆祝会。<br>老样子，这是礼物……
#02640,好久不见。<br>我听说了<br>你越来越活跃的表现。
,即便我耳朵里塞着耳机<br>也完全能听清楚。<br>哎呀，真是了不起。
,那么，这次也为你带了<br>能量来……<br>请好好使用。
#02641,你好，<br>好久不见。
,多亏贵国努力奋斗，就连我们这个邻国的怪物数量也减少了，安全系数提高了不少！
,然后我一下子闲得要死，<br>最近正跟着电视学习不会被喷的社交网使用方法。
,为了我们今后的安稳，<br>希望你今后也一定要继续奋斗。<br>好了，这次也分你一些<br>多余的能量吧……
#02642,好久不见。<br>我通过箭书中得知了<br>你们的活跃表现。
,前几日飞来的箭书<br>差点刺中我的头，<br>还好那部分是磁盘接口。
,最近的箭书<br>会绑着磁盘飞过来呢。<br>这一切都归功于<br>你出色地推进着王国的经营。
,为了世界文明的发展，<br>希望你今后也一定要继续奋斗。<br>好了，这次也分你一些<br>多余的能量吧……
#02643,你好，<br>好久不见。
,多亏你的王国，<br>我现在能每天悠闲地待在家里了。<br>都不记得多少年没出来走动了……
,为了我的家里蹲生活，<br>希望你今后也一定要继续奋斗。<br>好了，这次也分你一些<br>多余的能量吧……
#02644,你好！<br>这里如同异次元般的级别<br>让我们举国上下都惊叹不已。
,我身为邻国<br>真的非常放心。
,我会继续期待你今后的活跃表现。<br>那么这次也分你一些能量……
#02645,好了，<br>让我们在不久的将来再见吧。
#02646,似乎没有<br><0>。
#02647,无法装备<br><0>。
#02648,<0><br>……已经装备了呢。
#02649,因为仓库的建成，<br>城中的资源容量增加了。
#02650,<pic=money>似乎不足。
#02651,<pic=grass>似乎不足。
#02652,<pic=wood>似乎不足。
#02653,<pic=food>似乎不足。
#02654,<pic=iron>似乎不足。
#02655,<pic=magic>似乎不足。
#02656,目前似乎没有<br>可以领取的报酬。
#02657,与<0><br>告别了。
,似乎归还了<br>装备和技能。
#02658,现在……<br>似乎无法告别。
,请在居民空闲的状态下，<br>于稍后再次尝试。
#02659,会导致<br>王国无人管理。
#02660,似乎尚未发现。
#02661,<pic=stamina>似乎不足。
#02662,根据当前的城市级别……<br>无法继续添加。<br>仓库数已达上限。
#02663,道具似乎不足。
#02664,似乎没有雇佣的权利。
#02665,终、终于……<br>为所有区域<br>恢复了和平……
,完全夺回了<br>昔日的王国！
,全体国民都很高兴呢！<br>恭喜！
#02666,哎呀！<br>似乎交了不少朋友呢。
,香蕉王国<br>送来了贺礼哦。
#02667,好友的增加<br>也有利于讨伐，<br>所以请与好友一起享受游戏吧。
,那么告辞。
#02668,哎呀！<br>这座岛上似乎还有<br>未开垦的土地！
#02669,在建造菜单中<br>搭建市政厅吧。<br>请在领土内选择任意场所。
#02670,城市的范围定好了呢。
,今后让城市中充满住宅和仓库，<br>一步一步打造先王那时的……<br>雄伟王国吧！
,接下来……请建造“土地”，<br>让城市恢复活力吧！
#02671,这次就先选国王的土地，<br>来建造国王房间吧。
#02672,哎呀，我忘记为城市<br>募集居民了。
,以当前的级别，似乎最多可以<br>添加3名居民。<br>请选择市政厅吧。
#02673,我也会为派遣<br>好好祈祷的。
,对周围覆盖的阴云派遣人手，<br>似乎能让世界不断扩大哦。
,对了，<br>我手里有先王的秘密道具，<br>先交给您吧。
,您可以在任何时间<br>通过“长按”来快进。
#02674,想去城外的话，<br>就需要通过外墙呢。
,感觉……有入口<br>会比较方便。
,我们现在<br>就来布置吧！
#02675,布置好了呢！<br>那么，把人手派遣出去探宝吧。
,……或许还能找到<br>扫除周围阴云的方法！
,那么，请选择派遣吧。
#02676,我觉得我们需要仓库<br>来储存今后增加的各类物品。
,在市政厅附近<br>建造2间仓库吧。
#02677,为了储存更多<pic=grass>，<br>请建造新的仓库吧。
#02678,为了储存更多<pic=food>，<br>请建造新的仓库吧。
#02679,为了储存更多<pic=wood>，<br>请建造新的仓库吧。
#02680,为了储存更多<pic=iron>，<br>请建造新的仓库吧。
#02681,为了储存更多<pic=magic>，<br>请建造新的仓库吧。
#02682,派遣和讨伐需要<pic=stamina>呢。
,虽然每隔一段时间能在市政厅获得一些……
,但似乎还是需要<br>更专业的设施呢。
,我回想着先王那时的能量设施，<br>画好了设计图，请您多加利用。
#02683,看来似乎应该稍微更改一下派遣目的地。
,我觉得那些布满阴云的地方<br>会有助于王国的发展。
#02684,来建造……<br>用于研究的设施吧！
,建造完成后<br>记得为研究设施指定负责人。
#02685,研究非常重要，能使用各类资源来寻找有助于建国的物品！
,研究所也已经建成了，<br>马上前进吧！
#02686,得到了令人在意的宝物呢！
,不过……现在还没打开，<br>不知道里面有什么呢。
,镇民拥有打开宝箱的技术，为他准备开箱的场地吧！
,似乎建在仓库附近会比较好。
#02687,正式开始建国了呢，<br>今后也要仔细谨慎哦。
#02688,城外出现了洞窟呢！
,放着不管的话，<br>魔物就会越来越多……<br>准备完成后，就派人前去讨伐吧！
,请点击洞窟吧。
#02689,似乎发现了<br>散布阴云的首领！
,为了夺回世界，<br>准备完成后<br>就派人前去讨伐吧！
,请点击首领吧。<br><br>……啊，在那之前，<br>我先把这个交给您。
#02690,首领战开始后，<br>遇到危机时记得使用哦！
#02691,发现了<br>可以强化伙伴的道具呢！
,这就在伙伴身上用用看吧！
#02692,在居民列表选择伙伴后，<br>会出现装备菜单哦。
,向进行战斗的伙伴<br>授予武器和防具吧。
#02693,依靠派遣伙伴的力量，<br>顺利积攒了级别点数呢！
,立即<br>选择市政厅，<br>提升王国级别吧！
#02694,我听说<pic=grass>可以定期<br>从农田中获得。<br>这就研究看看吧！
#02695,另外，我在家里的柜子里<br>发现了道具，请您收下。
#02696,我听说<pic=wood>可以定期<br>从造林所获得。<br>这就研究看看吧！
#02697,竟然获得了<br>新的市政厅呢。
,毕竟安全的土地已经<br>扩大了不少……就在开阔的地方<br>建造新的城市吧！
#02698,有马棚的话，<br>在派遣时可以提升<br>1个人的移动速度哦。
,将它建造在派遣时需要通过的<br>出入口附近，似乎会就能发挥效果了。
#02699,在港口可以邀请<br>邻国的船只。
,会有商人、冒险者前来造访……<br>但如果不认路的话，<br>可能会无法到达。
,所以就在连接城市出入口的<br>道路上布置招牌吧！
#02700,布置时请注意范围，<br>要让它们能连起来哦。
,对了，顺便一提，<br>邻国送来了贺礼，请收下。
#02701,将招牌<br>一直布置到入口后，
,就选择港口，邀请船只前来吧。<br>如果城里有商店的话，<br>就能增加收入哦！
#02702,新的房间类型<br>似乎能供同居者一起居住。
,机会难得，<br>请摆放专用床铺，设置伙伴吧！
#02703,虽然每种职业<br>都各自装备了技能……
,学会新技能时，<br>别忘记选择伙伴，<br>通过“装备技能”来授予技能。
,有些技能似乎能在<br>战斗中或城里提供帮助。<br>请尝试各种搭配吧。
#02704,城市受到攻击，<br>设施似乎被破坏了呢。
,我有听说过传闻……<br>怪物有时似乎会在满月之夜<br>进入城市。
,我把可以叫醒睡梦中的居民，<br>或是唤回派遣中伙伴的道具<br>交给您吧。
,请在受到大量怪物攻击时<br>多加利用。
#02705,有伙伴<br>在战斗中受伤了呢……
,似乎需要回复设施。<br>我们立即建造吧！
#02706,城市越来越繁荣了呢。
,我猜……<br>今后与我们针锋相对的怪物们<br>也会越来越强。
,也请选择已建造的各类设施，<br>考虑对它们进行<br>升级。
#02707,研究似乎需要某个<br>重要的“职业”呢。
,我把认识的人介绍给您，<br>希望您能予以雇佣。
#02708,为了寻找新的伙伴……<br>不如接受介绍吧？
,让中介来介绍希望搬迁到<br>新城市里的居民和冒险者吧！
#02709,看着与先王的纪念相片，<br>我想起城里以前<br>好像有一口水井。
,来研究吧！
#02710,看着与先王的珍贵相册，<br>我想起城里以前<br>好像有炉灶。
,来研究吧！
#02711,看着先王送的自拍照，<br>我想起城里以前<br>好像有休憩处。
,来研究吧！
#02712,看着先王画的风景画，<br>我想起城里以前<br>好像有长椅。
,来研究吧！
#02713,终于建成了……<br>期待的第2个城市呢！
,昨天我们举国欢庆，<br>度过了十分快乐的时光。
,未开垦的地区就在附近，<br>感觉它能成为管理土地的<br>强大基地呢！
,我想今后的发展<br>会需要更多各种各样的资源，
,虽然微不足道，<br>但也请收下我为这一天<br>准备的礼物吧。
#02714,一起打造<br>美丽的城市吧！
#02715,说起来，城市间<br>似乎可以进行物资交易。
,将此设施建在两个城市中，<br>并选择想要运送的物资吧。
#02716,我把先王赐给我的<br>特别道具给您吧。
,可以让工程瞬间完成哦！
#02717,请拿着此道具，<br>选择房内的各个地方。
#02718,出现了提升级别所需的<br>素材呢。
,今后也通过派遣来收集宝物，<br>努力提升级别吧！
,对了，<br>因为我刚才坐的椅子坏了，<br>请使用这些材料吧。
#02719,我在和先王朋友聊天时发现，<br>城里以前好像<br>铺设有田间小道。
,来研究吧！
#02720,为了增加安全的土地……<br>努力清除笼罩在城市周围的阴云吧！
,为此，可能更改一下<br>派遣的地点<br>会比较好呢。
,在派遣中重新选择<br>地点吧！
#02721,道具仓库在各方面都很重要呢。<br>为了今后的发展，建议赶快通过研究来获得它！
,这就开始研究吧！
#02722,宝物库装满后……<br>就会浪费难得到手的宝物呢。
,为了今后的发展，还是赶快通过研究<br>来获得它吧！
#02723,哎呀！<br>得到了令人欣喜的铜币呢！
,铜币偶尔能在宝物中发现……
,但主要来源是<br>坐船来的游客哦。
,虽然也能在道具仓库中<br>临时保管……不过另外<br>还有专用的存款箱，赶快设置吧！
#02724,噢！！<br>终于获得银币了呢！
,据说它的价值<br>是铜币的好几倍。
,因为它很珍贵，<br>所以赶快添置专用的存款箱吧！
#02725,噢————！！<br>居然获得了金币！<br>我还是头一次见到……
,据说它的价值<br>是银币的好几倍……<br>我还是头一次见到……
,因为它很珍贵，<br>所以赶快添置专用的存款箱吧！<br>我还是头一次见到……
#02726,虽然生产<pic=food>的设施<br>很少……
,但增加奶农之后，就可以建造牧场，发挥出实力了。
,在城市里建造牧场吧！
#02727,<pic=food>似乎所剩无几呢。
,对结着果实的树木派遣人手<br>或许能比较容易获得哦。
,希望将来能招纳奶农，<br>经营牧场呢。<br>这次请收下这些物资。
#02728,<pic=iron>似乎所剩无几呢。
,对有岩石的地方派遣人手<br>或许能比较容易获得哦。
,希望将来能在附近<br>搭建矿山……不过据说很难发现。
,这次就请收下<br>这些物资吧。
#02729,<pic=magic>似乎所剩无几呢。
,对岩石发出红光的地方<br>派遣人手<br>或许能比较容易获得哦。
,希望将来能搭建<br>魔石矿山……不过据说很难发现。
,这次就请收下<br>这些物资吧。
#02730,虽然牧场建成了，<br>但看不到动物呢……
,接下来，在城外放置<br>吸引动物的饲料吧！
#02731,怪物<br>掉下了蛋呢！
,这……或许是<br>让怪物成为伙伴的机会！
,先在城市里建造<br>可以安置它的仓库吧！
#02732,这就开始努力<br>孵蛋吧！
,一共有2种设施……<br>分为室内饲养和室外饲养。
,先研究<br>您喜欢的种类吧！
#02733,在商店中……可以制作商品，<br>把它们摆放在货架上。
,制作商品会受到货架数的限制，<br>因此可能需要扩充店内规模。
,这就布置货架，<br>准备陈列商品吧。
#02734,得到了<br>可以开采<pic=iron>的设施呢！
,建造后……<br>需要负责运营的伙伴<br>拥有相应“技能”。
,请将此技能<br>交给负责人吧。
#02735,得到了<br>可以开采<pic=magic>的设施呢！
,建造后……<br>需要负责运营的伙伴<br>拥有相应“技能”。
,请将此技能<br>交给负责人吧。
#02736,好友增加了呢！
,好友还能在讨伐时帮忙……<br>可谓是帮助建国的强大援军。
,另外，<br>在城里添置特别床铺后，<br>就可以让他们暂时留宿在此哦。
,立即研究吧。
#02737,将刚才得到的<br>荒地路牌布置在城市周边，<br>就会开始发挥效果。
,只要布置在荒地附近，<br>居民们就会<br>前去修补哦。
,请布置在城外吧。
#02738,将刚才得到的<br>远征小屋布置在城市周边，<br>就会开始发挥效果。
,只要布置在自然附近，<br>居民们就会<br>前去收获哦。
,请布置在城外吧。
#02739,使用刚才得到的<br>育苗场时，偶尔会……
,获得能用于农田的种子哦。
,请布置在家中吧。
#02740,使用刚才得到的<br>工具精制所时，偶尔会……
,获得木板等<br>建材、工具哦。
,请布置在家中吧。
#02741,使用刚才得到的<br>矿石精制所时，偶尔会……
,获得矿石等<br>建材、工具哦。
,请布置在家中吧。
#02742,使用刚才得到的<br>烹饪台时，偶尔会……<br>获得料理哦。
,如果有饭馆的话，或许能发现更多种类的料理。
,请布置在家中吧。
#02743,记得要把刚才得到的<br>魔物雕像布置在<br>城里哦。
,它的作用是吸引前来袭击的敌人。
,尽量把它布置在<br>远离仓库等重要设施的地方吧。
#02744,记得要把刚才得到的<br>驱魔摆设 宝珠<br>布置在城里哦。
,它的作用是吸引前来袭击的敌人。
,尽量把它布置在<br>远离仓库等重要设施的地方吧。
#02745,记得要把刚才得到的<br>驱魔摆设 剑<br>布置在城里哦。
,它的作用是吸引前来袭击的敌人。
,尽量把它布置在<br>远离仓库等重要设施的地方吧。
#02746,记得要把刚才得到的<br>驱魔摆设 石碑<br>布置在城里哦。
,它的作用是吸引前来袭击的敌人。
,尽量把它布置在<br>远离仓库等重要设施的地方吧。
#02747,如果城里居住着<br>多名拥有同样职业的居民，<br>有时能让生活更舒适呢。
,我再把认识的人介绍给您吧。
#02748,如果重视战斗，<br>就收集擅长战斗的<br>职业吧！
#02749,武器店建成了呢！<br>请您好好活用！
#02750,防具店建成了呢！<br>请您好好活用！
#02751,道具店建成了呢！<br>请您好好活用！
#02752,家具店建成了呢！<br>请您好好活用！
#02753,技能店建成了呢！<br>请您好好活用！
#02754,旅馆建成了呢！<br>等有观光游船靠港后，<br>似乎就能派上用场了！
,请您好好活用！
#02755,饭馆建成了呢！<br>请您好好活用！
#02756,饰品店建成了呢！<br>请您好好活用！
#02757,回复所建成了呢！<br>请您好好活用！
#02758,解析所建成了呢！<br>请您好好活用！
#02759,研究所建成了呢！<br>请您好好活用！
#02760,医院建成了呢！<br>请您好好活用！
#02761,教堂建成了呢！<br>请您好好活用！
#02762,日期更新了。<br>今天是建国开始第 <0>天呢。
#02763,昨天登记的战斗点数<br>出结果了哦！<br>会是第几名呢……我们来看看吧！
#02764,登录的战斗点数的报酬已超过领取期限。
,请记得在登录的第二天……<br>进行确认哦。
#02765,哦，似乎成功完成了<br>挑战的任务！
#02766,昨天挑战的任务<br>已经截止……
,重新挑战<br>今日的任务吧！
#02767,如果想要成为师父，<br>似乎需要提高某方面的能力。
,将等级升至“5级”以上吧。
#02768,这分享的英姿好帅气！<br>请收下奖励吧。
#02769,这分享的英姿好帅气！<br>我都惊呆啦。
#02770,感谢您的评论。<br>我会将其用于<br>我国今后的发展。
#02771,目前似乎无法使用<br>该道具。
#02772,似乎无法装备多个<br>与该技能相同种类的技能。
#02773,呵呵，你好。<br>我听说有国王正在认真地经营王国，因此前来拜访。
,我学会了扩大领域的魔法，<br>所以想使用看看。
,昨天练习时毁坏了3座城市，但今天应该可以一气呵成，嗯，各种意义上。<br>那么……咳咳。
,咿呀————！！！！！！
#02774,呵呵，你好。<br>我听说有国王正在真挚地经营王国，因此前来拜访。
,我学会了扩大领域的魔法，<br>所以想使用看看。
,昨天把旁边的黄色机器人炸上了遥远的太空，但感觉今天应该能行，嗯，各种意义上。那么……咳。
,咿呀————！！！！！！
#02775,呵呵，你好。<br>我听说有国王正在出色地经营王国，因此前来拜访。
,我学会了扩大领域的魔法，<br>所以想使用看看。
,虽然我才刚刚学会，只对朋友用过，但今天就特别为你们施展一次好了！<br>那么，咳咳。
,咿呀————！！！！！！
#02776,呵呵，你好。<br>我听说有国王正在拼命地经营王国，因此前来拜访。
,我学会了扩大领域的魔法，<br>所以想使用看看。
,昨天刚想尝试的时候，发现附近有一折限时大甩卖，结果买了许多衣服。<br>所以我要动真格了！！
,那么……
,咿呀————！！！！！！
#02777,呵呵，你好。<br>我听说有国王正在专心地经营王国，因此前来拜访。
,我学会了扩大领域的魔法，<br>所以想使用看看。
,昨天练习时好像把神秘恐怖的大魔王唤醒了，但我觉得应该是错觉，今天也要挑战！那么，咳咳。
,咿呀————！！！！！！
#02778,呵呵，你好。<br>我听说有国王正在健全地经营王国，因此前来拜访。
,我学会了扩大领域的魔法，<br>所以想使用看看。
,虽然昨天练习时发生了各种灾害，但我认为与我的魔法无关，大概。那么……咳咳。
,嗨呀——————！！！！！！
#02779,呵呵，你好。<br>我听说有国王正在华丽地经营王国，因此前来拜访。
,我学会了扩大领域的魔法，<br>所以想使用看看。
,虽然昨天练习时让附近的大陆沉入了大海，但感觉今天一定能顺利，真的。<br>那么……咳咳。
,嗨呀哈——————！！！！！！
#02780,呵呵，成功了呢。<br>那么再会了。
#02781,咦，收到了每5级<br>统计一次的王国纪录。
,究竟获得了<br>多高的分数呢……
#02782,似乎不是<br>可以装备该技能的职业。
#02783,哎呀，那个装备<br>似乎是女性专用的哦。
#02784,如果想移除此设施，<br>请先……移除范围内的<br>其他设施。
#02785,哎呀！<br>似乎还发现了某些东西！
#02786,好棒啊！<br>这下就能建造新的城市了呢。
,立即在开阔的地方<br>建造市政厅吧！
#02787,将道具拖拽到<br>这个加锁键上……
,道具就会被锁定，<br>就不会用错<br>道具了哦！
,想要解锁时，<br>请再次拖拽道具哦。
#02788,噢，<br>您愿意在商店里填写评论吗！
,非常感谢。<br>填写完毕后，<br>请返回游戏哦。
,那么路上请小心。
#02789,咦……<br>城里完全没有<br>镇民了呢……
,如果城里没有至少留下1个镇民，<br>就会无法打开<br>宝箱呢。
,经我认识的人的介绍<br>来了新人，<br>请雇佣看看吧。
#02790,话是这么说，<br>解析宝物也能通过技能做到，<br>所以可以选择让某个人装备技能呢。
,那么，<br>来雇佣镇民吧。
#02791,目前正在工作，<br>似乎无法移除技能。
#02792,这是民众居住的地方。<br>根据城市所需的数量来建造吧。
#02793,市政厅对城市来说<br>是实用的重要设施，能雇佣居民，<br>或把其一部分当作仓库使用。
,受到敌人攻打时，<br>也要着重防守此处。<br>为了提高城市功能，<br>请努力提升级别吧。
,啊，不小心说得太快了……
,现在您只要明白<br>这个设施很重要就行了。
#02794,这是居民们在派遣时经过的大门。<br>据说建造经常有人通行的地方会比较好。
#02795,城市范围扩大了。<br>这是扩大领土的特殊设施。
#02796,城市范围扩大了。<br>这是扩大领土的特殊设施。
,另外，指定人员负责后，<br>在敌人攻打时可以更容易防守哦。
#02797,可以把收集到的道具<br>存放在这里。
,可以将每个城市保管的物品<br>用于该城市的伙伴身上。
,真想飞速收集<br>大量道具呢！
#02798,可以把收集到的能量<br>存放在这里。
,储存的能量越多，<br>就能完成更多派遣和讨伐。
,我们继续<br>完善收集能量的<br>基础设施吧。
#02799,可以把收集到的宝箱<br>存放在这里。
,然后让镇民来打开它们。
#02800,水流让城里<br>变得很有气氛呢。
#02801,在这里可以定期<br>收获<pic=grass>。
,不过需要道具“农田种子”，<br>所以请努力收集吧。
#02802,在这里可以定期<br>收获<pic=wood>。
,不过需要道具“树木种子”，<br>所以请努力收集吧。
#02803,在这里可以定期<br>收获<pic=food>。
,不过需要先在城外<br>捕捉动物。
,让奶农去捕捉动物吧。
#02804,在这里可以定期<br>收获<pic=iron>。
,不过需要……<br>运输者的技能。
,请对拥有技能的伙伴<br>设置职务吧。
#02805,在这里可以定期<br>收获<pic=magic>。
,不过需要……<br>运输者的技能。
,请对拥有技能的伙伴<br>设置职务吧。
#02806,这是可以每过一段时间<br>收获能量的设施。<br>关闭游戏后似乎也会继续积蓄能量。
,建造多个此类设施后，<br>就不必担心派遣或讨伐时会能量不足，<br>能更加顺利地建国呢。
#02807,使用水井时，<br>会回复少量生命与活力。
,只要将它布置在城内，<br>受伤的伙伴们应该就会来使用哦。
#02808,游客会跟着招牌<br>前来造访。
,妥善布置，将游客<br>领到城市入口吧。
,另外，在城里也可以布置招牌，<br>让游客光顾商店。
#02809,有居民空闲时，<br>就会通过这个设施<br>去慢慢修复周围的荒地。
,把它建在荒地多的地方<br>会更加有效。
,荒地恢复需要时间，<br>请耐心等待吧。
#02810,派遣时，伙伴可以<br>通过此设施骑马，进行快速移动。
,因为只能为1人提供1匹马，<br>所以建议尽量<br>多多建造马棚。
#02811,有了这个设施，就可以在城市间<br>运输资源了哦。
,请再次选择设施……<br>来决定想要运输的资源。
#02812,这是供镇民打开宝箱的<br>设施。
,镇民一收到宝箱就会开始行动，还请稍等片刻。
#02813,这是供受伤的伙伴睡眠，<br>从而进行回复的设施。
,每个城市都至少需要一幢呢。
#02814,可以在此设施中研究……<br>但目前尚未设置研究员。
,请再次选择室外研究所，<br>并设置研究家吧。
#02815,希望居民们<br>能来使用呢！
#02816,希望居民们<br>能来使用呢！
,饭馆做出新的料理后，<br>或许也能在这里制作哦！
#02817,这是<br>敌人袭击时……容易受到攻击的<br>设施。
,如果想让仓库等重要设施在敌人袭击时避免受到攻击，就事先建造此类设施吧。
#02818,花坛让城市<br>更热闹了呢。<br>这让我想起了以前。
#02819,可以通过灌木<br>来感受自然，我很高兴。
#02820,完美的城市<br>还是需要树木呢。
,我们继续<br>打造出色的城市吧。
#02821,似乎对伤员的疗养<br>会很有帮助呢。
,我也想找机会<br>去泡泡看。
#02822,好期待……<br>会吸引什么样的动物呢。
,根据布置的地形不同，结果可能会略有不同。
,动物出现后，待机的奶农<br>就会自行前去捕捉。<br>让我们稍微等等吧。
#02823,有居民空闲时，<br>就会通过这个设施<br>去周围的自然环境中寻找宝物。
,把它建在自然资源丰富的地方<br>会更加有效。
,居民路上需要时间，<br>请耐心等待吧。
#02824,这个资源放置场<br>是制作商品时的必备设施。
,可以定期调取资源，<br>帮助商店制作商品。
#02825,在每天结束时使用，<br>可以回复生命与活力。
#02826,可以让伙伴<br>居住在与家主不同的房间。
,请再次选择，<br>决定居住的伙伴吧。
#02827,游客从船上过来后，<br>会在这里支付铜币。
,努力收集资源，<br>活用商店吧。
#02828,商店会制作商品……<br>然后将其摆放在货架上。
,等到所有商品售罄时<br>就会自动补充商品。<br>希望能够吸引游客呢。
,我还听说<br>工坊的等级提升后，<br>会发现新的商品哦。
#02829,这种家具似乎可以治疗<br>使用的居民的伤口呢。
#02830,在这里，<br>国王可以偶尔炫耀一下，<br>或是与游客聊天。
,是供国王休息的<br>最佳场所呢。
#02831,在房里也可以研究了。<br>期待研究员的表现吧。
#02832,这是能帮助回复的设施。<br>可以对受伤的伙伴进行<br>强力回复哦。
#02833,这里生产饰品。
,通过提升设施等级<br>或是提升负责人的头脑，<br>似乎可以创造出新的商品。
#02834,这里生产食物。
,通过提升设施等级<br>或是提升负责人的头脑，<br>似乎可以创造出新的商品。
#02835,在这里也可以解析宝物。<br>听说解析速度比普通场所更快哦。
#02836,这里生产家具。
,通过提升设施等级<br>或是提升负责人的头脑，<br>似乎可以创造出新的商品。
#02837,这里生产武器。
,通过提升设施等级<br>或是提升负责人的头脑，<br>似乎可以创造出新的商品。
#02838,这里生产防具。
,通过提升设施等级<br>或是提升负责人的头脑，<br>似乎可以创造出新的商品。
#02839,这里生产技能。
,通过提升设施等级<br>或是提升负责人的头脑，<br>似乎可以创造出新的商品。
#02840,这里生产道具。
,通过提升设施等级<br>或是提升负责人的头脑，<br>似乎可以创造出新的商品。
#02841,居民使用这种家具的话，<br>似乎可以从中获取成长呢。
#02842,真希望居民能制作出美味的料理啊。
#02843,在这里……偶尔<br>会做出能用于提升级别的<br>“工具、建材”。
,建议建造在<br>方便人们使用的地方哦。
#02844,有了这种床铺，<br>就能让好友暂时<br>在城里留宿。
,再次点击，<br>选择好友吧。
#02845,这是供搭船过来的冒险者<br>留宿在城里时所需的家具。
,家具的数量有多少，<br>就能供多少冒险者住宿哦。
#02846,这种床或许还能在<br>婚后夫妇的亲密度上升后<br>派上用场。
,似乎待在房里的时间<br>越长越好哦。
#02847,如果手上拥有魔物的蛋，<br>就安置在这里吧。
,孵化成功后，<br>会跟随屋主前往讨伐。
#02848,我记得……<br>有居民耗尽寿命时，<br>还会用天之力将其救回来……
,总之有备无患呢。
#02849,据说在派遣前使用，<br>好像还能骑着龙<br>飞上天……
,我很期待能有一天<br>遨游天际！
#02850,如果手上拥有魔物的蛋，<br>就安置在这里吧。
,孵化成功后，<br>它会在敌人袭击时主动<br>前去退治哦。
#02851,派遣中的居民会顺路经过，<br>进行回复的设施。
,感觉布置在方便小憩的距离范围内<br>会比较有效呢。
#02852,你好！<br>刚才头上突然笼罩起阴云，让我不知如何是好。<br>还好有你的帮助。
,如果需要的话……<br>我能帮你强化任意装备哦！
,感兴趣时就来找我吧！
#02853,初次见面！<br>这里连接着全国的国王，<br>可以在此管理好友。
,首先请登记<br>代表自己的……<br>您最信赖的居民吧。
,这能帮到对方的王国，所以请尽量选择强大的伙伴吧。
,那么，我就在这里大口啃着香蕉，祈祷您能结识许多好友。
#02854,呵、呵、呵。<br>真厉害，竟然救了被掩埋的我。
,突然笼罩的阴云<br>把我吓得不能动弹，<br>就只好吃着年糕片消磨时间。<br>谢谢你救了我。
,此恩此情我将永世难忘。<br>我想送你一些谢礼，<br>但以普通方式给你也没意思，
,所以只要你每完成一个我出的题目，我就会给你谢礼。请一定要来挑战啊。
#02855,你好。<br>我本在寻找油田，<br>但不小心迷路了。<br>还好有你的帮助。
,作为谢礼……<br>只要你完成我一时兴起出的题目，<br>我就会给你丰厚的报酬。
,如果有好友帮忙，<br>或许还能更加轻松地完成哦。
,请再次点击，<br>查看内容吧。
#02856,哎呀，感谢帮助。<br>因为才刚开店就突然有阴云笼罩，<br>我就不知不觉睡起了午觉。
,我这边出售<br>有助于城市发展的商品哦。
,您可以用手里的奖杯来交换，<br>准备完成后请再次光临。
#02857,呼……<br>得救了！
,这里是细心托管<br>可爱怪物的设施。
,以前这里曾有许多怪物，但它们在阴云笼罩后全部逃走了。<br>不知道现在怎么样了呢……
,这里现在很空，<br>所以想要托管怪物时<br>就请跟我说吧。
#02858,咦！你好！<br>我是奖杯王哦！
,我到处巡游各种王国，<br>通过大肆赞扬别人<br>来维持生计呢。
,话归正题……<br>我刚才看了一眼，可以略微窥视到<br>这王国的繁荣景象呢。
,毕竟难得来一次，<br>我就把准备好的奖杯送给你，<br>请收下吧。
#02859,哎呀，这里是<br>会在每次战斗时积累点数的……<br>战斗点数的公告栏呢！
,在这里似乎还能与全国的玩家争夺名次！<br>登录点数后似乎会在第二天公布结果！
,另外好像还能获得豪华的奖品，<br>所以积攒了点数后别忘了登录哦！
#02860,这是先王的雕像。<br>雕像看上去很伟大，<br>实际上的先王也十分伟大。
,没想到会发生那种事……<br>哎呀，说漏嘴了……
,那么，我们继续<br>努力建国吧。
#02861,铜币将被收集在此处。<br>居民们会灵巧地把硬币丢进去，<br>放在什么位置都不必担心哦。
#02862,银币将被收集在此处。<br>居民们会灵巧地把硬币丢进去，<br>放在什么位置都不必担心哦。
#02863,金币将被收集在此处。<br>居民们会灵巧地把硬币丢进去，<br>放在什么位置都不必担心哦。
#02864,总、总感觉<br>有一股……<br>伟大雕像的氛围呢！
#02865,这里可以临时保管<br>道具或宝物。
,希望以后能在城里逐渐<br>添置更专业的仓库呢。
#02866,在这里……偶尔<br>会生成能用于农田的“种子”。
,建议建造在<br>方便人们使用的地方哦。
#02867,这摆设<br>很有感觉呢。
,光是看着，<br>就不知不觉要获得经验值了呢！
#02868,你好，<br>笼罩在我家上空的阴云消失了……<br>真的非常感谢！
,那么，
,如果找不到好友，<br>想要向他人发出申请时，<br>就来我这边看看吧。
#02869,嘿嘿嘿嘿……<br>来得好……
,嘿嘿嘿……<br>我最近也开店了……
,如果好奇的话，<br>就请来看看吧。
#02870,你好。<br>咦，阴云突然消失了呢。
,我这次正在出售<br>城市发展时必不可少的道具。
,拥有铜币时<br>就请来看看吧。
#02871,哎呀，<br>你好。
,我在这里开了一家<br>十分很棒的商店，可以将铜币<br>兑换为银币或金币。
,需要银币或金币时<br>就请来看看吧。
#02872,得救了！<br>我原本守卫着竞技场的入口，<br>但一直害怕地躲在里面。
,这下终于可以<br>放心竞技了呢！
,这里是供全国玩家<br>切磋武艺的竞技场！
,赢的次数越多，级别就会越高，<br>还能获得精美的奖品哦！<br>请一定要来挑战啊。
#02873,你好！<br>感谢帮助！
,这间房可以容纳<br>您培养的居民……<br>让其担起作为师父的职责。
,师父将无法回到城市……<br>但可以向其他伙伴传授经验，<br>锻练他们的能力。
,如果想把伙伴的强劲之处传递下去，<br>就把他指定为师父吧。
#02874,商店中会制作料理……<br>并将它们摆上货架。
,等到所有商品售罄时<br>就会自动补充商品。<br>希望能够吸引游客呢。
,我还听说<br>提升工坊的等级<br>能发现新的料理哦。
#02875,初次见面！<br>呵呵呵，令人无法动弹的浓厚阴云让我不禁笑了出来。
,呵呵呵呵，<br>得救了，谢谢你啊。
,在这个设施中，可以组合手里的怪物，将怪物培养得更加强大。
,如果感觉手上有些多余的怪物……就请务必过来看看吧。
#02876,你好！<br>这里以实惠的价格<br>出售我们抓住的怪物哦。
,偶尔还会更新列表，<br>记得定期来看看哦！
#02877,咦！<br>被发现了呢。
,在这里可以体验我准备的<br>特别战斗哦！<br>不过每周只有在特定的日子才会举办。
,举办时，<br>请多多挑战吧！
#02878,这里可以保管<br>怪物的蛋。
#02879,啊！<br>得救了！
,因为突然出现了密密麻麻的<br>不知道是怪物还是阴云的东西，<br>害我头疼了很久，多谢帮助。
,可能算不上什么谢礼……<br>作为礼物，我们会在力所能及的范围内准备商品。
,这会需要一些时间，<br>您过3天……再来的话，<br>应该可以准备好。
,那么期待您的光临。
#02880,你好，<br>我是掌管城市间搬迁的<br>神。
,当你拥有的城市超过两座，<br>想要居民搬迁到<br>其他城市的话……
,就尽管来找我吧！<br>那么我期待你的到来。
#02881,哎呀……<br>这是……
,我曾听先王说过……<br>这座岛的某处，<br>有一个深不见底的洞窟。
,这就小心谨慎地<br>去看看吧！
#02882,噢，欢迎啊。
#02883,你好。<br>好友的相关事项<br>请在这边咨询。
#02884,呵、呵、呵。<br>要挑战今日任务吗？
#02885,你好。<br>请看看列表吧。
#02886,欢迎光临。<br>这里的商品<br>全都能帮助王国发展哦。
#02887,你好。<br>怪物增多后就找我托管吧。
#02888,来得好。<br>来找找能完成的内容吧。
#02889,刷新纪录后，<br>记得来登录哦。
#02890,找到中意的好友时，<br>就申请看看吧！
#02891,呵呵。<br>欢迎光临。<br>我能为你介绍伙伴哦。
#02892,欢迎光临。<br>您需要什么呢？
#02893,来得好。<br>今天怎么安排啊？
#02894,欢迎回来。
#02895,这就是<br>这次的对战对象。<br>您意下如何？
#02896,你好！<br>我一直在给你加油！
#02897,可以挑战<br>怪物合成哦。
#02898,现在正在<br>出售怪物。
#02899,欢迎光临！ <br>是想挑战特别迷宫吧！
#02900,对不起……<br>上次我把协作讨伐的结束时间<br>通知错了，
,结果不小心提前结束了。<br>作为赔偿，我带来了上次的物品，<br>请收下吧。
#02901,哎呀，你好。
,由于开放了<br>新的场所……<br>我的商店的突破上限方法<br>也要随之更改了。
,我赶紧前来通知，<br>并顺便带来了礼物。
#02902,那么，<br>要强化武器吗！
#02903,在这里……<br>似乎可以兑换梦幻武器。
,手上有多余装备时，<br>请一定要来试试看。
#02904,在这里……<br>似乎可以把各种多余的物品<br>兑换成铜币哦！
,有多余的道具或技能时，<br>就来兑换铜币吧！
#02905,这似乎是……<br>会使怪物每晚都聚集过来的<br>神秘岩石。
,派遣后，<br>似乎还能帮助伙伴升级！
,首先为了补给<br>选择所属城市吧。
#02906,噢！<br>我在散步时<br>有了新住所的灵感。
,这种房屋能让高级别的镇民、木匠、<br>运输者、奶农和农民派上用场……
,在派遣时……<br>还能根据传闻进行调查。
,总而言之，<br>赶快向非战斗系的从业人员<br>授予住宅吧！
#02907,调查队室这就建成了呢！
,派遣居住在其中的家主时，<br>可以在派遣地进行调查！
,赶快派遣看看吧！
#02908,赶快派遣<br>调查队室中的居民吧！
#02909,哎呀……获得了<br>有趣的设施呢。
,说明书上说只要把它布置在领土外，<br>就会定期有怪物冒出来，<br>就像是独角仙和树汁的关系呢。
,不过请注意，一旦布置后，<br>似乎就需要钻石才能移除。
,那么就……布置在<br>能够战胜的等级区域吧。
#02910,噢！<br>获得了填埋领土内水域的<br>设计图呢！
,虽然数量有限，<br>但还是多多利用，<br>把需要的地方填埋成平地吧！
#02911,噢……<br>获得了超级大容量的<br>新仓库呢！
,似乎可以把城市构造<br>变得更紧密！
,这就建造起来吧！
#02912,级别越来越高了呢！<br>可以毫不夸张地<br>自称为超级强国了。
,繁荣程度几乎<br>与昔日的王国一样！
,不过，如果想要进一步<br>提升级别……就会需要<br>某件至关重要的“秘宝”。
,前往保管秘宝的地方，<br>以提升上限为目标吧！
#02913,把收银工作交给店员后，<br>可以专注于<br>其他工作了！
,能放心在工坊里<br>制作商品了呢。
#02914,发现了<br>新的住所类型！
,为高级别的农民<br>建造住宅就会增加哦！
#02915,噢噢。<br>获得了附带店员收银机。
,这下就有人负责收银工作了，<br>现在应该可以专注于<br>其他工作了呢！
,用它来覆盖<br>已有的收银机吧！
#02916,圣诞老人<br>来到这个王国了！
,增加了新类型的住所，<br>赶快建造吧！
#02917,既然圣诞小屋已经建成，<br>现在也许应该再找<br>一些驯鹿呢。
,这就研究看看吧！
#02918,圣诞老人的王国……<br>为我们王国送来了<br>优质的武器作为礼物哦！
,这就装备起来吧！
#02919,总感觉会有什么……<br>从天而降……
,有一种说法称<br>会有带着银币的顾客<br>前来造访，
,所以……<br>需要让他们花费银币的<br>娱乐设施。
,努力寻找<br>新的房间吧！
#02920,似乎可以把在城市等区域<br>发现的特别收藏品<br>拿到这里。
,存放的物品，<br>建议在领土内建造<br>“能够展示的房间”哦！
,为了在城里建造博物馆或动物园，<br>快去寻找吧。
,不过在那之前……<br>感觉会先发现<br>收藏品呢。
#02921,似乎可以钓鱼呢。<br>
,据说根据布置的地点，<br>出现的鱼类种类<br>会有所变化。
,住在水族馆的居民<br>似乎会前往捕捉。
#02922,你好……<br>看来尚未出现的职业<br>由于各种差错被送到了<br>您的手中呢。
,请允许我用钻石<br>回收您手上的职业权利……<br>这次真是非常抱歉。
,另外，城里的人员已经清醒，<br>变回了镇民或卫兵……<br>还麻烦您让其退场。
,期待有一天能以正确的方式<br>将其送到您手中。
#02923,咦……居民间的亲密度<br>似乎开始提高了呢。
,关系变得亲密后……<br>城里或许就会需要教堂了！
,当亲密度有进展时，<br>就去教堂看看吧！
#02924,真是令人感动的婚礼啊！
,新婚夫妇间今后可能还会<br>有宝宝诞生，<br>所以请布置这个吧！
#02925,这就布置婴儿床，<br>准备迎接新生儿吧！
#02926,说起来……<br>先王在培养国王时……<br>使用过某种设施。
,也把这设施布置起来吧！
#02927,为了孩子健康的成长，<br>建造托儿所吧！
#02928,城里竟然<br>迎来了第2代降生的时代呢。
,其他王国<br>也发来了贺文哦！
#02929,呵呵呵，<br>听说贵国迎来了新的生命，<br>我特地前来恭祝。
,另外，我希望今后<br>能用我国发明的飞空船<br>进行特别观光。
,期盼贵国能建造<br>供飞空船靠岸的港口。
#02930,收到了这个！
#02931,好像会有特别的顾客<br>前来造访哦！
,赶快建造<br>飞空船港口吧！
#02932,想要特别顾客满意的话，<br>似乎需要新的物品呢！
,先布置<br>收集新物品的地方吧！
#02933,由于需要存放物品，所以在城市附近<br>建造收藏家之屋吧。
#02934,增加了新的职业呢！
,游击兵似乎<br>会通过特殊技能<br>在城外自由地探索、战斗。
#02935,增加了新的职业呢！
,这似乎是擅长<br>魔法与打击两方面的职业。
#02936,增加了新的职业呢！
,狂战士似乎是<br>擅长战斗的职业。
#02937,增加了新的职业呢！
,这是拥有艺术工坊，<br>擅长艺术工作的职业。
#02938,增加了新的职业呢！
,似乎可以经营面向飞空船游客的<br>专门商店哦。<br>来开设充满魅力的商店吧！
#02939,增加了新的职业呢！
,此职业似乎与动物契合度很高。<br>或许能发现<br>新的动物呢。
#02940,哎呀……<br>王之子终于初次登台了呢。
,我有理由推测，<br>其一定会为城市的发展<br>做出进一步贡献呢！
#02941,艺术工坊建成了。<br>将创造艺术品……<br>并将其运送到收藏家之屋。
,另外……如果有博物馆，<br>或许也能让特别客人满意！
#02942,昆虫馆建成了。<br>如果有昆虫景点……<br>或许能捕捉展示品！
,据说根据布置的地形<br>会有所不同……
,先布置在<br>自己喜欢的地方吧。
#02943,水族馆建成了。<br>如果有钓鱼池……<br>或许能捕捉展示品！
,据说根据布置的地形<br>会有所不同……
,先布置在<br>自己喜欢的地方吧。
#02944,动物园建成了。
,或许还能从动物饲料中<br>找到能吸引猪、牛以外动物的饲料。
,试着关注动物饲料的内容吧！
#02945,博物馆建成了。<br>可以展示艺术品。
,如果有艺术工坊……<br>或许能发现新的艺术品。
,不断收集艺术品，<br>让博物馆更加充实吧。
#02946,似乎可以采集昆虫呢。
,据说根据布置的地点不同，<br>出现的昆虫种类<br>会有所变化。
,住在昆虫馆的居民<br>似乎会前往捕捉。
#02947,孩子们出生后，<br>在成人前会在这里<br>生活、学习。
,生育宝宝需要……夫妻拥有极高的亲密度。
,等孩子长大成人后，就可以将其<br>安排在城里了哦。
#02948,哇，<br>似乎发现了一个非常适合约会的<br>场所呢。
,据说在这个华丽城堡一样的地方<br>光是一起漫步，就可以<br>使关系变得亲密。
,如果想使两个人变得亲密，<br>就对他们进行选择吧。
#02949,=#02484
#02950,服装
#02951,头部
#02952,饰品
#02953,武器
#02954,经验量
#02955,回复量
#02956,耐久上限
#02957,仇恨值
#02958,=#02401
#02959,目标成本
#02960,耐久度
#02961,杂务系
#02962,战斗系
#02963,商店系
#02964,<0>个礼包
#02965,怪物
#02966,资源
#02967,=#02418
#02968,装备
#02969,设施
#02970,技能
#02971,职业
#02972,发现了特殊宝箱。
#02973,获得<2>次<0>“<1>”的权利
#02974,获得<2>个<0>“<1>”
#02975,发现了新区域。
#02976,未开垦之地
#02977,撤退
#02978,平均等级
#02979,成员
#02980,放弃\t复活（还剩<0>次）
#02981,立即开始
#02982,取消
#02983,发现了首领。
#02984,正在讨伐其他首领。
#02985,要选择这个位置吗
#02986,施工
#02987,无法通过
#02988,要铺设到哪里
#02989,要从哪里开始铺设
#02990,<co=ff0000>附近没有招牌
#02991,<co=ff0000>附近没有护壁大门
#02992,已达施工数量上限
#02993,正在钻石商店中出售
#02994,首次击破！
#02995,报酬
#02996,升级时无法移除
#02997,研究时无法移除
#02998,请先解除负责人
#02999,拥有多座城市
#03000,城市居民 0人（搬迁等）
#03001,已经移除城市的扩张设施
#03002,城市设施未处于升级状态
#03003,城市间未处于运输物资状态
#03004,城中没有需要施工的设施
#03005,未处于怪物袭击状态
#03006,市政厅移除条件
#03007,请事先对铜币箱和怪物伙伴<br>也做好避难措施。
#03008,要移除到哪里？
#03009,要移除哪个？
#03010,<po=m>是否移除<0>？<br>※移除后将会消失
#03011,移除\t<po=lm><si=9><bo=fefefe>收起</bo></si>&<po=rm><pic=money><0>
#03012,将移除<br><0>与所有设施
#03013,重新建造时，<br>将不会维持城市级别
#03014,已在调查
#03015,派遣地点
#03016,派遣<0><br>请选择地点
#03017,请选择地图内<br>明亮的地方
#03018,要更改<0>的<br>派遣内容吗？
#03019,返回\t更改地点
#03020,<0>即将返回。
#03021,参加 <0>人
#03022,上限
#03023,低
#03024,高
#03025,出现了洞窟
#03026,正在研究
#03027,完成 / 下次再说
#03028,登录今日部分
#03029,完成 <0>件
#03030,<po=m>可以邀请好友<br>寻找好友吧
#03031,要邀请好友吗
#03032,未发现可邀请的对象
#03033,超出城市范围
#03034,<0>不足
#03035,招揽观光游船吧
#03036,擅长地形！
#03037,要移除<0>吗？
#03038,要中断今日任务吗？
#03039,是\t否
#03040,=#01954
#03041,=#02404
#03042,=#02405
#03043,特大
#03044,授予土地
#03045,移除
#03046,建造大门
#03047,要移除土地吗？
#03048,<0>已前往怪物牧场
#03049,<0>已回归自然
#03050,进行对战
#03051,<pic=stamina>已满
#03052,将<0>回满
#03053,<0> 调查完成
#03054,立即完成<br><0>
#03055,调查
#03056,<0> 级别点数蓄满！
#03057,第<0>座城市
#03058,该怎么办呢
#03059,级别提升
#03060,冒险者
#03061,留宿
#03062,游客已达上限。
#03063,需要在附近布置招牌
#03064,<po=m>开罗乐园<br>获得钻石
#03065,<po=m>Tapjoy<br>获得钻石
#03066,<po=m>通过摄影<br>获得钻石
#03067,<po=m>通过视频<br>获得钻石
#03068,<po=m>国王<br>咨询室
#03069,国王太郎
#03070,国王花子
#03071,环境
#03072, 资源
#03073, 设备
#03074, 室内
#03075, 中
#03076, 高
#03077, 无
#03078,简单
#03079,普通
#03080,困难
#03081,最强
#03082,一般
#03083,良好
#03084,豪华
#03085,充值
#03086,=#00891
#03087,点数
#03088,特别道具（全体型）
#03089,特别道具（单体型）
#03090,较高
#03091,较低
#03092,经验值2倍机会！
#03093,宝箱掉落激增机会！
#03094,经我努力调查发现……
#03095,经过我兴致冲冲地调查发现
#03096,经过我状态良好地调查发现
#03097,经我积极调查发现……
#03098,今天早上的占卜结果是凶……但没想到
#03099,经我精神充沛地调查发现……
#03100,经我偶尔倒立着调查发现
#03101,就在我正要放弃准备回来时……没想到
#03102,奇迹接二连三地发生……
#03103,没想到刚出门就立即
#03104,竟然还有这种事……
#03105,第一次遇到这样的奇迹……
#03106,成功了！
#03107,我猛冲出去调查发现……
#03108,经我鼓起干劲后调查发现
#03109,我本来很认真，但鞋带散了……
#03110,经我中途戳伤手指的调查发现……
#03111,经过我兴奋不已的调查发现……
#03112,在我夸下海口说会大获成功出门后……
#03113,当我中途从悬崖不慎坠落后……
#03114,当我回过神时发现自己还躺在床上……
#03115,睡眠不足就前往挑战后……
#03116,我失望地一心想回来的时候……
#03117,因为穿鞋时搞错了左右脚
#03118,细看后发现自己跑错了地方
#03119,我外出前没吃早饭就出门的结果
#03120,没想到！
#03121,我相当努力之后……
#03122,虽然本人还不想承认……
#03123,麻烦的是……
#03124,因为到点心时间了……
#03125,通过放置动物饲料来寻找吧
#03126,通过建造钓鱼池来寻找吧
#03127,通过建造艺术工坊来寻找吧
#03128,通过建造昆虫景点来寻找吧
#03129,=#00142
#03130,我回来了
#03131,玩得很开心！
#03132,很顺利！
#03133,大获成功呢
#03134,<po=m>立即提升级别<br>剩余 <0>
#03135,<po=m>升级时会向所属城市<br>收取费用。<br>等级上限将根据所属市政厅来计算。
#03136,移除设施
#03137,替换设施
#03138,把视频看完<br>就能获得钻石哦！
#03139,<po=m>我在王都创世物语中建造王国哦，一起来冒险吧。<br>#Kairosoft<br>
#03140,拍摄王国的照片<br>在社交网络上分享吧
#03141,<po=m>放弃战斗并撤退<br>※将无法获得宝箱
#03142,<po=m>每天登录1次战斗点数，<br>努力在排行上获得更高的名次吧！<br>点数可以通过打倒怪物来积累哦！<br>※结果将在第二天公布。
#03143,施加伤害能增加点数，<br>受到伤害则会降低点数，<br>通过灵活作战获得高分吧。<br>第二天记得领取报酬哦。
#03144,<po=m>要复活全员<br>继续挑战吗<br><pic=money><0>
#03145,<po=m>可以与好友共享讨伐数量。<br>打倒所有怪物，获得奖品吧。
#03146,<po=m>想把获得的道具给哪座城市？<br>道具将被存放在道具仓库中。<br>请注意，超出的部分将无法获得。
#03147,<po=m>要撤销负责人吗<br>※累积的点数将会消失
#03148,将重置正在负责的研究。<br>确定要进行操作吗？
#03149,<0>  击破洞窟！
#03150,<0>  在洞窟战败……
#03151,<po=m>与其他玩家成为好友后，<br>就能在讨伐上得到协助哦。<br>去“好友邮局”看看吧！
#03152,是否<br>拒绝对战？
#03153,将继承<0>%的经验值。<br>相同职业能得到<1>%的加成
#03154,<po=m>能力与经验值将被交给其他居民。<br>设置后将无法回到城里。
#03155,<po=m>指定为师父。<br>※将无法回到城里。
#03156,<0>的身影<br>在荒野中消失了
#03157,<po=m>实惠钻石
#03158,<po=m>在反复进行派遣和讨伐的过程中<br>可以得到资源和道具
#03159,冒险者 <0> 结束访问，出发回国
#03160,冒险者 <0> 耗尽了体力……
#03161,<po=m>要使用<pic=money><0><br>来回复计量表吗？
#03162,歪罗迷宫出现了
#03163,歪罗迷宫消失了
#03164,参与怪物获得经验值 <0> ！
#03165,要取消派遣吗？
#03166,<po=m>王都创世物语现在！<br>正有歪罗迷宫出现哦！<br>抓紧吧！<br>#Kairosoft<br>
#03167,<po=m>可以通过分享截屏，<br>来回复1次<pic=stamina>。<br>向朋友们推广吧
#03168,要让 <0><br>进入怪物牧场吗？
#03169,设置后将从城里消失，<br>直至将其邀请到其他城市
#03170,如需邀请，请选择<br>有空余位置的市政厅
#03171,<po=m>是否要封锁此区域的首领？<br>区域将再次被阴云笼罩。
#03172,收集各种装备来交换吧
#03173,一周中每天的职业都各有不同。
#03174,袭击结束了。
#03175,技能装备栏会随着级别增加
#03176,<po=m>需要更新游戏<br>请勿卸载游戏
#03177,<po=m>要追加 <0> 个栏位吗<br><pic=money><1>
#03178,<po=m>已追加 <0> 个栏位<br>当前 上限 <1>
#03179,第二代的民众在成年后<br>将无法回到托儿所。
#03180,额外提升<0>%！
#03181,<0>天
#03182,<0>小时
#03183,<0>分钟
#03184,<0>秒
#03185,连接至<0>开罗公园
#03186,结束游戏<br>
#03187,读取失败<br>是否读取上一个存档？
#03188,请重新启动游戏
#03189,好友编号：“<0>”
#03190,正在加载（{0:f2}%）
#03191,请稍等
#03192,纠错模式下不会查看时间标记。
#03193,游戏信息有误。<br>请通过应用程序商店重新安装。
#03194,照相
#03195,更改道具仓库显示方式
#03196,万
#03197,万日元
#03198,显示我的排名
#03199,显示排行
#03200,1周
#03201,=#02538
#03202,当前游戏点数
#03203,要查看
#03204,什么时间的排行？
#03205,[以往得分]
#03206,发生错误
#03207,<0>的排行
#03208,第<0>名
#03209,（未登录）
#03210,第---名/第---名
#03211,比上次升高 <0> ！
#03212,比上次降低 <0> ！
#03213,第<0>名/第<1>名
#03214,平均等级
#03215,攻击
#03216,防御
#03217,级别
#03218,喜爱
#03219,职种
#03220,发送咨询数据
#03221,输入咨询代码
#03222,错误内容
#03223,※纠错※
#03225,发送全部内容
#03226,<po=m>将发送咨询数据<br>个人信息不会被发送
#03227,<po=m>发送成功。<br>调查可能需要耗费一些时间。<br><br>※请在应用程序商店中查看最新版本。<br>※请勿删除游戏。
#03228,<po=m>已完成发送。<br>感谢您的配合。<br>也请您进行<br>对支援的联络。
#03229,错误
#03230,数据不兼容
#03231,是否同时覆盖系统数据
#03232,是否覆盖好友编号以外的数据
#03233,失败
#03234,无法找到文件。
#03235,接收成功。<0>
#03236,<br>即将关闭应用程序
#03237,没有符合的数据。
#03238,正在接收数据
#03239,列表
#03240,贸易
#03241,商店
#03242,攻击类
#03243,防御类
#03244,平衡类
#03245,特殊
#03246,分辨率
#03247,人
#03248,夜间演出
#03249,画质
#03250,自动保存
#03251,屏幕
#03252,缩放
#03253,开启对话框
#03254,关闭对话框
#03255,较多
#03256,较少
#03257,全部
#03258,普通
#03259,父亲的职业
#03260,组合职业
#03261,母亲职业
#03262,购买记录
#03263,增减状况
#03264,没有购买记录
#03265,没有增减状况
#03266,游戏中
#03267,网络相关
#03268,商店
#03269,启动奖励
#03270,超出有效期
#03271,动物
#03272,鱼
#03273,美术品
#03274,虫
#03275,派遣
#03276,讨伐
#03277,首次出发
#03278,头部
#03279,防具
#03280,头部
#03281,饰品
#03282,回复
#03283,伙伴人数
#03284,范围（格数）
#03285,战败次数
#03286,市政厅收纳资源
#03287,能量收获
#03288,能量收获时间
#03289,全体型道具
#03290,欢迎来到怪物牧场
#03291,请选择随行怪物
#03292,请选择想合成的怪物
#03293,请选择想强化的怪物
#03294,=#01613
#03295,替换居民
#03296,要派遣的居民
#03297,选择负责人
#03298,讨伐成员
#03299,协作好友
#03300,选择同居者
#03301,选择出场者
#03302,搬迁候选
#03303,降序
#03304,升序
#03305,告别
#03306,=#00870
#03307,装备店
#03308,=#00871
#03309,=#00872
#03310,寻找新的
#03311,已获得
#03312,蕴藏量
#03313,回复时间
#03314,开采量
#03315,开采时间
#03316,否\t是
#03317,<po=m>这是<0>。<br>无法移除
#03318,正在调查
#03319,正在约会
#03320,回收\t<pic=money><0>
#03321,以普通方法寻找
#03322,从搬家公司寻找
#03323,按托儿所寻找
#03324,安置蛋
#03325,召唤怪物
#03326,※需要<0>
#03327,送入牧场
#03328,<po=m>送入牧场<br><0>/<1>
#03329,培养
#03330,合成<br>
#03331,告别
#03332,生命全部回复
#03333,=#02461
#03334,购买每日怪物
#03335,给予<0>
#03336,<0> → <1>
#03337,<po=m><0><br>还能供<1>只休息
#03338,契合度◎
#03339,拖拽到装备上吧
#03340,此装备已强化至<br>上限。
#03341,使用<0>个解除
#03342,持有数量
#03343,<pic=money> <0> 解锁
#03344,请选择解锁方法
#03345,<po=m>将与<0><br>告别
#03346,<po=m><0>的生命<br>已回复！
#03347,<po=m>要消耗道具<br>提升<0>吗
#03348,销售级别
#03349,销售等级
#03350,<0>幢
#03351,讨伐数量：<0>只
#03352,好友增加后<br>或许会更容易讨伐
#03353,本周讨伐已完成！
#03354,食物
#03355,食物以外
#03356,<0><br>与<1>的<br>孩子茁壮成长……
#03357,迎来了成人的时刻！
#03358,成为了<br><0>级职业  <1>  ！
#03359,<po=m><0><br>与<1>的<br>第<2>个孩子诞生了！
#03360,可以通过<0>查看详情
#03361,咦……？国王的情况有些……
#03362,成为<0>级了！
#03363,选择研究负责人
#03364,要让谁来研究呢
#03365,<po=m>没有可以研究的人员<br>邀请“<0>”职业来城里吧
#03366,研究期间将无法做其他事情。
#03367,发现新的研究！
#03368,未能找到试用好友。
#03369,向感兴趣的用户<br>积极地发送申请吧
#03370,申请
#03371,好忙……
#03372,外出
#03373,要购买几个？
#03374,<pic=money>不足
#03375,增加钻石
#03376,如果想追加新的居民，<br>就通过贸易来<co=20f0f0>获得职业</co>吧。
#03377,获得了 <0>枚 硬币！
#03378,培养怪物
#03379,可以投入仓库中的蛋
#03380,没有蛋
#03381,用低于当前级别的同色蛋来使等级上限提升1级
#03382,给予
#03383,简介
#03384,级别
#03385,受到攻击时会进行防卫
#03386,会在家主前往讨伐时跟随
#03387,培养
#03388,技能一览
#03389,空
#03390,追加
#03391,解放了一个区域！
#03392,对战记录
#03393,所有战绩
#03394,<0>战<1>胜<2>败
#03395,回应挑战的战绩
#03396,挑战他人的战绩
#03397,没有对战记录。
#03398,记录最多可保存<0>件
#03399,◎胜利
#03400,×战败
#03401,还剩<0>小时<1>分钟
#03402,重新挑战
#03403,战斗级别
#03404,战斗点数
#03405,<0>胜<1>败
#03406,回应挑战的战绩 <0>战<1>胜<2>败
#03407,<po=m>重新挑战成功！<br>×<0>
#03408,级别降低
#03409,下次再说
#03410,申请好友
#03411,荣获胜利
#03412,战败了……
#03413,获得了<0>！
#03414,对战对手
#03415,<po=m>出场<br>成员<br><0>/<1>
#03416,更换对手
#03417,拒绝
#03418,战斗点数 +<0>
#03419,历史得分
#03420,最高
#03421,未登录
#03422,没有已发送的纪录
#03423,登录
#03424,等待结果公布
#03425,超过期限
#03426,重新取得
#03427,<0>级报酬
#03428,昨日点数
#03429,<0>人中
#03430,今日得分
#03431,今日点数
#03432,0点前后的10分钟内无法登录
#03433,今日尚未获得点数
#03434,发送
#03435,已登录 ：<0>
#03436,重新登录
#03437,选择所属城市
#03438,没有所属
#03439,要分配给哪座城市呢
#03440,尚未被发现……
#03441,要建造哪个呢
#03442,<po=m><0>完成！！<br>收纳上限增加<1>！
#03443,建筑一览
#03444,布置数量
#03445,住所
#03446,没有建筑
#03447,<po=m>以1枚铜币交换。<br>请选择城市。
#03448,更新
#03449,剩余
#03450,好友讨伐情况
#03451,<0>的讨伐数量
#03452,本次报酬
#03453,查看内容物
#03454,完成
#03455,剩余<0>只
#03456,<po=m>打倒<br><1>只<0>！
#03457,你
#03458,好友
#03459,讨伐奖励
#03460,货车设置
#03461,从其他城市获得资源
#03462,要加油了
#03463,负责人
#03464,目的地
#03465,运输的资源
#03466,休止
#03467,选择职业
#03468,请选择职业
#03469,父母越强，孩子可能就会越强
#03470,×<0>
#03471,将优先使用付费<0>
#03472,购买的<0>的有效期为<1>天
#03473,已超过有效期
#03474,已使用
#03475,还剩 <0>个
#03476,有效期 <0>天
#03477,付费
#03478,免费
#03479,<0>⇒<1>
#03480,新手支援
#03481,实惠活动
#03482,实惠促销
#03483,每月仅限1次！
#03484,每登入5天的实惠促销
#03485,付费钻石的有效期为180天
#03486,销售结束：<0>
#03487,限时加量销售实惠钻石
#03488,已购买
#03489,购买
#03490,钻石商店
#03491,持有
#03492,<0>枚
#03493,付费钻石的有效期为180天
#03494,￥9,999
#03495,金币商店
#03496,请在选择存放金币的城市后<br>再选择交换。
#03497,进行交换
#03498,收集列表
#03499,最高纪录 地下<0>层
#03500,前往讨伐
#03501,选择成员并出发吧
#03502,选择出击成员
#03503,选择好友
#03504,挑战
#03505,居民 <0>人
#03506,取消
#03507,暂时<br>封锁
#03508,契合度 <0>
#03509,回家
#03510,亲密度提升 <0>%！
#03511,约会景点
#03512,还剩<0>组
#03513,需要 <0>小时
#03514,或许会变得亲密
#03515,出发后将暂时离开城市
#03516,=#01539
#03517,成长后可以分配给城市
#03518,离成长还有
#03519,长大成人
#03520,平均等级
#03521,我也要去！
#03522,<0><br><1>先出发了！
#03523,“如果无法更新”
#03524,培养蛋
#03525,孵化 <0>
#03526, -<0>分钟
#03527,还能投入
#03528,投入道具
#03529,蛋一览
#03530,城市名 <0>
#03531,没有可以选择的蛋
#03532,请选择想要培养的蛋
#03533,唔……
#03534,<0>的<1>
#03535,耗尽了寿命……
#03536,=#01578
#03537,目前没有可以交换的物品。
#03538,锁定
#03539,属性
#03540,各<0>个
#03541,装备 <0>/<1>
#03542,不擅长
#03543,更改技能
#03544,<po=m>仅<br>战斗系
#03545,全员
#03546,好友似乎愿意<br>暂时留宿在这里！
#03547,<po=m><0><br><1>
#03548,搬到了<br><0>
#03549,和 <0> 交换
#03550,获得了经验值
#03551,周围效果
#03552,蓄满
#03553,<0>家
#03554,展示品
#03555,价值
#03556,阅览数
#03557,销售的商品
#03558,王
#03559,容量
#03560,升级
#03561,级别提升完成！
#03562,升级完成！
#03563,需要铜币箱
#03564,解锁
#03565,需要
#03566,已设为<br>喜爱
#03567,<po=m>已取消<br>喜爱
#03568,发现！
#03569,可以从下次起开始募集。
#03570,新的职业
#03571,<0>回自己的王国了
#03572,好友　<0>/<1>
#03573,让好友来协助讨伐吧！
#03574,更新好友列表
#03575,收到了好友送来的礼物
#03576,新规
#03577,<0>件
#03578,完成<0>件！！
#03579,距奖励还剩 <0>件
#03580,感谢好友
#03581,好友 <0>
#03582,向<0><br>传达了谢意
#03583,传达谢意
#03584,这次什么都不做
#03585,结果
#03586,<0>级
#03587,多亏了好友呢
#03588,被介绍了<0>
#03589,<0>次
#03590,介绍
#03591,查看持有数量
#03592,来抽取<0>次
#03593,<0>出现一览
#03594,在以下列表的内容中抽取
#03595,<0> 级
#03596,几率<0>%
#03597,S级出现中
#03598,贸易中心
#03599,来获得稀有物品吧
#03600,列表
#03601,=#01577
#03602,<po=m>今天没有举办哦。<br>换一天再来吧。
#03603,<0>限定
#03604,歪罗迷宫
#03605,出现游击
#03606,难度  <0>
#03607,报酬 <0>
#03608,已通关
#03609,<po=m><bo=1e1e1e>通过分享</bo><br>来<bo=1e1e1e>回复</bo><pic=stamina>
#03610,级别 <0> 纪录
#03611,合计点数
#03612,努力更上一层楼吧！
#03613,得分
#03614,<po=m>登录<br>排行
#03615,进行<br>分享
#03616,住所方针
#03617,要选什么类型的房屋呢
#03618,级别：<0>
#03619,正在继承
#03620,正在传授能力<0>
#03621,<po=m>继承能力后，<br>属性上升了！
#03622,<0>师父<br>完成了所有职责，<br>安静地离去了。
#03623,=#01556
#03624,可以继承师父的能力
#03625,还剩<0>次
#03626,指定师父
#03627,选择城市
#03628,获得道具
#03629,要给哪座城市呢
#03630,道具仓库
#03631,欢迎来到锻造铺<br>在这里可以通过组合装备来强化它们哦
#03632,要强化哪个装备呢
#03633,<po=m>投入种类 : <0>/<1><br>投入数量   ： <2>/<3>
#03634,装备中
#03635,女性用
#03636,无法使用
#03637,职业权利数
#03638,可以在能召唤城市居民时使用
#03639,持有x
#03640,无法选择
#03641,无
#03642,<0>级
#03643,<0>级别
#03644,目前没有正在销售的商品。
#03645,补货 +<0>
#03646,游戏时间
#03647,和平度
#03648,国王级别提升！
#03649,设置看守
#03650,设置看守，专心防卫工作
#03651,累积资源减半……
#03653,试玩版
#03654,结婚
#03655,=#00880
#03656,哪位要结婚呢
#03657,住在同一房屋时，亲密度会提升
#03658,费用会随着亲密度的升高而降低
#03659,<po=m>将<1>个<0><br>放入了道具仓库
#03660,=#01554
#03661,请在选择拥有<0>的城市后<br>再选择<1>。
#03662,购买的素材
#03663,剩余<0>
#03664,持有 <0>
#03665,战斗级别 ： <0>
#03666,设置矿山工人
#03667,在矿山开采资源吧
#03668,今日任务
#03669,目前没有任务
#03670,完成后能获得 <0> <co=2020f0><1></co> ！
#03671,还剩 <0>件
#03672,时间 还剩<0>
#03673,今日任务已完成
#03674,<po=m>诞生！<br><0>
#03675,预期内容物
#03676,似乎会生出<br>列表中的某一种怪物
#03677,怪物牧场 <0>/<1>
#03678,没有托管的怪物
#03679,怪物合成
#03680,请选择想要合成的怪物
#03681,培养的怪物
#03682,素材怪物
#03683,从怪物身上获得经验值
#03684,合成
#03685,怪物图鉴
#03686,<0>只
#03687,=#01558
#03688,怪物
#03689,开始新的游戏
#03690,创建角色
#03691,国王的名字：
#03692,还需要选择性别哦
#03693,建国开始
#03694,新的伙伴
#03695,更改名字
#03696,采用！
#03697,想邀请谁成为伙伴呢
#03698,第<0>人
#03699,寻找职业
#03700,权利
#03701,尚未被发现
#03702,邀请为伙伴
#03703,新的市政厅
#03704,为城市起个名字吧
#03705,名字：
#03706,为城市起名
#03707,觉醒！！
#03708,第<0>次
#03709,等级上限提升 <0>！
#03710,恭喜！
#03711,获得 <0>
#03712,追加<0>人
#03713,=#01576
#03714,请选择想搬迁到其他城市的居民
#03715,<po=m>搬家公司 +<0>个扩张<br><pic=money><1>
#03716,设置研究者
#03717,让拥有研究技能的人来负责吧。
#03718,来自研究室的通知
#03719,噢，完成了！
#03720,负责人： <0>/<1>
#03721,未发现
#03722,发现条件
#03723,研究 复活还需
#03724,选择负责人
#03725,觉醒 <0>次
#03726,拖拽给伙伴吧
#03727,还剩<0>人
#03728,没有符合的居民……
#03729,全员继续
#03730,要派遣谁呢
#03731,目前已有<0>人<br>被派遣到了此处
#03732,请选择讨伐成员<br>最多<0>人
#03733,<po=m>由谁来继承呢<br>※每人仅限<0>次
#03734,无法选择不同城市的成员。
#03735,请选择出场成员<br>最多<0>人
#03736,请选择<br>计划搬家的人
#03737,请选择<br>想更换装备的居民
#03738,攻
#03739,不能出击
#03740,继承次数
#03741,已有住宅
#03742,寿命
#03744,觉醒
#03745,空栏
#03746,排序条件
#03747,排序设置
#03748,条件<0>
#03749,<po=m>可以设置排序方式，<br>将优先按上述条件显示。
#03750,亲密前3名
#03751,正在准备
#03752,仅提升家主的亲密度
#03753,第<0>个孩子
#03754,去其他岛屿了
#03755,使用<0>
#03756,选择登录角色
#03757,=#00653
#03758,告别
#03759,继承
#03760,指定为师父
#03761,伙伴菜单
#03762,结婚对象
#03763,消失了
#03764,第2代无法结婚
#03765,尚无
#03766,调查完成
#03767,我回来了
#03768,<0>已经结束调查<br>回来了
#03769,<po=m>寿命+<0><br><br><pic=money><1>
#03770,放弃
#03771,<0>复活了！
#03772,城中的商店
#03773,要去哪家商店呢
#03774,要设置什么呢
#03775,空栏
#03776,发动率
#03777,更改技能 <0>/<1>
#03778,设置技能吧
#03779,请选择技能
#03780,空余 <0>栏
#03781,远离人烟的民宅
#03782,如果现在重置，今天的成果就会消失。
#03783,至下一栏 还需要登入<0>天
#03784,请再来哦。
#03785,获得礼物
#03786,打得漂亮！
#03787,非常好！
#03788,请期待下次
#03789,我会为你加油的！
#03790,=#00137
#03791,好厉害啊！
#03792,停止
#03793,开始建国！
#03794,我会加油的！
#03795,调查结果
#03796,<0>返回
#03797,进行调查
#03798,共<0>分钟
#03799,城中商店
#03800,宝箱里是……
#03801,宝箱里还……
#03802,有<1>次<0>的权利！
#03803,有<1>个<0>！
#03804,感觉王国能有进一步的发展呢
#03805,=#01552
#03806,介绍<0>人
#03807,还剩<0>次 免费
#03808,我能介绍可能会成为你好友的<br>玩家哦
#03809,奖杯
#03810,领取了附加奖
#03811,现在：<0>
#03812,获得！
#03813,购买秘宝
#03814,购买
#03815,梦幻秘宝 <0>种
#03816,获得梦幻秘宝 <0>种
#03817,目前没有秘宝。
#03818,<po=m><bo=1e1e1e>制霸了所有区域，<br>恭喜！</bo>
#03819,职业介绍
#03820,装备介绍
#03821,设施介绍
#03822,道具介绍
#03823,好友奖励
#03824,已派遣至当前地点的居民
#03825,<0><br>限定
#03826,<po=m><0>级以上<br><1><br>限定
#03827,已登录
#03828,现在没有举办讨伐活动。
#03829,<po=m>信息获取失败。<br>请重新打开商店。
#03830,设施信息
#03831,可以使用<0>了！！
#03832,<0> +<1> 成为 <2> 了
#03833,～使用时的效果提升了～
#03834,能量开采量增加了
#03835,～来自游船的顾客似乎会变多～
#03836,工坊的制作内容有所改善
#03837,世界和平度
#03838,讨伐敌人数
#03839,所有点数合计
#03840,居民合计能力
#03841,城市级别
#03842,居民数
#03843,装备发现数
#03844,道具发现数
#03845,家具发现数
#03846,级别 <0>
#03847,设施数量
#03848,土地数量
#03849,伙伴人数
#03850,发现技能
#03851,最高城市级别
#03852,城市名1
#03853,居民一览
#03854,王国信息
#03855,秘宝
#03856,修改名字
#03857,聊天室
#03858,访问官网
#03859,怪物图鉴
#03860,结束游戏
#03861,设施中没有怪物
#03862,遗憾地失败了！
#03863,没有消耗钻石
#03864,<po=m>要消耗<0>个钻石<br>来缩短时间吗？
#03865,已完成
#03866,现在
#03867,正在挑战
#03868,可能性<0><1>
#03869,<po=m>怪物牧场<br>+<0>个扩张<br><pic=money><1>
#03870,讨伐数
#03871,首次
#03872,城里<0>人
#03873,已锁定
#03874,已解锁
#03875,<po=m>这是高级别的装备<br>是否确定消耗？
#03876,已达上限
#03877,装备更换成功
#03878,技能更改成功
#03879,<po=m>未发现对战对手。<br>请于一段时间后重试
#03880,孩子的名字
#03881,居民的名字
#03882,（<0>个全角字符）
#03883,=MID(#03852,1,-1)&''
#03884,获得宝物！
#03885,要通过<0> 来获得吗
#03886,调查失败！
#03887,+<0>分钟
#03888,几率 <0>%
#03889,分钟
#03890,秒
#03891,还有<0><1>可以调查
#03892,等级已达上限
#03893,无法更改初始技能
#03894,已装备<br><0> <1>。
#03895,要追加技能装备栏吗？
#03896,已追加 <0>个技能装备栏。
#03897,无法移除初始技能。
#03898,请选择出场成员
#03899,排名奖励
#03900,要登录当前点数吗？
#03901,<po=m>登录成功。<br>结果将于明天公布
#03902,<po=m>获得<1>枚<0><br>现在共有<2>枚
#03903,=#00904
#03904,城市里没有铜币箱
#03905,今后<br>不再显示吗？
#03906,<0>中没有空余位置。
#03907,=#01568
#03908,=#00906
#03909,否\t封锁
#03910,还有<0>回家
#03911,用<0>缩短
#03912,<po=m>要取消吗？<br><co=d94646>※亲密度不会上升
#03913,约会
#03914,=#01580
#03915,我出发了！
#03916,<po=m><0>们<br><1>先出发了！
#03917,成人前的成长
#03918,投入数量超过最大限制
#03919,尚未完成投入道具<br>要返回吗
#03920,<po=m>获得1个<0><br>现在共有<1>个
#03921,<po=m>消耗<1>个<0><br>来解锁<br>持有数量将减少至<2>个
#03922,<po=m>消耗<1>个<0><br>来解锁
#03923,<0>分钟后可以选择
#03924,<po=m><0>不足。<br>将全部回满。
#03925,<0>不足
#03926,人数已达上限
#03927,<po=m>费用不足。<br>要用<1>个<0>来答谢吗？
#03928,否\t<pic=money><0>
#03929,<po=m>纪录刷新！<br><0>分
#03930,要使用<br>道具吗？
#03931,要对伙伴使用<br>食物道具吗？
#03932,要将装备<br>交给伙伴吗？
#03933,要将技能<br>交给伙伴吗？
#03934,使用\t取消
#03935,投入数量已达上限
#03936,投入种类已达上限
#03937,对<0>补货了<br><1>次
#03938,<0><br>不足
#03939,仓库空间不足，因此未能追加。
#03940,牧场已满。
#03941,已成功购买<0>，<br>并移送至怪物牧场。
#03942,国王的名字
#03943,要消耗<br><0>个钻石吗？
#03944,否\t + <po=lm><pic=money><0>&<po=rm><bo=fefefe><1></bo>
#03945,使用
#03946,请投入资源
#03947,研究所无法运作
#03948,<po=m>立即复活<br><0>
#03949,<po=m>让<0><br>继承<br><1>的经验值
#03950,<po=m>继续所有人员的<br><0>派遣<br><pic=stamina> <1>/<2>
#03951,继续
#03952,命令所有派遣中的人员返回
#03953,取消\t返回
#03954,<po=m>与<0><br>告别<br><co=d94646>※告别后无法找回
#03955,设置成功
#03956,与<0><br>告别
#03957,保存失败【<0>】<1>
#03958,<po=m>装备中的技能<br>将在离开城市时消失。<br>※可以替换技能。
#03959,<po=m>要使用 <0><br>来获得报酬吗？
#03960,观看视频\t关闭
#03961,已将 <0> 存放在仓库中。
#03962,<po=m><0> 购买成功。<br>现在 <1>个
#03963,购买\t取消
#03964,<po=m>用<1>个<0><br>来购买<2>
#03965,要返回王国吗？
#03966,耐久
#03967,敌人会定期出现
#03968,使用者 <0>
#03969,蓄满 <0>
#03970,任务完成！
#03971,领取报酬
#03972,<po=m><co=ff0000><0></co><br>遭到了攻击！
#03973,个人页面
#03974,重新登入
#03975,重置
#03976,退会
#03977,开罗账号
#03978,已登入
#03979,已退会。
#03980,每日
#03981,周日
#03982,周一
#03983,周二
#03984,周三
#03985,周四
#03986,周五
#03987,周六
#03988,亿
#03989,回到了城里……
#03990,投资计划书
#03991,<0>好像不足。
#03992,TAPJOY\t商店
#03993,时间
#03994,个
#03995,<po=m>无法启动。<br>权限：请允许访问存储空间后重新启动游戏。<br>※用于保存游戏。
#03996,<po=m>发生错误。<br>为了解决问题，可以请您发送错误信息吗？<br>（※个人信息将不会被发送）
#03997,=#00893
#03998,=#00894
#03999,=#00895
#04000,=#00896
#04001,=#00897
#04002,=#01612
#04003,=#01615
#04004,=#01614
#04005,=#02464
#04006,速度
#04007,运气
#04008,头脑
#04009,灵巧
#04010,采集
#04011,移动
#04012,心
#04013,生命力
#04014,能量储藏量
#04015,使用次数
#04016,=#00905
#04017,继承数
#04018,硬币
#04019,食
#04020,魔
#04021,体力
#04022,宝
#04023,活
#04024,防
#04025,速
#04026,巧
#04027,采
#04028,移
#04029,爱
#04030,体力储藏
#04031,蕴藏
#04032,使用
#04033,金
#04034,银
#04035,=#01047
#04036,继承
#04037,攻型
#04038,守型
#04039,平衡
#04040,移动土地
#04041,移除土地
#04042,居民列表
#04043,增加大门
#04044,开始保存
#04045,钻石|个|个礼包
#04046,数据已更新。
#04047,购买手续未能正常完成。
#04048,正在维护服务器。
#04049,<po=m>正在维护服务器。<br><br>过一段时间后，<br>可以通过以下方法获得商品。<br><br>·通过购买记录修复<br>·重新启动游戏
#04050,不存在的服务编号：<0>
#04051,其他
#04052,修复
#04053,继承
#04054,安装奖励
#04055,=#02540
#04056,通知
#04057,购买时的注意事项
#04058,钻石|个
#04059,<0><1>个
#04060,<0> <1>次
#04061,游戏时间 +<0>分钟
#04062,推送通知<br>送来了奖励
#04063,过去购买记录
#04064,当前购买状态
#04065,请打开网络权限，查看网络信号，并重新启动。
#04066,若使用了自动安全锁等功能，请查看是否已对游戏解除锁定。
#04067,若启用了儿童网络过滤器，则将无法使用部分功能。
#04068,正在加载
#04069,正在读取时间
#04070,即将到达
#04071,～羊先生的提示日志～
#04072,发送好友申请
#04073,申请\t放弃
#04074,收到了好友申请！
#04075,同意\t拒绝
#04076,昵称
#04077,好友的编号
#04078,<po=m>未能发现<br>好友。&请检查输入内容。
#04079,<po=m>另外，请<co=ff0000>不要删除游戏应用</co>哦。删除后好友将全部被清空而无法恢复。
#04080,申请列表
#04081,好友邮局
#04082,登录角色
#04083,距奖励还剩 <0>人
#04084,寻找好友，发送申请吧
#04085,申请 <0>件
#04086,查看
#04087,从开罗乐园的<br>好友中寻找
#04088,查看我的角色
#04089,要选哪个呢
#04090,开始游戏前……
#04091,阅读使用条款
#04092,输入昵称
#04093,※之后可以修改
#04094,同意条款
#04095,留宿中
#04096,寻找
#04097,<po=m>最多可以将<br><0>名各地的用户<br>登录为好友。<br>根据好友的<br>总游戏时间，会在启动时<br>得到奖励。询问朋友的编号后<br>申请成为好友吧。
#04098,<po=m>与全国的玩家成为好友后，<br>就可以互相帮助了。<br><br>先登录自己的角色吧。
#04099,<po=m>原先设置的角色消失了。<br>请设置新的角色。
#04100,也可能是对方已达上限
#04101,无法使用 , % \
#04102,开始转移游戏数据
#04103,接收数据
#04104,输入代码
#04105,<po=m>最终更新[<0>]<br>发现了绑定开罗账号的数据。<br>是否通过此数据进行修复？
#04106,请输入数据代码
#04107,数据代码
#04108,<po=m><co=3c64c8>◆ 转移游戏数据的方法 ◆
#04109,不同的平台
#04110,<po=m>① 在现在安装游戏的设备上<br>选择“发送游戏数据”，<br>记录生成的数据代码。<br><br>② 在目标设备上启动游戏，<br>选择“接收游戏数据”，<br>并输入密码，开始下载。<br><br><co=ff4000>数据代码的有效时间为1周<br>转移后将无法在原来的设备上进行游戏<br>无法将数据从<0>转移到<1>上
#04111,发送游戏数据
#04112,接收游戏数据
#04113,<po=m>数据转移完毕。<br>请重新启动游戏。
#04114,<0> <1>个
#04115,金币优惠活动<br>开始了！
#04116,之后将显示推广列表哦
#04117,<po=m>使用Tapjoy的功能前，<br>请先解除广告跟踪限制，并重新启动游戏。<br>设置应用程序 > 个人隐私 > 广告 > 广告跟踪限制
#04118,好友申请 王都创世物语
#04119,我在 王都创世物语\n发送了好友申请哦！\n请同意哦。
#04120,安装 王都创世物语，\n在好友页面\n搜索\n编号：“<0>”吧。\n\n下载地址在这里哦\n
#04121,好友申请 住宅梦物语
#04122,我在住宅梦物语 安卓版<br>发送了好友申请哦！<br>请同意哦。
#04123,<po=m>安装住宅梦物语 安卓版，<br>在好友页面<br>搜索<br>编号：“<0>”吧。<br><br>下载地址在这里哦<br>
#04124,<0>获得了<0>0&信息&钻石
#04125,<po=m>请在目标设备上启动游戏，<br>并输入数据代码。<br><br>数据代码“<co=ffff00><0></co>”
#04126,<po=m>数据转移完毕。<br>请删除此设备上的游戏。<br>数据代码“<0>”
#04127,取消数据转移
#04128,友情抽奖
#04129,建材收纳袋
#04130,野草收纳袋
#04131,蔬菜收纳袋
#04132,种子收纳袋
#04133,木箱
#04134,金桶
#04135,水果收纳袋
#04136,肉品收纳袋
#04137,海产收纳袋
#04138,料理
#04139,肉
#04140,商品
#04141,地面_宝
#04142,草原_宝
#04143,沙漠_宝
#04144,岩场_宝
#04145,火山_宝
#04146,雪原_宝
#04147,沼泽_宝
#04148,水_宝
#04149,特殊_宝
#04150,=#01615
#04151,蓝色宝箱
#04152,黑色宝箱
#04153,金色宝箱
#04154,周日 排名奖励
#04155,周一 排名奖励
#04156,周二 排名奖励
#04157,周三 排名奖励
#04158,周四 排名奖励
#04159,周五 排名奖励
#04160,周六 排名奖励
#04161,战斗奖励
#04162,宝箱
#04163,调查背包
#04164,游戏时间达到 <0>小时以上
#04165,募集 <0>名居民
#04166,发现　<0>种职业
#04167,建造<0>幢设施
#04168,级别达到 <0>以上
#04169,解放 <0>个区域
#04170,完成<0>件任务吧
#04171,找到 <0>种全体型道具吧
#04172,找到 <0>种道具吧
#04173,击破 <0>种怪物吧
#04174,扫除 <0>个迷途之云吧
#04175,建造<0>幢市政厅吧
#04176,向城外派遣<0>次吧
#04177,存放<0>个道具吧
#04178,结交<0>名好友吧
#04179,分析 <0>个宝箱
#04180,研究 <0>次吧
#04181,为<0>人提供住所吧
#04182,存放 <0>个宝箱吧
#04183,找到<0>个 技能吧
#04184,击破<0>个 洞窟吧
#04185,孵化<0>只 怪物吧
#04186,邀请 <0>只怪物成为伙伴吧
#04187,收集<0>只虫吧
#04188,收集<0>条鱼吧
#04189,收集<0>个美术品吧
#04190,收集<0>只动物吧
#04191,收集<0>枚金币吧
#04192,诞生<0>个孩子
#04193,初次见面。<br>我是从先王时代<br>便开始侍奉王室的顾问。
#04194,建造后查看信息吧。
#04195,接下来<br>再布置这个吧。
#04196,试着建设土地吧。
#04197,真是一片不错的土地吧。<br>把它给予国王吧。
#04198,把土地给予国王吧。
#04199,之后不如搭建<br>收集宝物的地方吧
#04200,建造2间仓库吧。
#04201,施工……<br>需要人手呢！<br>请看这个。
#04202,雇佣3名居民吧。
#04203,用这个<br>来完成施工如何
#04204,完成仓库与国王房间吧
#04205,为了让国王房间运转<br>还需要这个呢。
#04206,点击国王房间里的家具吧。
#04207,今后应该会需要<br>连接外部的门。
#04208,来建造大门吧
#04209,城外可能会有<br>沉睡中的宝物。
#04210,派遣卫兵吧。
#04211,我们稍微观望一会儿吧。<br>有推荐的东西哦。
#04212,或许可以试着<br>快进一下时间。
#04213,咦！级别点数似乎<br>蓄满了呢！
#04214,来提升级别吧
#04215,我突然觉得“研究”<br>对王国的发展会很重要。
#04216,试着招募“研究家”吧。
#04217,得到了第2幢<br>市政厅呢！
#04218,建造市政厅吧。
#04219,得打开<br>获得的宝箱呢
#04220,建造宝箱解析所吧。
#04221,似乎还需要<br>更多用于研究的设施。
#04222,建造研究所吧。
#04223,似乎准备就绪了呢。<br>立即开始研究吧。
#04224,尝试研究吧。
#04225,需要新的居民呢……<br>请人来介绍冒险者吧。
#04226,请人来介绍冒险者吧。
#04227,似乎有居民的<br>生命所剩无几了……
#04228,建造回复生命的设施吧。
#04229,鼓起干劲，<br>继续培养居民吧。
#04230,来培养居民吧。
#04231,获得了食物。<br>赶快用用看吧。
#04232,让居民成长吧
#04233,在城外好像发现了……<br>危险的洞窟。
#04234,选择洞窟，前去讨伐吧。
#04235,派遣地点……似乎出现了<br>首领的身影！
#04236,组织精锐部队，挑战首领吧。
#04237,派遣中的居民<br>正在等待指示。
#04238,请选择新的派遣地点吧。
#04239,您似乎得到了马棚呢。
#04240,请搭建马棚吧。
#04241,噢。新的区域中<br>有港口呢
#04242,建造5～6个招牌连接到城市吧
#04243,装备就绪<br>招揽游船吧
#04244,招揽游船，迎接游客吧
#04245,其他居民似乎也能<br>居住在现在的房屋中哦。
#04246,布置同居床铺吧。
#04247,城市受到攻击了呢……
#04248,是时候强化城墙了呢。
#04249,第二座城市建成了呢！
#04250,让两座城市持续发展吧
#04251,来往于两座城市间吧
#04252,来往于两个王国间吧
#04253,提升级别开始需要<br>道具了呢。
#04254,收集各种道具吧
#04255,似乎有必要为将来<br>受到攻击时做好准备。
#04256,努力为城墙升级吧。
#04257,<pic=grass>变多了呢<br>可能需要仓库了
#04258,研究<pic=grass>的仓库吧
#04259,<pic=food>变多了呢<br>可能需要仓库了
#04260,研究<pic=food>的仓库吧
#04261,<pic=wood>变多了呢<br>可能需要仓库了
#04262,研究<pic=wood>的仓库吧
#04263,<pic=iron>变多了呢<br>可能需要仓库了
#04264,研究<pic=iron>的仓库吧
#04265,<pic=magic>变多了呢<br>可能需要仓库了
#04266,研究<pic=magic>的仓库吧
#04267,感觉能量有些不足了呢<br>用这些设施如何呢
#04268,研究能量泵与仓库吧
#04269,我灵光一闪<br>想到了新的研究内容。
#04270,研究道路吧
#04271,研究水井吧
#04272,研究炉灶吧
#04273,研究休憩处吧
#04274,研究长椅吧
#04275,似乎需要<br>更多宝物仓库呢。
#04276,研究宝物仓库吧
#04277,似乎需要<br>更多道具仓库呢。
#04278,研究道具仓库吧
#04279,<pic=grass>不足呢
#04280,研究农田吧
#04281,<pic=wood>不足呢
#04282,研究造林所吧
#04283,派遣人手清除<br>四处弥漫的阴云吧
#04284,或许应该更改派遣地点
#04285,获得铜币了呢。
#04286,添置铜币箱吧。
#04287,获得银币了呢。
#04288,添置银币箱吧。
#04289,获得金币了呢。
#04290,添置金币箱吧。
#04291,王国里的武器<br>似乎也增加了呢。
#04292,为伙伴选择装备吧。
#04293,似乎获得了<br>新的技能呢。
#04294,重新搭配技能吧。
#04295,奶农<br>成为伙伴了呢。
#04296,建造牧场吧。
#04297,牧场建成了呢。
#04298,在城外布置饲料吧。
#04299,咦？<br>怪物似乎<br>掉落了什么呢。
#04300,准备好蛋仓库吧。
#04301,发现蛋了呢。<br>努力在城里孵化吧。
#04302,研究怪物房间吧
#04303,或许可以在商店中<br>增加货架呢。
#04304,在商店中增加货架吧
#04305,<pic=food>不足呢
#04306,通过派遣来寻找<pic=food>
#04307,<pic=iron>不足呢
#04308,通过派遣来寻找<pic=iron>
#04309,<pic=magic>不足呢
#04310,通过派遣来寻找<pic=magic>
#04311,得到了矿山呢。
#04312,装备技能，妥善利用矿山吧。
#04313,似乎得到了魔石矿山呢。
#04314,装备技能，妥善利用魔石矿山吧。
#04315,好友增加了呢！
#04316,准备供好友留宿的<br>床铺吧。
#04317,似乎得到了荒地路牌呢。
#04318,建造荒地路牌吧。
#04319,似乎得到了远征小屋呢。
#04320,建造远征小屋吧。
#04321,似乎得到了育苗场呢。
#04322,建造育苗场吧。
#04323,似乎得到了工具精制所呢。
#04324,建造工具精制所吧。
#04325,似乎得到了矿石精制所呢。
#04326,建造矿石精制所吧。
#04327,似乎得到了烹饪台呢。
#04328,来建造烹饪台吧。
#04329,似乎得到了魔物雕像呢。
#04330,来建造魔物雕像吧。
#04331,似乎得到了驱魔摆设 宝珠呢。
#04332,建造驱魔摆设 宝珠吧。
#04333,似乎得到了驱魔摆设 剑呢。
#04334,建造驱魔摆设 剑吧。
#04335,似乎得到了驱魔摆设 石碑呢。
#04336,建造驱魔摆设 石碑吧。
#04337,我们王国终于<br>也有武器店了呢。
#04338,武器店建成了呢。
#04339,我们王国终于<br>也有防具了呢。
#04340,防具店建成了呢。
#04341,我们王国终于<br>也有道具店了呢。
#04342,道具店建成了呢。
#04343,我们王国终于<br>也有家具店了呢。
#04344,家具店建成了呢。
#04345,我们王国终于<br>也有技能店了呢。
#04346,技能店建成了呢。
#04347,我们王国终于<br>也有旅馆了呢。
#04348,旅馆建成了呢。
#04349,我们王国终于<br>也有饭馆了呢。
#04350,饭馆建成了呢。
#04351,我们王国终于<br>也有饰品店了呢。
#04352,饰品店建成了呢。
#04353,我们王国终于<br>也有回复所了呢。
#04354,回复所建成了呢。
#04355,我们王国终于<br>也有解析所了呢。
#04356,解析所建成了呢。
#04357,我们王国终于<br>也有研究所了呢。
#04358,研究所建成了呢。
#04359,我们王国终于<br>也有医院了呢。
#04360,医院建成了呢。
#04361,我们王国终于<br>也有教堂了呢。
#04362,教堂建成了呢。
#04363,城里的重要职业……或许可以考虑雇佣多名呢
#04364,有余力时就多多雇佣吧
#04365,似乎……发现了<br>新的区域哦！
#04366,让王国<br>变得更加和平吧！
#04367,似乎……发现了<br>新的住所类型！
#04368,委托木匠和运输者<br>来建造房屋吧。
#04369,我们王国也终于<br>有调查队室了呢。
#04370,调查队室建成了呢。
#04371,似乎得到了<br>混沌之岩呢。
#04372,建造混沌之岩吧
#04373,似乎得到了<br>领土填埋工具呢。
#04374,来填埋领土内的水域吧
#04375,噢！得到了<br>高级仓库 野草呢。
#04376,建造新的仓库吧！
#04377,噢！得到了<br>高级仓库 木材呢
#04378,噢！得到了<br>高级仓库 粮食呢
#04379,噢！得到了<br>高级仓库 矿石呢
#04380,噢！得到了<br>高级仓库 魔石呢
#04381,噢！得到了<br>高级仓库 能量呢
#04382,噢！得到了<br>高级仓库 宝物呢
#04383,噢！得到了<br>高级仓库 道具呢
#04384,噢！得到了<br>高级仓库 蛋呢
#04385,级别<br>高了不少呢
#04386,去寻找<br>提升级别上限的秘宝吧
#04387,为高级别的农民<br>建造房屋吧。
#04388,似乎得到了<br>新的收银机呢。
#04389,更换成附带店员收银机吧
#04390,噢！圣诞老人<br>也来到了我们王国。
#04391,为圣诞老人准备一间屋子吧
#04392,既然圣诞之屋建成了<br>现在就差驯鹿了呢
#04393,研究驯鹿吧
#04394,凑齐了三头驯鹿<br>因而收到了礼物！
#04395,查看新的装备吧！
#04396,似乎发现了……<br>非常强大的区域哦！
#04397,小心谨慎地前去看看吧……！
#04398,咦……<br>似乎有居民的亲密度很高呢。
#04399,来建造教堂吧！
#04400,总感觉婚后的居民<br>有某些变化。
#04401,建造婴儿床吧
#04402,宝宝出生后<br>还会需要帮助其成长的设施
#04403,建造托儿所吧
#04404,第2代终于<br>在城里现身了呢！
#04405,建造飞艇停靠点吧
#04406,与众不同的旅客<br>似乎喜欢收藏品
#04407,建造收藏家之屋吧
#04408,增加了新的职业呢
#04409,期待今后的活跃表现。
#04410,我们城市终于迎来了<br>王之子的诞生。
#04411,艺术工坊建成了呢！
#04412,昆虫馆建成了呢！
#04413,水族馆建成了呢！
#04414,动物园建成了呢！
#04415,博物馆建成了呢！
#04416,生命圣水 #1
#04417,全体居民的生命增加10
#04418,=MID(#04416,1,-1)&'2'
#04419,=MID(#04416,1,-1)&'3'
#04420,=MID(#04416,1,-1)&'4'
#04421,=MID(#04416,1,-1)&'5'
#04422,=MID(#04416,1,-1)&'6'
#04423,=MID(#04416,1,-1)&'7'
#04424,=MID(#04416,1,-1)&'8'
#04425,=MID(#04416,1,-1)&'9'
#04426,=MID(#04416,1,-1)&'10'
#04427,=MID(#04416,1,-1)&'11'
#04428,=MID(#04416,1,-1)&'12'
#04429,=MID(#04416,1,-1)&'13'
#04430,=MID(#04416,1,-1)&'14'
#04431,=MID(#04416,1,-1)&'15'
#04432,=MID(#04416,1,-1)&'16'
#04433,=MID(#04416,1,-1)&'17'
#04434,=MID(#04416,1,-1)&'18'
#04435,=MID(#04416,1,-1)&'19'
#04436,=MID(#04416,1,-1)&'20'
#04437,智慧圣水 #1
#04438,全体居民的魔力增加10
#04439,=MID(#04437,1,-1)&'2'
#04440,=MID(#04437,1,-1)&'3'
#04441,=MID(#04437,1,-1)&'4'
#04442,=MID(#04437,1,-1)&'5'
#04443,=MID(#04437,1,-1)&'6'
#04444,=MID(#04437,1,-1)&'7'
#04445,=MID(#04437,1,-1)&'8'
#04446,=MID(#04437,1,-1)&'9'
#04447,=MID(#04437,1,-1)&'10'
#04448,=MID(#04437,1,-1)&'11'
#04449,=MID(#04437,1,-1)&'12'
#04450,=MID(#04437,1,-1)&'13'
#04451,=MID(#04437,1,-1)&'14'
#04452,=MID(#04437,1,-1)&'15'
#04453,=MID(#04437,1,-1)&'16'
#04454,=MID(#04437,1,-1)&'17'
#04455,=MID(#04437,1,-1)&'18'
#04456,=MID(#04437,1,-1)&'19'
#04457,=MID(#04437,1,-1)&'20'
#04458,活力圣水 #1
#04459,全体居民的活力增加10
#04460,=MID(#04458,1,-1)&'2'
#04461,=MID(#04458,1,-1)&'3'
#04462,=MID(#04458,1,-1)&'4'
#04463,=MID(#04458,1,-1)&'5'
#04464,=MID(#04458,1,-1)&'6'
#04465,=MID(#04458,1,-1)&'7'
#04466,=MID(#04458,1,-1)&'8'
#04467,=MID(#04458,1,-1)&'9'
#04468,=MID(#04458,1,-1)&'10'
#04469,=MID(#04458,1,-1)&'11'
#04470,=MID(#04458,1,-1)&'12'
#04471,=MID(#04458,1,-1)&'13'
#04472,=MID(#04458,1,-1)&'14'
#04473,=MID(#04458,1,-1)&'15'
#04474,=MID(#04458,1,-1)&'16'
#04475,=MID(#04458,1,-1)&'17'
#04476,=MID(#04458,1,-1)&'18'
#04477,=MID(#04458,1,-1)&'19'
#04478,=MID(#04458,1,-1)&'20'
#04479,力量圣水 #1
#04480,全体居民的攻击力增加10
#04481,=MID(#04479,1,-1)&'2'
#04482,=MID(#04479,1,-1)&'3'
#04483,=MID(#04479,1,-1)&'4'
#04484,=MID(#04479,1,-1)&'5'
#04485,=MID(#04479,1,-1)&'6'
#04486,=MID(#04479,1,-1)&'7'
#04487,=MID(#04479,1,-1)&'8'
#04488,=MID(#04479,1,-1)&'9'
#04489,=MID(#04479,1,-1)&'10'
#04490,=MID(#04479,1,-1)&'11'
#04491,=MID(#04479,1,-1)&'12'
#04492,=MID(#04479,1,-1)&'13'
#04493,=MID(#04479,1,-1)&'14'
#04494,=MID(#04479,1,-1)&'15'
#04495,=MID(#04479,1,-1)&'16'
#04496,=MID(#04479,1,-1)&'17'
#04497,=MID(#04479,1,-1)&'18'
#04498,=MID(#04479,1,-1)&'19'
#04499,=MID(#04479,1,-1)&'20'
#04500,守护圣水 #1
#04501,全体居民的防御力增加10
#04502,=MID(#04500,1,-1)&'2'
#04503,=MID(#04500,1,-1)&'3'
#04504,=MID(#04500,1,-1)&'4'
#04505,=MID(#04500,1,-1)&'5'
#04506,=MID(#04500,1,-1)&'6'
#04507,=MID(#04500,1,-1)&'7'
#04508,=MID(#04500,1,-1)&'8'
#04509,=MID(#04500,1,-1)&'9'
#04510,=MID(#04500,1,-1)&'10'
#04511,=MID(#04500,1,-1)&'11'
#04512,=MID(#04500,1,-1)&'12'
#04513,=MID(#04500,1,-1)&'13'
#04514,=MID(#04500,1,-1)&'14'
#04515,=MID(#04500,1,-1)&'15'
#04516,=MID(#04500,1,-1)&'16'
#04517,=MID(#04500,1,-1)&'17'
#04518,=MID(#04500,1,-1)&'18'
#04519,=MID(#04500,1,-1)&'19'
#04520,=MID(#04500,1,-1)&'20'
#04521,古代设计图 #1 
#04522,所有设施的最大耐久度增加10
#04523,古代设计图 #2 
#04524,=MID(#04523,1,-1)&'3'
#04525,=MID(#04523,1,-1)&'4'
#04526,=MID(#04523,1,-1)&'5'
#04527,=MID(#04523,1,-1)&'6'
#04528,=MID(#04523,1,-1)&'7'
#04529,=MID(#04523,1,-1)&'8'
#04530,=MID(#04523,1,-1)&'9'
#04531,=MID(#04523,1,-1)&'10'
#04532,=MID(#04523,1,-1)&'11'
#04533,=MID(#04523,1,-1)&'12'
#04534,=MID(#04523,1,-1)&'13'
#04535,=MID(#04523,1,-1)&'14'
#04536,=MID(#04523,1,-1)&'15'
#04537,=MID(#04523,1,-1)&'16'
#04538,=MID(#04523,1,-1)&'17'
#04539,=MID(#04523,1,-1)&'18'
#04540,=MID(#04523,1,-1)&'19'
#04541,=MID(#04523,1,-1)&'20'
#04542,=MID(#04523,1,-1)&'21'
#04543,=MID(#04523,1,-1)&'22'
#04544,=MID(#04523,1,-1)&'23'
#04545,先人的地图 #1
#04546,派遣时的费用减少5%
#04547,=MID(#04545,1,-1)&'2'
#04548,=MID(#04545,1,-1)&'3'
#04549,=MID(#04545,1,-1)&'4'
#04550,=MID(#04545,1,-1)&'5'
#04551,=MID(#04545,1,-1)&'6'
#04552,秘密道具 #1
#04553,建造时的费用减少5%
#04554,=MID(#04552,1,-1)&'2'
#04555,=MID(#04552,1,-1)&'3'
#04556,=MID(#04552,1,-1)&'4'
#04557,=MID(#04552,1,-1)&'5'
#04558,=MID(#04552,1,-1)&'6'
#04559,王国行业杂志 #1
#04560,研究或升级时的时间减少5%
#04561,=MID(#04559,1,-1)&'2'
#04562,=MID(#04559,1,-1)&'3'
#04563,=MID(#04559,1,-1)&'4'
#04564,=MID(#04559,1,-1)&'5'
#04565,=MID(#04559,1,-1)&'6'
#04566,钻石之书 #1
#04567,消耗钻石时的费用减少2%
#04568,=MID(#04566,1,-1)&'2'
#04569,=MID(#04566,1,-1)&'3'
#04570,=MID(#04566,1,-1)&'4'
#04571,=MID(#04566,1,-1)&'5'
#04572,觉醒之书 #1
#04573,全员的觉醒上限增加5
#04574,=MID(#04572,1,-1)&'2'
#04575,=MID(#04572,1,-1)&'3'
#04576,=MID(#04572,1,-1)&'4'
#04577,=MID(#04572,1,-1)&'5'
#04578,城建指南 #1
#04579,城市级别的上限增加5
#04580,=MID(#04578,1,-1)&'2'
#04581,=MID(#04578,1,-1)&'3'
#04582,=MID(#04578,1,-1)&'4'
#04583,=MID(#04578,1,-1)&'5'
#04584,=MID(#04578,1,-1)&'6'
#04585,=MID(#04578,1,-1)&'7'
#04586,=MID(#04578,1,-1)&'8'
#04587,=MID(#04578,1,-1)&'9'
#04588,=MID(#04578,1,-1)&'10'
#04589,=MID(#04578,1,-1)&'11'
#04590,=MID(#04578,1,-1)&'12'
#04591,=MID(#04578,1,-1)&'13'
#04592,=MID(#04578,1,-1)&'14'
#04593,兵书 #1
#04594,增加首领战与网络对战的讨伐成员人数
#04595,=MID(#04593,1,-1)&'2'
#04596,=MID(#04593,1,-1)&'3'
#04597,=MID(#04593,1,-1)&'4'
#04598,=MID(#04593,1,-1)&'5'
#04599,=MID(#04593,1,-1)&'6'
#04600,=MID(#04593,1,-1)&'7'
#04601,=MID(#04593,1,-1)&'8'
#04602,=MID(#04593,1,-1)&'9'
#04603,=MID(#04593,1,-1)&'10'
#04604,=MID(#04593,1,-1)&'11'
#04605,=MID(#04593,1,-1)&'12'
#04606,=MID(#04593,1,-1)&'13'
#04607,=MID(#04593,1,-1)&'14'
#04608,=MID(#04593,1,-1)&'15'
#04609,=MID(#04593,1,-1)&'16'
#04610,=MID(#04593,1,-1)&'17'
#04611,=MID(#04593,1,-1)&'18'
#04612,=MID(#04593,1,-1)&'19'
#04613,=MID(#04593,1,-1)&'20'
#04614,=MID(#04593,1,-1)&'21'
#04615,=MID(#04593,1,-1)&'22'
#04616,=MID(#04593,1,-1)&'23'
#04617,=MID(#04593,1,-1)&'24'
#04618,=MID(#04593,1,-1)&'25'
#04619,=MID(#04593,1,-1)&'26'
#04620,=MID(#04593,1,-1)&'27'
#04621,=MID(#04593,1,-1)&'28'
#04622,梦幻探险地图 #1
#04623,增加洞窟的讨伐成员人数
#04624,=MID(#04622,1,-1)&'2'
#04625,=MID(#04622,1,-1)&'3'
#04626,=MID(#04622,1,-1)&'4'
#04627,=MID(#04622,1,-1)&'5'
#04628,=MID(#04622,1,-1)&'6'
#04629,=MID(#04622,1,-1)&'7'
#04630,=MID(#04622,1,-1)&'8'
#04631,=MID(#04622,1,-1)&'9'
#04632,=MID(#04622,1,-1)&'10'
#04633,=MID(#04622,1,-1)&'11'
#04634,=MID(#04622,1,-1)&'12'
#04635,=MID(#04622,1,-1)&'13'
#04636,=MID(#04622,1,-1)&'14'
#04637,=MID(#04622,1,-1)&'15'
#04638,=MID(#04622,1,-1)&'16'
#04639,=MID(#04622,1,-1)&'17'
#04640,=MID(#04622,1,-1)&'18'
#04641,神锤的奥秘 #1
#04642,增加可同时施工的数量
#04643,=MID(#04641,1,-1)&'2'
#04644,=MID(#04641,1,-1)&'3'
#04645,=MID(#04641,1,-1)&'4'
#04646,=MID(#04641,1,-1)&'5'
#04647,=MID(#04641,1,-1)&'6'
#04648,=MID(#04641,1,-1)&'7'
#04649,=MID(#04641,1,-1)&'8'
#04650,=MID(#04641,1,-1)&'9'
#04651,=MID(#04641,1,-1)&'10'
#04652,=MID(#04641,1,-1)&'11'
#04653,=MID(#04641,1,-1)&'12'
#04654,=MID(#04641,1,-1)&'13'
#04655,=MID(#04641,1,-1)&'14'
#04656,=MID(#04641,1,-1)&'15'
#04657,=MID(#04641,1,-1)&'16'
#04658,=MID(#04572,1,-1)&'6'
#04659,全员的觉醒上限增加1
#04660,<po=c>画面会更大，<br>并且可以<br><co=60,100,200>横向旋转</co>！
#04661,好像顺利取消了广告显示呢！
#04662,并且支持画面的旋转！！可以通过“菜单”—“系统”—“更改设定”来切换横向旋转的开启/关闭。
#04663,画面已焕然一新，<br>转换一下心情，来继续经营吧！
#04664,请通过许可确认信号状态后重新启动游戏。\n将通信设为关闭时可能会无法使用部分功能。
#04665,信息
#04666,信息
#04667,连接中
#04668,好的
#04669,欢迎光临
#04670,售罄
#04671,呵呵呵呵。\n要买什么？
#04672,连接失败
#04673,购买道具
#04674,阅读使用条款（必须）
#04675,同意条款并前往市场
#04676,购买后重新开始游戏便可获得
#04677,前往购买
#04678,同意条款并前往购买
#04679,报告
#04680,顺利收到\n道具了
#04681,要在哪里开店呢
#04682,阿南商会
#04683,奖券商店
#04684,啊呀……<br>和总部的<co=60,100,200>通信失败</co>了。
#04685,确认信号和通信的状态<br>并再次光顾本店后……
#04686,就会看到原本的漂亮商品陈列在您眼前了。
#04687,所以……<br>恭候您的再次光临。
#04688,这里是世上超级罕见的<br>贩卖“奖券”的商店哦。
#04689,由于价格不菲，所以请三思而后行。
#04690,呵呵呵。
#04691,呵呵呵，<br>欢迎光临。
#04692,啊——非常遗憾，<br>那里的商品已经<co=60,100,200>售罄</co>了。<br>请看看其他商品吧。
#04693,奖券将会超过最大数——<0>张。
#04694,嚯，眼光不错嘛。
#04695,这边是<co=60,100,200>用真实货币购买的</co>高级商品。
#04696,小孩子请先得到<co=60,100,200>监护人</co>的允许再进行购买哦。呵呵呵。
#04697,今后这个店也会一直开着的，请随时光临。
#04698,呵呵呵，<br>请一定要再次光临哦。
#04699,<0>
#04700,游玩 <0>小时<1>分钟
#04701,尝试申请
#04702,最多可以将<br><0>名各地的用户<br>登录为好友。<br>根据好友的<br>总游戏时间，会在启动时<br>得到奖励。询问朋友的编号后<br>申请成为好友吧。
#04703,昵称
#04704,=#04076
#04705,请输入昵称
#04706,输入内容不能为空
#04707,含有无法使用的文字
#04708,好友的编号
#04709,=#04077
#04710,请输入好友的编号
#04711,恭喜你！<br>登录了新的<co=60,100,200>好友</co>并获得了奖励！
#04712,只要一起游玩，今后也能获得奖励哦！
#04713,另外，请<co=255,0,0>不要删除游戏应用</co>哦。删除后好友将全部被清空而无法恢复。
#04714,进行游戏前
#04715,先输入你的昵称吧
#04716,点击这里
#04717,※之后可以变更※
#04718,好的
#04719,输入新的昵称吧
#04720,<0>  <1>小时 <2>分钟
#04721,上次启动时
#04722,累计
#04723,<0>小时<1>分钟
#04724,提出了申请。
#04725,其他<0>个
#04726,寻找好友
#04727,好友说明
#04728,告知编号
#04729,你的编号在这里（点击看看吧）
#04730,搜索请点这里
#04731,在这里输入
#04732,搜索
#04733,=#02554
#04734,等待对方通过需要一段时间
#04735,申请
#04736,取消
#04737,已收到申请。
#04738,请耐心等待对方通过
#04739,告知朋友吧
#04740,=#02568
#04741,生效需要花费一段时间
#04742,通过
#04743,拒绝
#04744,通过好友申请
#04745,增加好友
#04746,已通过<co=0070FF><0></co><br>。
#04747,推进游戏可能会有奖励
#04748,※不会通知对方※
#04749,删除
#04750,返回
#04751,要删除<br><0>吗？
#04752,关于好友
#04753,好友奖励（每<0>分)
#04754,从好友那获得 <co=254,233,1><0></co>小时<co=254,233,1><1></co>分钟
#04755,（最大）
#04756,领取
#04757,下次再说
#04758,获得好友奖励
#04759,获得了<br><co=0070FF><0>张奖券</co>。
#04760,好友奖励
#04761,好友增加了<co=254,233,1><0>人</co>！
#04762,已与<co=0,128,255><0></co><br>成为好友！
#04763,无法连接。请|确认设定并等待一段时间|后再进行挑战。&最多可以登录<friend_max>个好友。
#04764,支援专用\n请输入商店代码
#04765,商店代码
#04766,接收存档数据
#04767,支援专用\n请输入咨询代码
#04768,咨询代码
#04769,推荐应用信息
#04770,前往标题画面
#04771,向朋友介绍此款游戏
#04772,0P无法登录。
#04773,无法登录<0>。
#04774,将更新游戏版本
#04775,认证失败。请设定购买时的账号并确认信号状态。
#04776,请设定购买时的账号并确认信号状态。
#04777,横向画面模式
#04778,可在正式版中使用！！
#04779,由于系统缘故，无法使用 <0>
#04780,请输入<0>
#04781,游戏启动中
#04782,读取失败
#04783,开始游戏
#04784,存档栏
#04785,从中断处继续游戏
#04786,读取存档数据
#04787,没有中断数据
#04788,空置栏位
#04789,<0>年
#04790,<0>月 <1>周
#04791,由于系统缘故，无法使用 / | < > \
#04792,请选择数据
#04793,没有存档数据
#04794,关于本游戏
#04795,最高通关点数
#04796,没有记录
#04797,无
#04798,正式版
#04799,纪录可在<br>正式版中使用！！
#04800,感谢您的游玩。<br>精简版至此结束。
#04801,在此之后可跳转至正式版的网站。
#04802,期待与您再次相会。
#04803,<0>最新版<br>已发售
#04804,=#02552
#04805,=#02553
#04806,系统
#04807,=#02555
#04808,更改设定
#04809,游戏说明
#04810,纪录
#04811,结束游戏
#04812,继续游戏
#04813,新游戏
#04814,=#02431
#04815,信息
#04816,道具
#04817,返回标题
#04818,小计 <0>点
#04819,合计 <0>点 ！！
#04820,<0>个
#04821,<0>种
#04822,<0>人
#04823,保存游戏中
#04824,对话框
#04825,=#00655
#04826,设定
#04827,画面
#04828,速度
#04829,背景音乐
#04830,效果音
#04831,画面旋转
#04832,画质优先
#04833,速度优先
#04834,高速
#04835,普通
#04836,自动
#04837,固定
#04838,设为速度优先后将会删除
#04839,部分特效和显示
#04840,更改游戏进程速度。
#04841,游戏通关后可以进行更改。
#04842,设定画面是否要
#04843,按终端朝向进行旋转。
#04844,设定游戏中的
#04845,音量
#04846,前往开罗公园
#04847,©Kairosoft
#04848,通关点数
#04849,通关点数的计算
#04850,=#02567
#04851,维护费/月
#04852,基本
#04853,奖励
#04854,合计
#04855,奖励
#04856,男性
#04857,女性
#04858,<0>月
#04859,维护费
#04860,<0>/月
#04861,未设定
#04862,价格
#04863,库存
#04864,持有数
#04865,完成
#04866,进行中
#04867,完成 <0>个
#04868,<0>　<1>月刊
#04869,道具一览
#04870,持有
#04871,道具一览
#04872,使用次数
#04873,<0> 次
#04874,“<0>”
#04875,概要
#04876,期间
#04877,费用
#04878,名称
#04879,排名
#04880,设施一览
#04881,全部
#04882,全部设施
#04883,一览
#04884,将覆盖<br>当前的存档数据
#04885,将删除<br>当前的存档数据
#04886,保存完毕
#04887,滑动画面选择建造场所。按住建筑物进行移动可以进行细微的调整。
#04888,已设定
#04889,现金不足
#04890,获得了临时收入 <co=000080><0></co>。
#04891,开始追踪人物。<br>之后再次点击该人物可以查看详细信息。
#04892,正在建造<0>。
#04893,拆除“<0>”
#04894,要拆除到哪里？
#04895,要从哪里开始铺设<0>？
#04896,要铺设到哪里？
#04897,春
#04898,夏
#04899,秋
#04900,冬
#04901,“<co=008000><0></co>”已完成
#04902,支付了<0> 维护费。
#04903,开罗新闻
#04904,跳转至开罗公园
#04905,跳转至游戏介绍页面
#04906,结束游戏
#04907,连接至开罗公园
#04908,连接至游戏介绍页面
#04909,前往网站
#04910,结束游戏
#04911,最新游戏的信息
#04912,可在开罗公园查看
#04913,货币单位
#04914,日元
#04915,美元
#04916,可以变更金钱的显示单位
#04917,汇率为\\100 = $1
#04918,前往开罗公园请点这里
#04919,认证中
#04920,请输入名称
#04921,长度在<0>个全角字符内
#04922,<0>年<1>月<2>周
#04923,读取失败
#04924,读取失败。
#04925,请通过许可并确认信号状态。
#04926,请通过许可<br>并确认信号状态。
#04927,认证失败。
#04928,服务器发生错误。
#04929,数据发生错误。<br>请重新安装游戏。
#04930,启动失败。请重新启动游戏。
#04931,游戏启动失败。
#04932,中断数据<0>
#04933,存档数据<0>
#04934,发送所有数据
#04935,显示错误内容
#04936,发送所有数据
#04937,发送中断数据<0>
#04938,发送存档数据<0>
#04939,发送完毕。<br>非常感谢您的配合。<br>今后也请您多多支持开罗公园。
#04940,发生错误。<br>要重试吗？
#04941,存档数据的发送
#04942,请选择要发送的内容
#04943,正在发送数据
#04944,请勿关闭电源。
#04945,错误
#04946,精简版
#04947,发生错误。
#04948,=#02549
#04949,请将游戏设定画面中“游戏权限”全部设为开启后再次启动游戏。
#04950,=#03191
#04951,权限：请允许访问存储空间后重新启动游戏。<br>※保存游戏时需求。
#04952,无法启动。
#04953,请缩短内容
#04954,使用Tapjoy的功能前，\n请先解除广告追踪限制，并重新启动游戏。\n设置应用程序 > 个人隐私 > 广告 > 广告跟踪限制
#04955,正在加载广告
#04956,之后会播放广告视频哦
#04957,=#04116
#04958,金币优惠活动\n开始了！
#04959,=#04103
#04960,=#04104
#04961,最终更新[<0>]<br>发现了绑定开罗账号的数据。<br>是否通过此数据进行修复？
#04962,寻找开罗乐园的<br>好友
#04963,点击＋键后可进入光标模式。<br>通过左侧手柄的模拟摇杆<br>与方向键来移动光标，<br>并按下Y、A键，会出现和点击相同的效果哦。<br>再次点击　＋键便可复原。
#04964,请重新启动游戏。
#04965,试玩版
#04966,感谢您体验游戏。<br>试玩版至此结束。
#04967,=#02549
#04968,=#02550
#04969,=#02551
#04970,=#02554
#04971,=#02556
#04972,地图
#04973,普通
#04974,出发
#04975,帮助
#04976,=#02557
#04977,=#02558
#04978,=#02559
#04979,人气
#04980,开始
#04981,编辑
#04982,契合度
#04983,=#02563
#04984,称号
#04985,报告书
#04986,输出
#04987,提示
#04988,顺序
#04989,捕捉
#04990,初始化
#04991,撤退
#04992,标准
#04993,解除
#04994,销售
#04995,=#02562
#04996,详情
#04997,辞典
#04998,反转
#04999,=#02566
#05000,=#02560
#05001,说明
#05002,自动
#05003,=#02565
#05004,=#02564
#05005,省略
#05006,地图
#05007,属性
#05008,部队
#05009,弃权
#05010,作战
#05011,分类
#05012,诊断
#05013,保存
#05014,菜单
#05015,补充
#05016,=#04826
#05017,继续
#05018,返回
#05019,结算
#05020,合成
#05021,同伴
#05022,=#02570
#05023,最大
#05024,奖励
#05025,前往船上
#05026,监狱
#05027,职业
#05028,=#02561
#05029,获得！！
#05030,推荐
#05031,=#02568
#05032,行动
#05033,仓库
#05034,效果
#05035,同意
#05036,条款
#05037,洗切
#05038,停止
#05039,=#02569
#05040,投入
#05041,=#00051
#05042,解雇
#05043,=#02519
#05044,阿南
#05045,=#01402
#05046,购买
#05047,出售
#05048,升级
#05049,变焦
#05050,=#04815
#05051,=#02547
#05052,仅限今日 24种职业S级登场中!
#05053,▼王都创世物语<br>　这是要一款建设发展自己王国的模拟游戏。召集强大可靠的同伴，一起重建和平王都吧。<br><br>还可以和全国玩家比赛，目标是称霸世界排行！
#05054,▼游戏流程<br>　首先建设一个据点市政厅吧。准备好资源仓库和住宅，召集伙伴。一边培育同伴，一边扫荡王国周围的神秘阴云吧。为了不被突然来袭的怪物攻击，强化避难设施，扩充丰富商店，让自己的王国兴旺发展蒸蒸日上吧。
#05055,▼每日流程<br>　早晨居民们会倾向于使用自家的设施，午后则比较喜欢外出。<br>　中午，活力充沛的居民们会以通常的速度展开行动。当体力耗尽时，他们的行动速度便会减慢。夜晚他们便会进入睡眠。然而，怪物们的行动则通常较为活跃。满月是怪物们最可能发动进攻的日子，还请多多注意。
#05056,▼关于资源<br>　对于发展都市，资源是不可或缺的。有时调查一下草木周边，说不定会有什么新发现。植物越多的地方新发现就会越多。田地也可以带来一些收获，积极设置吧。
#05057,▼关于同伴<br>　为了维护和平，强大可靠的同伴是非常重要的。收集武器和防具，装备给你的同伴们吧。对于一个王国的建设来说，各种各样的职业和分野的发展是十分重要的，所以积极召集并培养同伴吧。他们会在有限的生命中认真工作。
#05058,▼关于属性<br>生命　…耗尽后便无法行动<br>魔力　…可以使用技能<br>活力…耗尽后动作会变缓慢<br>攻击　…能给敌人造成的伤害<br>防御　…能抵抗敌人攻击<br>速度　…影响攻击频度<br>运气　…影响打出暴击的几率<br>在战斗中，装备和技能至关重要。<br>使用道具<br>调整装备吧。
#05059,▼关于寿命<br>头脑…可灵活使用工坊<br>灵巧…更精于工事<br>采集…擅长采集自然物<br>移动…一次能够搬运的物品量<br>幸运…扫荡阴云时的气魄<br><br>寿命…如果在无法行动期间没能及时得到救助的话就会扣掉1点。全部耗尽后将会从城市里永远消失。
#05060,▼关于职业<br>・擅长战斗的职业<br>・能在市里开店的职业<br>・能够解析研究宝物的职业<br>・擅长搬运货物的职业<br>・擅长回复的职业<br><br>有各种各样的丰富职业<br>可按自己喜好，收集各种个性同伴，建造只属于自己的王国吧。
#05061,▼关于觉醒<br>　同伴们的等级到一定程度后便会抵达上限。为了突破上限，便需要觉醒。<br>　为了觉醒，需要在“培养”中赋予同职种的权利。达到一定数值后便可觉醒突破等级上限。
#05062,▼关于技能<br>　一些技能可以让居民擅长不同领域，一些则属于职业与生俱来的自带技能。<br>　同样也有很多能在战斗中给己方带来优势的技能。<br>　还有一些技能可以让人使用原本无法装备的武具或能力。<br>但不是所有职业都可以装备魔法。
#05063,▼扩大区域<br>　派遣同伴去阴云附近可以扫荡阴云，阴云被扫荡后便可扩大区域，积极指派同伴吧。<br>　在新的区域说不定能发现珍奇宝物。<br>　当然，阴云中也可能会出现敌人，不要怕，打败它们吧。根据职业和距离的不同，派遣费用也不一样。
#05064,▼制霸洞窟<br>　满月时偶尔会出现洞窟。消费能量，便可前往讨伐。<br><br>　在洞窟里可以找到贵重的宝箱等物品，所以一旦出现，还请积极前往讨伐吧！<br>　洞窟附近也将会涌出大量敌人，因此同时也是升级的好机会。
#05065,▼收集宝箱<br>　被派遣的同伴可以在自然物附近找到埋藏的宝物。很多物品可以用在建筑研究或是设施升级中，一定要多多收集哦。<br><br>　收集到的宝物可以经由市民解析成资源。
#05066,▼收集道具<br>　可以通过打倒敌人获取经验值，或者是使用道具来培养同伴使其升级。<br><br>　一部分设施的升级也需要道具，所以积极收集不同种类的道具吧。<br>　为了不被入侵的敌人抢走道具，切记巩固你的防壁。
#05067,▼收集装备<br>　解放新的区域后，一定几率可以从稀有的宝箱中找到装备。都市里有商店后便可以制作新的商品，获得铜币后便可购买装备。购买自己心仪的商品吧。也可以从每日战斗点数和特别的设施排行中获得装备。
#05068,▼收集蛋<br>　虽然很罕见，但有时也许能在市外遇到闪闪发光的怪物，打倒它后有一定几率获得神奇的蛋。<br>　把蛋放置在可孵育的设施中，便可孵化出怪物，孵化出的怪物将会成为我方同伴。<br>不同种类设施可孵化出<br>・被袭击时发挥作用的防御专攻<br>・讨伐时会追随家主<br>以上两种不同的行动模式。
#05069,▼给蛋投入道具<br>　孵化过程中给蛋投入道具的话，说不定会诞生出不同种类的怪物。提升怪物蛋的4种数值，获取强大的怪物同伴吧。
#05070,▼建造不同城市<br>　随着冒险的进行，可以建造新的市政厅，建立多个城市。城市增加后，可以去开拓更远的区域，也可以增加更多居民，全面发展自己的王国。<br>　城市之间可以互相流通资源促进共同发展。
#05071,▼吸引游客<br>　扩大区域后，便可复兴港湾，吸引外地的观光游览船。这是获取铜币的重要途径。<br>　在港口设置招牌的话，游客便会来访市里。为了做好引导路线，记得合理设置招牌。市里如果没有商店的话，游客便会失望而归。为了让他们不虚此行，多多开设商店吧。
#05072,▼关于商店 1<br>　将土地分给同伴后，不同职业的人会开设不同种类的商店。也可以开设面向游客的商店。提升工坊等级的话，说不定还可以发现新的商品哦。<br>　在有招牌的城市多多开设商店吧。
#05073,▼关于商店 2<br>　除了游客以外，以战斗任务为主的同伴停留在市区时，也会活用各类商店。<br>不仅能收获铜币，他们所装备的武器和防具也能从商店中获得经验值。<br>　根据售卖的商品的等级，所能获取的经验值也会不同。
#05074,▼关于土地面积<br>　土地面积将决定其上方可设置的设施上限。且不同类型的住所也会影响可设置物品的上限。<br><br>　比如床、书架、怪物小屋等，能够设置的设施是有限的，尽量将住所安排在面积较大的土地吧。
#05075,▼关于荒地<br>　派遣的居民如果长期持续挖掘，周围便会受其影响变为荒地，这种情况下将会很难再找到宝物或资源。<br>　为了修复荒地，需要在其周围设置特别的设施，设施完毕后居民们便会定期前往修复荒地，使其恢复健康自然状态。积极寻找修复荒地的设施吧。
#05076,▼关于讨伐<br>　敌人首领会偶尔突然出现在区域中央，前往击退它吧。为了打倒首领需要发动特别的战斗。届时国王也必将亲自参战。<br>　而住宿中的冒险家、好友、还有住在市内的怪物都会自动加入我方一起战斗。好好思考如何安排参战成员，一起攻略首领吧。
#05077,▼能够扩大领土的设施<br>　在所有设施当中，有一些可以为王国扩大领土。在远离市政厅的位置建设指定设施，尽可能积极地扩大领土吧。城市的等级提升后，在特定时机下领土也可能会自动扩大。积极活用新的领土，展开新的冒险吧。
#05078,▼关于水域<br>　有一部分宝箱或首领会被包围在水域中。请放心，只需派遣居民前往水域附近，他们便会搭建简易的渡桥。获得桥后，就可以在喜欢的地方自由搭建桥了。
#05079,▼关于国王<br>　城市等级上升时，国王的等级也会同步进化。<br>　只要努力提升城市等级，国王也自会越来越强大。<br><br>　也许你认为国王会渐渐远离战场，但其实他会在意想不到的时候突然进化变得更为强大，放手去培养他吧。
#05080,▼关于好友<br>　和其他玩家成为好友后<br>・头领/洞窟讨伐战<br>・期间限定的讨伐活动<br>・在上述活动中可以为我方协力。<br>设置好友床铺后，好友便会留下，还会帮助进行派遣或农业等工作。
#05081,▼关于旅馆的冒险家<br>　招揽观光船后，偶尔也会有冒险家来访。如果市里有旅馆的话，他们便会入住。冒险家们会在首领讨伐战中出一分力。<br><br>　提高港口的等级，冒险家们的能力也会随之上升。
#05082,▼关于全体型道具<br>　与培养和升级时所需的道具不同，全体型道具是指可以给全体居民使用的道具。比如一次回复全体成员的生命，或者一次给与全体成员经验值，恢复全资源等，拥有各种各样的效果。如果手里有的话，就看准时机积极使用吧。
#05083,▼关于研究<br>　为了获取新的设施、武器或道具，研究是非常有必要的。如果有可以研究的职业，或是拥有具备研究技能的同伴，给他安排住宿或相应设施后便可开始研究。<br><br>　有充足的资源时便积极进行研究吧。如果收集到特定的道具和铜币后，说不定可以发现新的研究内容。
#05084,▼关于敌人的袭击<br>　满月之夜，周边可能会有敌人来袭。先让居民们恢复好体力，然后再前往击退敌人吧。<br>　敌人会按自己的喜好顺序对市里的设施进行攻击。为了保卫好仓库和能量设施等重要的据点，切记一定要把它们设置在尽量远离容易受攻击的位置。
#05085,▼关于结婚生子<br>　住在同一房间的男女亲密度会随着时间而增高。如果市里有教堂的话，就可以使年轻男女喜结连理。<br>当拥有三座城市后，夫妇之间便可孕育新的生命。<br>　孩子说不定会结合父母双方的职业从而产生新的职业。父母的契合度也会影响孩子所能够继承的能力值。
#05086,▼收集收藏品<br>　城市里有小孩后，拥有银币的特别客人便会来访。建造动物园、博物馆等，举办特别展会，就能入手银币。只要发现特别职业后，就可建造展示室了。积极在各处寻找可以展示的物品，赚取更多银币吧。
#05087,▼与全国玩家比赛<br>　每升5级，便会发布一次高分排行榜，除此之外还有角色之间的地下竞技场，在竞技中取胜获得优胜点数参与全国排行等。一边增加好友，一边走向称霸全国之路吧。
#05088,▼其他<br>　想要重新开始游戏的话，需要先卸载游戏，或是删除本地保存的存档。<br>※卸载后所有存档将被全部删除。<br><br>　如果遇到游戏内部道具购买问题或网络连接问题等，请参考FAQ并联系客服邮箱。
#05089,(关于这个游戏)
#05090,是否下载'save.bin'？
#05091,王都创世物语
#05092,截止日
#05093,消费<0> 实行
#05094,纪录
#05095,=#02459
#05096,=#02462
#05097,开启
#05098,关闭
#05099,等级<0>
#05100,等级<0>
#05101,等级<0>/<1>
#05102,魔力 <0>
#05103,等级
#05104,获得
#05105,<0>分
#05106,经验值
#05107,提升<0>！
#05108,=#00642
#05109,Press <btn=10> Button to enter Cursor Mode.<br>Move the cursor with <btn=16,1>/<btn=4,0> and press<br> <btn=3>/<btn=0> as an alternative to tapping the touch screen.<br>Press the <btn=10> Button again to exit this mode.
#05110,Preparing system...
#05111,Save data is corrupted. <br>Try to restore it?
#05112,Restore failed.
#05113,Delete the corrupted data and<br>start a new game?
#05114,Please close the g