@title,中文(繁體)
@language,zh-TW
@scale,auto
@appli,133 - Do not change
@version,1.72 - Do not change
@author,Your Name
#00000,<po=m>可能有可怕的敵人潛伏著，<br>做好準備進行派遣吧。
#00001,未使用
#00002,沒路可走……
#00003,迷路了……
#00004,這裡是哪裡……
#00005,累了
#00006,嘿咻
#00007,初次見面！
#00008,請多指教！
#00009,你好！
#00010,被打敗了
#00011,投降了
#00012,嗚哇——
#00013,唉唷
#00014,糟了
#00015,不行了
#00016,受不了
#00017,振作點
#00018,沒事
#00019,哎呀呀
#00020,哎呀——
#00021,不得了了！
#00022,保持清醒
#00023,早安
#00024,睡得真好
#00025,還沒睡飽
#00026,呼啊～
#00027,愛睏愛睏
#00028,真是個美好的早晨
#00029,想睡……
#00030,該上床睡覺啦
#00031,晚安
#00032,明天見
#00033,就選這個吧
#00034,這個好
#00035,這個嗎
#00036,就是這個
#00037,請給我這個
#00038,我要這個
#00039,成功了
#00040,耶——
#00041,太好了
#00042,滿足
#00043,得到了
#00044,感動
#00045,太厲害啦
#00046,感覺不錯
#00047,加油吧
#00048,等不及要發揮實力了
#00049,交給我吧
#00050,嘿呀
#00051,完成
#00052,做好了
#00053,做得真不錯
#00054,做得很成功
#00055,收割啦
#00056,豐收咯
#00057,時候到了咯
#00058,唷個咻
#00059,嗯咻
#00060,哎咻
#00061,嘿呀
#00062,好重
#00063,欸咻欸咻
#00064,沒有異常
#00065,賣完了啊
#00066,什麼都沒有
#00067,得救了
#00068,謝謝
#00069,呼
#00070,辛苦辛苦
#00071,厲害吧
#00072,贏啦——
#00073,勝利
#00074,好閒啊
#00075,有沒有人要來啊
#00076,天氣真好
#00077,出現了——
#00078,來者何人
#00079,唔唔唔
#00080,哎呀
#00081,哎唷
#00082,啊
#00083,歡迎光臨
#00084,謝謝光臨
#00085,謝謝光臨
#00086,乖乖
#00087,吁吁——
#00088,嘿嘿嘿
#00089,喲吼
#00090,哎呦喂
#00091,鏘鏘
#00092,偷偷摸摸
#00093,刮擦刮擦
#00094,正在使用……
#00095,這是
#00096,喔喔
#00097,唔——
#00098,發呆——
#00099,晃來晃去
#00100,要做什麼呢
#00102,店員
#00103,有人在嗎
#00104,叮
#00105,我努力過了
#00106,有幫上忙嗎
#00107,希望下次還有機會
#00108,再會了
#00109,祝你有個好夢
#00110,這、這是……
#00111,來得正好
#00112,我乃國王
#00113,嗯哼
#00114,哈囉
#00115,歡迎
#00116,盯——
#00117,不必拘束
#00118,請多指教！
#00119,那麼，就開始了
#00120,閒晃
#00121,嘿
#00122,嘿呀
#00123,唔
#00124,嘿呀
#00125,哇呀
#00126,看招
#00127,原來如此
#00128,嗯嗯
#00129,敲敲
#00130,敲敲打打
#00131,鏗鏗
#00132,咚咚
#00133,碰碰
#00134,鏘鏘
#00135,正在修理
#00136,開始修理吧
#00137,撲通撲通
#00138,緊張
#00139,那樣
#00140,這樣
#00141,喋喋不休
#00142,失敗了……
#00143,協作討伐事件#1
#00144,=MID(#00143,1,-1)&'2'
#00145,=MID(#00143,1,-1)&'3'
#00146,=MID(#00143,1,-1)&'4'
#00147,=MID(#00143,1,-1)&'5'
#00148,=MID(#00143,1,-1)&'6'
#00149,=MID(#00143,1,-1)&'7'
#00150,=MID(#00143,1,-1)&'8'
#00151,=MID(#00143,1,-1)&'9'
#00152,=MID(#00143,1,-1)&'10'
#00153,=MID(#00143,1,-1)&'11'
#00154,=MID(#00143,1,-1)&'12'
#00155,=MID(#00143,1,-1)&'13'
#00156,=MID(#00143,1,-1)&'14'
#00157,=MID(#00143,1,-1)&'15'
#00158,=MID(#00143,1,-1)&'16'
#00159,=MID(#00143,1,-1)&'17'
#00160,=MID(#00143,1,-1)&'18'
#00161,=MID(#00143,1,-1)&'19'
#00162,=MID(#00143,1,-1)&'20'
#00163,=MID(#00143,1,-1)&'21'
#00164,=MID(#00143,1,-1)&'22'
#00165,=MID(#00143,1,-1)&'23'
#00166,=MID(#00143,1,-1)&'24'
#00167,=MID(#00143,1,-1)&'25'
#00168,=MID(#00143,1,-1)&'26'
#00169,=MID(#00143,1,-1)&'27'
#00170,=MID(#00143,1,-1)&'28'
#00171,=MID(#00143,1,-1)&'29'
#00172,=MID(#00143,1,-1)&'30'
#00173,=MID(#00143,1,-1)&'31'
#00174,=MID(#00143,1,-1)&'32'
#00175,=MID(#00143,1,-1)&'33'
#00176,=MID(#00143,1,-1)&'34'
#00177,=MID(#00143,1,-1)&'35'
#00178,=MID(#00143,1,-1)&'36'
#00179,=MID(#00143,1,-1)&'37'
#00180,=MID(#00143,1,-1)&'38'
#00181,=MID(#00143,1,-1)&'39'
#00182,=MID(#00143,1,-1)&'40'
#00183,=MID(#00143,1,-1)&'41'
#00184,=MID(#00143,1,-1)&'42'
#00185,=MID(#00143,1,-1)&'43'
#00186,=MID(#00143,1,-1)&'44'
#00187,=MID(#00143,1,-1)&'45'
#00188,=MID(#00143,1,-1)&'46'
#00189,=MID(#00143,1,-1)&'47'
#00190,=MID(#00143,1,-1)&'48'
#00191,=MID(#00143,1,-1)&'49'
#00192,=MID(#00143,1,-1)&'50'
#00193,=MID(#00143,1,-1)&'51'
#00194,=MID(#00143,1,-1)&'52'
#00195,=MID(#00143,1,-1)&'53'
#00196,=MID(#00143,1,-1)&'54'
#00197,=MID(#00143,1,-1)&'55'
#00198,=MID(#00143,1,-1)&'56'
#00199,=MID(#00143,1,-1)&'57'
#00200,=MID(#00143,1,-1)&'58'
#00201,=MID(#00143,1,-1)&'59'
#00202,=MID(#00143,1,-1)&'60'
#00203,=MID(#00143,1,-1)&'61'
#00204,=MID(#00143,1,-1)&'62'
#00205,=MID(#00143,1,-1)&'63'
#00206,=MID(#00143,1,-1)&'64'
#00207,=MID(#00143,1,-1)&'65'
#00208,=MID(#00143,1,-1)&'66'
#00209,=MID(#00143,1,-1)&'67'
#00210,=MID(#00143,1,-1)&'68'
#00211,=MID(#00143,1,-1)&'69'
#00212,=MID(#00143,1,-1)&'70'
#00213,=MID(#00143,1,-1)&'71'
#00214,=MID(#00143,1,-1)&'72'
#00215,=MID(#00143,1,-1)&'73'
#00216,=MID(#00143,1,-1)&'74'
#00217,=MID(#00143,1,-1)&'75'
#00218,=MID(#00143,1,-1)&'76'
#00219,=MID(#00143,1,-1)&'77'
#00220,=MID(#00143,1,-1)&'78'
#00221,=MID(#00143,1,-1)&'79'
#00222,=MID(#00143,1,-1)&'80'
#00223,=MID(#00143,1,-1)&'81'
#00224,=MID(#00143,1,-1)&'82'
#00225,=MID(#00143,1,-1)&'83'
#00226,=MID(#00143,1,-1)&'84'
#00227,=MID(#00143,1,-1)&'85'
#00228,=MID(#00143,1,-1)&'86'
#00229,=MID(#00143,1,-1)&'87'
#00230,=MID(#00143,1,-1)&'88'
#00231,=MID(#00143,1,-1)&'89'
#00232,=MID(#00143,1,-1)&'90'
#00233,=MID(#00143,1,-1)&'91'
#00234,=MID(#00143,1,-1)&'92'
#00235,=MID(#00143,1,-1)&'93'
#00236,=MID(#00143,1,-1)&'94'
#00237,=MID(#00143,1,-1)&'95'
#00238,=MID(#00143,1,-1)&'96'
#00239,=MID(#00143,1,-1)&'97'
#00240,=MID(#00143,1,-1)&'98'
#00241,=MID(#00143,1,-1)&'99'
#00242,=MID(#00143,1,-1)&'100'
#00243,居民
#00244,敵人
#00245,丸濱川羊
#00246,客人
#00247,阿南先生
#00248,狒狒G
#00249,森野大熊
#00250,歪羅君
#00251,阿布法拉國王
#00252,農村女孩
#00253,農村男孩
#00254,夢幻鍛造屋
#00255,衛兵男孩
#00256,謎之鄰國國王
#00257,謎之鄰國公主
#00258,農民男孩
#00259,鎮民女孩
#00260,王國公會會長
#00261,附近的國王
#00262,獎盃王
#00263,開羅君
#00264,搬家神
#00265,收藏家 年糕豬
#00266,紋白蝶
#00267,鳳蝶
#00268,蜜蜂
#00269,蜻蜓
#00270,螳螂
#00271,蟬
#00272,螞蟻
#00273,瓢蟲
#00274,螢火蟲
#00275,吉丁蟲
#00276,獨角仙
#00277,鍬形蟲
#00278,蜘蛛
#00279,蝸牛
#00280,竹節蟲
#00281,蠍子
#00282,閃蝶
#00283,赫克力士長戟大兜蟲
#00284,鈴蟲
#00285,紅頸鳳蝶
#00286,青鱂魚
#00287,金魚
#00288,鯛魚
#00289,深海鮟鱇
#00290,石鯛
#00291,小丑魚
#00292,獅子魚
#00293,秋刀魚
#00294,河豚
#00295,比目魚
#00296,鯉魚
#00297,鰻魚
#00298,海天使
#00299,虹鱒
#00300,鮭魚
#00301,章魚
#00302,孔雀魚
#00303,神仙魚
#00304,烏賊
#00305,腔棘魚
#00306,蘋果的圖畫
#00307,花瓶的圖畫
#00308,行道樹的圖畫
#00309,某幅方形肖像
#00310,候鳥的圖畫
#00311,少女的圖畫
#00312,大石頭的圖畫
#00313,東洋風景畫
#00314,夕陽的圖畫
#00315,新綠的圖畫
#00316,天使的雕像
#00317,異國的瓷器
#00318,閃耀的香油壺
#00319,古代的壺
#00320,白色胸像
#00321,人偶
#00322,真實之鏡
#00323,珍貴的雕像
#00324,偉大的面具
#00325,東洋的壺
#00326,白色的蛋
#00327,藍色的蛋
#00328,綠色的蛋
#00329,紅色的蛋
#00330,紫色的蛋
#00331,黑色的蛋
#00332,黃色的蛋
#00333,七彩的蛋
#00334,空手
#00335,無裝備
#00336,鐵鎚
#00337,十字鎬
#00338,割草鐮刀
#00339,鋤頭
#00340,火把
#00341,鏟子
#00342,網子
#00343,漁網
#00344,釣竿
#00345,斧頭
#00346,澆水器
#00347,整地耙
#00348,F/木製手杖
#00349,E/礦石手杖
#00350,D/堅固手杖
#00351,C/魔力手杖
#00352,B/金剛石手杖
#00353,F/鐵製手杖
#00354,E/木杖
#00355,C/尖銳手杖
#00356,B/光輝手杖
#00357,A/光之杖
#00358,E/藍色手杖
#00359,D/嘆息之杖
#00360,C/閃電之杖
#00361,B/雷擊之杖
#00362,A/冰之杖
#00363,E/紅色手杖
#00364,D/國王手杖
#00365,C/先王手杖
#00366,A/傳說之杖
#00367,S/夢幻之杖
#00368,F/木棒
#00369,E/堅固的棒子
#00370,D/橡木棒
#00371,C/古木棒
#00372,B/勇者之棒
#00373,E/彎曲的棒子
#00374,D/飯匙
#00375,C/棒子
#00376,B/鐵棒
#00377,A/紅色棒子
#00378,D/錘矛
#00379,C/球棒
#00380,B/釘頭錘
#00381,A/鋼鐵棒
#00382,S/黃金棒
#00383,F/祈禱之棒
#00384,D/神聖之棒
#00385,C/光之棒
#00386,A/天使之棒
#00387,S/眾神之棒
#00388,F/棍棒
#00389,E/粗壯的棒子
#00390,D/釘棒
#00391,C/藝術棒
#00392,A/祖母綠棒
#00393,F/樹枝
#00394,E/刺人樹枝
#00395,D/尖銳的棒子
#00396,C/民藝棒
#00397,B/樹枝劍
#00398,F/木矛
#00399,E/鐵矛
#00400,D/名匠的矛
#00401,B/三叉戟
#00402,A/傳說之矛
#00403,E/漁夫的魚叉
#00404,C/鐵製魚叉
#00405,B/紅色的矛
#00406,A/鋼鐵矛
#00407,S/炎之矛
#00408,E/銅矛
#00409,C/騎士之矛
#00410,B/名將之矛
#00411,A/黃金之矛
#00412,S/黑色的矛
#00413,F/小槌
#00414,E/大槌
#00415,C/鐵鎚
#00416,B/巨大戰鎚
#00417,S/炎之槌
#00418,E/槌
#00419,D/長柄槌
#00420,B/白銀槌
#00421,A/名匠槌
#00422,S/黃金槌
#00423,E/劍
#00424,D/鋼之劍
#00425,C/名匠劍
#00426,B/名將劍
#00427,A/豪傑劍
#00428,F/水果刀
#00429,E/菜刀
#00430,D/白銀菜刀
#00431,B/名匠菜刀
#00432,A/黃金菜刀
#00433,F/小刀
#00434,E/手術刀
#00435,C/白銀手術刀
#00436,B/閃電手術刀
#00437,A/冰之小刀
#00438,E/海賊劍
#00439,D/水手軍刀
#00440,C/疾風之劍
#00441,A/水滴之劍
#00442,S/火之劍
#00443,E/士兵劍
#00444,D/長劍
#00445,C/銀之劍
#00446,B/破壞之劍
#00447,A/古代劍
#00448,E/冰之小刀
#00449,D/冰之劍
#00450,C/冰之大劍
#00451,B/暴雪長劍
#00452,S/吹雪之劍
#00453,E/苦無
#00454,D/手裡劍
#00455,C/大手裡劍
#00456,B/火炎手裡劍
#00457,A/GIGA手裡劍
#00458,F/刀
#00459,E/武士長劍
#00460,C/武將刀
#00461,B/名匠刀
#00462,A/傳說中的刀
#00463,F/銅劍
#00464,E/青銅劍
#00465,C/鋼鐵劍
#00466,B/輕量劍
#00467,A/榮耀之劍
#00468,E/較長的劍
#00469,D/變種劍
#00470,C/聖人之劍
#00471,A/憤怒之劍
#00472,S/傳說之劍
#00473,D/黑色長劍
#00474,C/暗黑劍
#00475,B/漆黑之劍
#00476,A/王之劍
#00477,S/霸王之劍
#00478,D/普通長劍
#00479,C/勇氣之劍
#00480,B/勇者之劍
#00481,A/不滅之劍
#00482,S/世界樹之劍
#00483,F/小說書
#00484,D/研究書
#00485,E/放大鏡
#00486,C/古文書
#00487,B/畫筆
#00488,D/步槍
#00489,C/火繩槍
#00490,B/滑膛槍
#00491,A/強力槍
#00492,S/黃金槍
#00493,D/弓
#00494,C/步兵弓
#00495,B/獵人弓
#00496,A/高速弓
#00497,S/強者弓
#00498,F/手斧
#00499,D/樵夫斧
#00500,C/鋼鐵斧
#00501,B/戰斧
#00502,S/傳說之斧
#00503,A/開羅長劍
#00504,A/開羅槌
#00505,A/開羅矛
#00506,A/開羅弓
#00507,A/開羅火槍
#00508,F/木盾
#00509,F/皮盾
#00510,E/士兵盾
#00511,E/圓盾
#00512,D/鐵盾
#00513,C/高貴的盾
#00514,A/勇者之盾
#00515,A/水晶護盾
#00516,B/甲殼盾
#00517,S/歪羅護盾
#00518,B/科學盾
#00519,A/神聖之盾
#00520,D/民藝盾
#00521,D/堅固的盾
#00522,C/惡夢之盾
#00523,B/傳統盾
#00524,B/綠色的盾
#00525,S/反射護盾
#00526,A/黃金護盾
#00527,S/光輝之盾
#00528,C/魔王盾
#00529,B/傳說之盾
#00530,C/霸王之盾
#00531,S/開羅護盾
#00532,F/圍裙
#00533,F/布製衣服
#00534,F/衣服
#00535,E/黃色的衣服
#00536,E/耐用的衣服
#00537,D/流行服裝
#00538,D/厚實的衣服
#00539,D/鎖子甲
#00540,C/短裙
#00541,B/連衣裙
#00542,D/睡衣
#00543,C/毛皮大衣
#00544,C/大衣
#00545,C/長袍
#00546,B/高級長袍
#00547,C/家紋袴
#00548,D/披風
#00549,C/耐用披風
#00550,B/紫色披風
#00551,A/王之披風
#00552,E/皮製胸甲
#00553,D/鐵製胸甲
#00554,C/皮鎧
#00555,C/輕鎧
#00556,B/銅制鎧甲
#00557,B/白銀鎧甲
#00558,A/綠色鎧甲
#00559,A/沉重鎧甲
#00560,S/黃金鎧甲
#00561,S/黑色鎧甲
#00562,F/頭巾
#00563,F/髮箍
#00564,F/髮帶
#00565,F/纏頭巾
#00566,E/帽子
#00567,E/頭盔
#00568,D/頭巾
#00569,D/一字巾
#00570,D/護額
#00571,F/廚師帽
#00572,F/高筒禮帽
#00573,F/帽子
#00574,F/神聖帽子
#00575,E/天使的光圈
#00576,E/海賊帽
#00577,E/提督帽
#00578,D/羽飾頭巾
#00579,D/羽飾帽
#00580,D/羽飾頭盔
#00581,D/魔法帽
#00582,C/魔法使帽
#00583,B/魔道帽
#00584,A/傳說中的帽子
#00585,B/魔力帽
#00586,C/鎖鏈帽
#00587,B/洗頭帽
#00588,A/開羅帽
#00589,S/王冠
#00590,A/頭冠
#00591,D/看守帽
#00592,C/衛兵帽
#00593,C/銅頭盔
#00594,C/頭盔
#00595,B/鐵假面
#00596,B/鐵製頭盔
#00597,A/黑色頭盔
#00598,S/黃金頭盔
#00599,A/龍之頭盔
#00600,A/機器人頭盔
#00601,E/首飾
#00602,D/項鍊
#00603,C/護身符
#00604,B/藍色墜飾
#00605,A/紅色墜飾
#00606,S/黃金墜飾
#00607,C/魔力墜飾
#00608,B/黃金手環
#00609,D/皮製腕帶
#00610,C/腕套
#00611,S/金牌
#00612,D/絲巾
#00613,B/項圈
#00614,A/黃金項圈
#00615,D/戒指
#00616,C/珍珠戒指
#00617,B/銀戒指
#00618,A/光玉戒指
#00619,S/黃金戒指
#00620,C/手套
#00621,B/皮手套
#00622,A/絲質手套
#00623,B/銀耳環
#00624,A/黃金耳環
#00625,S/王家的耳環
#00626,E/皮鞋
#00627,F/木鞋
#00628,D/甲板鞋
#00629,A/白銀靴
#00630,B/長靴
#00631,S/羽飾長靴
#00632,C/蠟燭
#00633,B/符咒
#00634,A/黃金鈴鐺
#00635,B/紅色緞帶
#00636,A/緞帶
#00637,C/木雕像
#00638,C/布袋
#00639,B/黃金袋
#00640,S/開羅姬公仔
#00641,S/聖誕老人手杖
#00642,S/聖誕老人護盾
#00643,=#00001
#00644,發現
#00645,得到<1>個<br>「<0>」！
#00646,得到
#00647,得到<br>鑽石 <0>！
#00648,得到<1>個<br><0>！
#00649,<0>中增加了<br>新的夥伴！
#00650,第<0>位的<1><br><2>
#00651,事件訊息
#00652,未能刷新最高得分……
#00653,使用
#00654,使用了<1>個<br>「<0>」道具
#00655,事件
#00656,能量竟然<br>填滿了！
#00657,發生了奇蹟，<br>城市的範圍稍微擴展了！
#00658,得到<1>個<br>技能 <0>！
#00659,發現區域
#00660,發現了<br>未開拓的<br>新區域！！
#00661,追加職業
#00662,得到了D級鎮民<br>與研究家的介紹！
#00663,提升移動速度。
#00664,搭橋。
#00665,迎接觀光客。
#00666,狹窄的土地。
#00667,普通的土地。
#00668,寬廣的土地。
#00669,超寬廣的土地。
#00670,能夠成為城市中心的設施。
#00671,能夠稍微防範敵人入侵。
#00672,能夠大致防範敵人入侵。
#00673,能夠防範敵人入侵。
#00674,能夠有效防範敵人入侵。
#00675,能夠進出防壁。
#00676,能讓領地稍微擴展的設施
#00677,保管城市的<pic=grass>的設施
#00678,保管城市的<pic=food>的設施
#00679,保管城市的<pic=wood>的設施
#00680,保管城市的<pic=iron>的設施
#00681,保管城市的<pic=magic>的設施
#00682,保管城市的道具的設施
#00683,保管能量的設施
#00684,保管寶物的設施
#00685,偶爾能夠發現水產品
#00686,能夠得到<pic=grass>的設施
#00687,能夠得到<pic=wood>的設施
#00688,能夠讓酪農家得到<pic=food>的設施
#00689,能夠得到<pic=iron>的設施
#00690,能夠得到<pic=magic>的設施
#00691,採掘能量的設施
#00692,能對周遭發揮效果的設施
#00693,能讓MP和活力更容易回復
#00694,和城市連接，引導觀光客的設施
#00695,修補領地外荒地的基地
#00696,能夠借用馬匹的設施
#00697,能在兩個城市間運送物品的設施
#00698,能夠解析寶物的設施
#00699,回復設施
#00700,研究設施
#00701,使用便能取得經驗值
#00702,能製作簡單料理的設施
#00703,敵人襲擊時能吸引其注意力
#00704,使用時偶爾會得到某些東西
#00705,提升周圍耐久度的設施
#00706,配置於自然環境豐富的地方吧
#00707,領地外的採集據點
#00708,能放置商店用的資材。
#00709,能夠舒適地睡眠。
#00710,能夠設定同居人。
#00711,將物品交給觀光客或夥伴的場所
#00712,陳列面向觀光客或夥伴的商品
#00713,國王偶爾會耍威風。
#00714,會被用來做研究。
#00715,能對回復派上用場。
#00716,製作裝飾品販賣。
#00717,製作食品販賣。
#00718,解析寶物。
#00719,製作家具販賣。
#00720,製作武器販賣。
#00721,製作防具販賣。
#00722,製作技能販賣。
#00723,製作道具販賣。
#00724,偶爾能得到道具。
#00725,偶爾能採掘到礦石。
#00726,偶爾能發現料理。
#00727,能收穫種子。
#00728,能點綴房間。
#00729,能修練提升能力。
#00730,偶爾能發現水。
#00731,偶爾能收穫工具。
#00732,使用能夠得到經驗值。
#00733,能夠採掘到礦石。
#00734,能讓好友暫時停留的設施
#00735,能讓觀光的冒險者停留的設施
#00736,用來迎接孩子的家具
#00737,家主前往討伐時會隨行
#00738,在壽命耗盡時可能會派上用場
#00739,一團亂
#00740,能夠騎龍前往
#00741,能讓前來襲擊的敵人落入陷阱
#00742,會和前來襲擊的敵人格鬥
#00743,能供派遣中的同伴用來回復
#00744,強化裝備的設施
#00745,管理好友的設施
#00746,管理任務的設施
#00747,和好友協作的設施
#00748,購買秘寶的設施
#00749,管理怪物的設施
#00750,頒發獎盃的設施
#00751,用於挑戰每日排行榜的設施
#00752,能夠閱覽試用好友的設施
#00753,出售A級以下的職業的設施
#00754,出售素材的設施
#00755,能夠兌換金幣的設施
#00756,能將夥伴設為師父的設施
#00757,能夠合成怪物的設施
#00758,販賣怪物的設施
#00759,能和開羅君戰鬥的設施
#00760,能和全世界的玩家戰鬥的設施
#00761,曾是一名高傲的國王
#00762,能保管銅幣的設施
#00763,能保管銀幣的設施
#00764,能保管金幣的設施
#00765,珍貴的銅像
#00766,能保管寶物的設施
#00767,能保管道具的設施
#00768,能夠悉心培育城裡孩子們的設施
#00769,放在城外能使夜晚出現敵人
#00770,能夠使前來襲擊的敵人上鉤
#00771,保管蛋的設施
#00772,偶爾會送禮物。
#00773,強敵怪物正潛伏著
#00774,承接城市之間的搬家工作
#00775,能夠交換裝備的場所
#00776,收購各種物品的場所
#00777,或許能藉由約會提升親密度
#00778,填平領地內的海或橋梁
#00779,孕育藝術作品的房間
#00780,作為調查據點的房間
#00781,能夠採集昆蟲的場所
#00782,能讓飛船的客人欣賞的陳列
#00783,能和收銀台交換擺放
#00784,能夠騎乘馴鹿的設施
#00785,載著客人的飛空艇會來訪
#00786,保管收藏品的場所
#00787,或許可以釣魚
#00788,能夠乘坐飛毯的設施
#00789,=#00001
#00790,得到D～A級建築物吧
#00791,<0>月<1>日～<2>日出現<3>
#00792,上級倉庫
#00793,得到D～A級武器吧
#00794,n/a
#00795,獲得D～A級武器 出現開羅系列直到10日為止
#00796,獲得D～A級武器 出現開羅系列直到25日為止
#00797,今日 出現S級杖系武器！
#00798,今日 出現S級棒系武器！
#00799,今日 出現S級矛系武器！
#00800,今日 出現S級槌系武器！
#00801,今日 出現S級劍系武器！
#00802,今日 出現S級槍系武器！
#00803,今日 出現S級弓系武器！
#00804,今日 出現S級斧系武器！
#00805,協助好友以獲得獎勵
#00806,=#00794
#00807,得到很棒的道具吧
#00808,=#00794
#00809,找到C～A級職業吧
#00810,=#00001
#00811,<0>月<1>日～<2>日 出現「<3>」！
#00812,S級 武士
#00813,S級 維京人
#00814,S級 海賊
#00815,S級 勇者
#00816,S級 巫師
#00817,S級 鎮民
#00818,S級 重騎士
#00819,S級 槍手
#00820,S級 弓箭手
#00821,S級 忍者
#00822,S級 僧侶
#00823,S級 衛兵
#00824,S級 騎士
#00825,S級 魔法使
#00827,S級 聖誕老人
#00828,你好。<br>現在開始啟程前往建國之地。<br>請稍後片刻。
#00829,如果感到畫面運作不流暢，<br>請到選單的「設定」中<br>調整各種選項試試看吧。
#00830,刪除遊戲時，<br>數據也將消失，<br>請千萬要注意喔！
#00831,請在網路連線順暢的環境下<br>遊玩本遊戲吧！
#00832,離開遊戲前<br>請記得存檔喔。<br>※偶爾也會自動存檔。
#00833,遊戲主要會<br>儲存在終端內<br>請注意剩餘容量
#00834,設置馬舍後<br>派遣的時候<br>同伴們就會使用喔
#00835,把雲驅散後<br>能提升城市級別
#00836,草資源……<br>只要建造田地<br>就能容易得到
#00837,木材資源……<br>只要建造造林所<br>就能容易得到
#00838,糧食資源……<br>只要讓酪農家成為同伴<br>就能容易得到
#00839,鐵資源……<br>只要在沙漠或岩場挖掘<br>或許就能夠得到
#00840,魔石資源……<br>只要挖掘紅色石頭<br>或許就能夠得到
#00841,如果想要得到能量<br>就建設開採設施吧
#00842,為了收集大量資源<br>也請多建造<br>一些倉庫吧
#00843,滿月的夜晚……<br>敵人或許會打過來也說不定。<br>事先打倒附近的敵人吧！
#00844,收集隱藏在區域裡的<br>有助於王國發展的<br>「祕寶」吧！
#00845,以周圍的雲為目標<br>進行派遣<br>擴展王國領地吧
#00846,如果有冒險者住在旅館<br>在頭目戰時<br>會前來幫忙
#00847,得到的技能<br>就讓能夠裝備的人<br>掌握吧
#00848,能夠購買<br>在城市裡的商店製作的<br>武器和防具喔
#00849,如果閃閃發光的怪物出現了，<br>就派遣主力<br>將它打倒吧！
#00850,在港口和城裡的商店之間<br>架起招牌，<br>吸引客人吧。
#00851,尋找夢幻鍛造屋，<br>請他幫忙強化武器吧。
#00852,如果被找去參加<br>好友討伐等活動的話，<br>就有機會獲得謝禮！
#00853,吸引觀光客來到城裡，<br>在商店消費的話，<br>銅幣就會增加喔。
#00854,別忘了登入<br>開羅帳號，<br>領取獎勵喔。
#00855,如果發現了新的區域，<br>為了能靠近頭目<br>調整派遣位置吧。
#00856,武器<br>在擅長的地區中<br>攻擊擊力會提升喔
#00857,提升武器店<br>和道具店的工坊等級後，<br>或許能開發新的商品。
#00858,如果將人手派遣到頭目處，<br>進入可以討伐的狀態的話，<br>就會有大量敵人從頭目處出現
#00859,開拓到一定程度的話<br>就能夠登錄好友喔！
#00860,熟悉怎麼使用<br>選單「清單」中的<br>全員用道具吧
#00861,如果想要增加倉庫容量，<br>就試著建造許多<br>相同的倉庫吧
#00862,羊先生的教學<br>可以用×按鍵跳過喔
#00863,有種全體用道具<br>可以讓荒地恢復原狀
#00864,掉在太遠的地方的東西<br>是沒有人願意去撿的喔
#00865,如果得到了銅幣，<br>就製作「銅幣箱」吧！
#00866,平民的家
#00867,國王房間
#00868,武器店
#00869,防具店
#00870,道具店
#00871,家具店
#00872,技能店
#00873,旅館
#00874,餐館
#00875,飾品店
#00876,回復之間
#00877,解析之間
#00878,研究所
#00879,醫院
#00880,教會
#00881,宅邸
#00882,怪物屋
#00883,調查隊室
#00884,果園
#00885,聖誕屋
#00886,藝術工坊
#00887,昆蟲館
#00888,水族館
#00889,動物園
#00890,博物館
#00891,鑽石
#00892,=#00001
#00893,草
#00894,木
#00895,糧食
#00896,鐵
#00897,魔石
#00898,能量
#00899,職業貿易券
#00900,裝備貿易券
#00901,設施貿易券
#00902,道具貿易券
#00903,好友貿易券
#00904,銅幣
#00905,銀幣
#00906,金幣
#00907,鑽石 200個
#00908,能夠得到許多鑽石
#00909,dia_200_case0
#00910,鑽石 1000個
#00911,dia_1000_case0
#00912,鑽石 3600個
#00913,dia_3600_case0
#00914,鑽石 8000個
#00915,dia_8000_case0
#00916,開羅樂園
#00917,得到鑽石吧！
#00918,Tapjoy
#00919,分享畫面<br>附帶獎勵
#00920,分享畫面得到鑽石吧！
#00921,分享畫面<br>無獎勵
#00922,分享畫面吧！
#00923,進行<br>評論吧
#00924,來寫遊戲的評論吧！
#00925,能量回復
#00926,城市的能量將回滿
#00927,能量已回滿
#00928,擴散回復藥
#00929,回復所有居民<br>50%的HP
#00930,全員HP回復50％了
#00931,回復藥
#00932,回復一名居民<br>50%的HP
#00933,HP回復50％了
#00934,魔法笛
#00935,所有的居民立刻移動到市政廳<br>※正在討伐的人員不會移動
#00936,已將所有人叫來市政廳了！<br>※一段時間之後就會回去
#00937,小型笛子
#00938,使一名居民立刻移動到市政廳<br>※正在討伐的人員不會移動
#00939,已將居民叫來市政廳了！<br>※一段時間之後就會回去
#00940,神聖藥草
#00941,回復所有居民<br>100%的MP
#00942,MP回復了
#00943,神聖樹葉
#00944,回復一名居民<br>100%的MP
#00945,活力燉菜
#00946,回復所有居民<br>100%的活力
#00947,活力回復了
#00948,活力飯糰
#00949,回復一名居民<br>100%的活力
#00950,魔法秘藥
#00951,所有居民的壽命<br>增加1
#00952,全員的壽命延長了1
#00953,微量秘藥
#00954,一名居民的壽命<br>增加1
#00955,壽命延長了1
#00956,生命蠟燭
#00957,使1名居民壽命無限
#00958,壽命變為無限了！
#00959,覺醒之器
#00960,叫醒所有的居民。<br>※請在晚上使用。
#00961,居民醒來了！<br>今天似乎就這樣不會再入睡。
#00962,王國之源
#00963,給予全員全種經驗值
#00964,<po=m>全員的全種類EXP<br>增加了 <0>
#00965,開羅布丁
#00966,歪羅布丁
#00967,開羅芭菲蛋糕
#00968,歪羅芭菲蛋糕
#00969,HP之源
#00970,給予全員HP經驗值
#00971,全員的HP EXP<br>增加了 <0>
#00972,MP之源
#00973,給予全員MP經驗值
#00974,全員的MP EXP<br>增加了 <0>
#00975,活力之源
#00976,給予全員活力經驗值
#00977,全員的活力EXP<br>增加了 <0>
#00978,力之源
#00979,給予全員攻擊經驗值
#00980,全員的攻擊EXP<br>增加了 <0>
#00981,防禦之源
#00982,給予全員防禦經驗值
#00983,全員的防禦EXP<br>增加了 <0>
#00984,速度之源
#00985,給予全員速度經驗值
#00986,全員的速度EXP<br>增加了 <0>
#00987,幸運之源
#00988,給予全員幸運經驗值
#00989,全員的幸運EXP<br>增加了 <0>
#00990,奇蹟之槌
#00991,使建造中的建築立刻完成
#00992,建造完成了
#00993,智慧之源
#00994,給予全員頭腦經驗值
#00995,全員的頭腦EXP<br>增加了 <0>
#00996,巧手之源
#00997,給予全員靈巧經驗值
#00998,全員的靈巧EXP<br>增加了 <0>
#00999,採集之源
#01000,給予全員採集經驗值
#01001,全員的採集EXP<br>增加了 <0>
#01002,移動之源
#01003,給予全員移動經驗值
#01004,全員的移動EXP<br>增加了 <0>
#01005,愛之源
#01006,給予全員愛情經驗值
#01007,全員的愛情EXP<br>增加了 <0>
#01008,速度鞋
#01009,暫時提升全體居民的移動速度
#01010,移動速度<br>暫時提升了！
#01011,恩澤之雨
#01012,荒地將恢復為原先的自然
#01013,所有的荒地<br>都回復了！
#01014,全資源袋
#01015,所有城市的資源
#01016,所有的資源<br>都裝滿了
#01017,<pic=grass>袋
#01018,裝滿特定的資源
#01019,<pic=grass>裝滿了
#01020,<pic=wood>袋
#01021,<pic=wood>裝滿了
#01022,<pic=food>袋
#01023,<pic=food>裝滿了
#01024,<pic=iron>袋
#01025,<pic=iron>裝滿了
#01026,<pic=magic>袋
#01027,<pic=magic>裝滿了
#01028,增加技能欄位
#01029,指定居民的技能欄位<br>增加1格。
#01030,技能欄位<br>增加了 1！
#01031,銅獎盃
#01032,<po=m>主要能在獎盃室得到<br>觀賞用
#01033,仔細欣賞了一下
#01034,銀獎盃
#01035,金獎盃
#01036,開羅聖杯
#01037,勇氣王冠
#01038,田地種子
#01039,樹木種子
#01040,王國旗幟
#01041,王國的天然水
#01042,堅固的板子
#01043,大釘子
#01044,牢固的繩子
#01045,高級磚頭
#01046,鐵礦石
#01047,銅
#01048,金塊
#01049,絲綢布
#01050,堅固的布料
#01051,美麗的布料
#01052,藥草
#01053,生命之葉
#01054,魔力根
#01055,飄香花朵
#01056,生命小瓶
#01057,魔力之瓶
#01058,魔法使的藥
#01059,魔導士的藥
#01060,賢者的藥
#01061,能量飲料
#01062,甜甜的藥
#01063,甜美蘑菇
#01064,營養蘑菇
#01065,新鮮豆類
#01066,馬鈴薯
#01067,白蘿蔔
#01068,紅蘿蔔
#01069,洋蔥
#01070,高麗菜
#01071,番茄
#01072,玉米
#01073,大蒜
#01074,沙拉
#01075,莓果
#01076,柳橙
#01077,蘋果
#01078,香蕉
#01079,西洋梨
#01080,草莓
#01081,葡萄
#01082,香瓜
#01083,鳳梨
#01084,水果籃
#01085,海螺
#01086,蛤蠣
#01087,竹筴魚
#01088,鰹魚
#01089,鯛魚
#01090,海膽
#01091,蝦子
#01092,螃蟹
#01093,=#00304
#01094,=#00301
#01095,帶骨肉
#01096,塊狀肉
#01097,烤全肉
#01098,霜降肉
#01099,極厚肉
#01100,蔬菜汁
#01101,綜合果汁
#01102,牛奶
#01103,葡萄汁
#01104,氣泡飲料
#01105,雞蛋
#01106,乳酪
#01107,麵包
#01108,法國麵包
#01109,吐司
#01110,漢堡
#01111,甜甜圈
#01112,布丁
#01113,冰淇淋
#01114,蛋糕
#01115,開羅蛋糕
#01116,炸薯條
#01117,壽司
#01118,生魚片拼盤
#01119,蔬菜湯
#01120,奶油濃湯
#01121,燉菜
#01122,燉牛肉
#01123,海鮮燉飯
#01124,披薩
#01125,牛排
#01126,咖哩
#01127,蛋包飯
#01128,炒麵
#01129,炒飯
#01130,義大利麵
#01131,武器本源
#01132,盾之本源
#01133,鎧甲本源
#01134,頭盔本源
#01135,飾品本源
#01136,賢者之書
#01137,知識卷軸
#01138,開羅餅乾
#01139,歪羅餅乾
#01140,D級 國王
#01141,全國地位最高的人
#01142,C級 國王
#01143,B級 國王
#01144,A級 國王
#01145,S級 國王
#01146,D級 鎮民
#01147,能解析寶物和經營旅館，至少一定要有一名
#01148,C級 鎮民
#01149,B級 鎮民
#01150,A級 鎮民
#01151,=#00817
#01152,D級 農民
#01153,擅長種田和造林。割草速度也很快！
#01154,C級 農民
#01155,B級 農民
#01156,A級 農民
#01157,S級 農民
#01158,D級 木匠
#01159,擅長施工！也能修理損壞的物品
#01160,C級 木匠
#01161,B級 木匠
#01162,A級 木匠
#01163,S級 木匠
#01164,D級 送貨員
#01165,擅長運送。能把資源從城市運到另一個城市
#01166,C級 送貨員
#01167,B級 送貨員
#01168,A級 送貨員
#01169,S級 送貨員
#01170,D級 商人
#01171,擅長經營商店，總是充滿活力的商人
#01172,C級 商人
#01173,B級 商人
#01174,A級 商人
#01175,S級 商人
#01176,D級 研究家
#01177,說到研究就是這個職業，城裡需要有1名
#01178,C級 研究家
#01179,B級 研究家
#01180,A級 研究家
#01181,S級 研究家
#01182,D級 廚師
#01183,能經營餐館的職業，或許還能夠協助培養
#01184,C級 廚師
#01185,B級 廚師
#01186,A級 廚師
#01187,S級 廚師
#01188,D級 工藝家
#01189,能經營家具店的職業，城裡需要有1名
#01190,C級 工藝家
#01191,B級 工藝家
#01192,A級 工藝家
#01193,S級 工藝家
#01194,D級 鍛造工匠
#01195,能經營武器店、防具店的職業
#01196,C級 鍛造工匠
#01197,B級 鍛造工匠
#01198,A級 鍛造工匠
#01199,S級 鍛造工匠
#01200,D級 醫生
#01201,治療的專家
#01202,C級 醫生
#01203,B級 醫生
#01204,A級 醫生
#01205,S級 醫生
#01206,D級 僧侶
#01207,復活跟壽命的專家
#01208,C級 僧侶
#01209,B級 僧侶
#01210,A級 僧侶
#01211,=#00822
#01212,D級 酪農家
#01213,能找來家畜在牧場飼養
#01214,C級 酪農家
#01215,B級 酪農家
#01216,A級 酪農家
#01217,S級 酪農家
#01218,D級 衛兵
#01219,適合守護城市的平均型士兵
#01220,C級 衛兵
#01221,B級 衛兵
#01222,A級 衛兵
#01223,=#00823
#01224,D級 騎士
#01225,重視進攻的攻擊型職業
#01226,C級 騎士
#01227,B級 騎士
#01228,A級 騎士
#01229,=#00824
#01230,D級 魔法使
#01231,擅長使用魔法的職業
#01232,C級 魔法使
#01233,B級 魔法使
#01234,A級 魔法使
#01235,=#00825
#01236,D級 重騎士
#01237,重視防守的守備型職業
#01238,C級 重騎士
#01239,B級 重騎士
#01240,A級 重騎士
#01241,=#00818
#01242,D級 槍手
#01243,擅長使用槍的職業
#01244,C級 槍手
#01245,B級 槍手
#01246,A級 槍手
#01247,=#00819
#01248,D級 弓箭手
#01249,擅長使用弓箭的職業
#01250,C級 弓箭手
#01251,B級 弓箭手
#01252,A級 弓箭手
#01253,=#00820
#01254,D級 忍者
#01255,以速度自豪的職業
#01256,C級 忍者
#01257,B級 忍者
#01258,A級 忍者
#01259,=#00821
#01260,D級 武士
#01261,擅長直線攻擊的職業
#01262,C級 武士
#01263,B級 武士
#01264,A級 武士
#01265,=#00812
#01266,D級 維京人
#01267,能夠使用反擊的職業
#01268,C級 維京人
#01269,B級 維京人
#01270,A級 維京人
#01271,=#00813
#01272,D級 海賊
#01273,能夠使用範圍攻擊的職業
#01274,C級 海賊
#01275,B級 海賊
#01276,A級 海賊
#01277,=#00814
#01278,D級 勇者
#01279,也能夠使用魔法的萬能型
#01280,C級 勇者
#01281,B級 勇者
#01282,A級 勇者
#01283,=#00815
#01284,D級 巫師
#01285,能使用強力魔法的職業
#01286,C級 巫師
#01287,B級 巫師
#01288,A級 巫師
#01289,=#00816
#01290,敵方角色2
#01291,=MID(#01290,1,-1)&'3'
#01292,=MID(#01290,1,-1)&'4'
#01293,觀光客
#01294,F級 智者
#01295,能幫助所有職業覺醒的智者
#01296,=#00827
#01297,於年底來訪的傳說強者
#01298,D級 遊擊兵
#01299,自由在外探索的士兵
#01300,C級 遊擊兵
#01301,B級 遊擊兵
#01302,A級 遊擊兵
#01303,S級 遊擊兵
#01304,D級 魔劍士
#01305,在魔法與攻擊雙方面活躍的職業
#01306,C級 魔劍士
#01307,B級 魔劍士
#01308,A級 魔劍士
#01309,S級 魔劍士
#01310,D級 狂戰士
#01311,戰鬥時破壞對手防禦的職業
#01312,C級 狂戰士
#01313,B級 狂戰士
#01314,A級 狂戰士
#01315,S級 狂戰士
#01316,D級 藝術家
#01317,能在藝術工坊製作美術品的職業
#01318,C級 藝術家
#01319,B級 藝術家
#01320,A級 藝術家
#01321,S級 藝術家
#01322,D級 演出家
#01323,經營展示收集品的店鋪的職業
#01324,C級 演出家
#01325,B級 演出家
#01326,A級 演出家
#01327,S級 演出家
#01328,D級 訓獸師
#01329,能捕捉野生動物的職業
#01330,C級 訓獸師
#01331,B級 訓獸師
#01332,A級 訓獸師
#01333,S級 訓獸師
#01334,D級 王之子
#01335,非常萬能的國王的孩子
#01336,C級 王之子
#01337,B級 王之子
#01338,A級 王之子
#01339,S級 王之子
#01340,國王
#01341,鎮民
#01342,農民
#01343,木匠
#01344,送貨員
#01345,商人
#01346,研究家
#01347,廚師
#01348,工藝家
#01349,鍛造工匠
#01350,醫生
#01351,僧侶
#01352,酪農家
#01353,衛兵
#01354,騎士
#01355,魔法使
#01356,重騎士
#01357,槍手
#01358,弓箭手
#01359,忍者
#01360,武士
#01361,維京人
#01362,海賊
#01363,勇者
#01364,巫師
#01365,智者
#01366,聖誕老人
#01367,游擊兵
#01368,魔劍士
#01369,狂戰士
#01370,藝術家
#01371,演出家
#01372,訓獸師
#01373,王之子
#01375,土地
#01376,水
#01377,=#01376
#01378,=#01376
#01379,=#01376
#01380,地面
#01381,=#01380
#01382,=#01380
#01383,=#00893
#01384,砂
#01385,岩場
#01386,雪
#01387,沼澤
#01388,火山
#01389,雪原土地
#01390,沙漠土地
#01391,火山土地
#01392,岩場土地
#01393,沼澤土地
#01394,草原土地
#01395,土地的邊界
#01396,施工現場
#01397,預定施工地
#01398,未開放的煙霧
#01399,荒地
#01400,側面
#01401,火災現場
#01402,拆除
#01403,替換
#01404,土地（小）
#01405,土地（中）
#01406,土地（大）
#01407,土地（特大）
#01408,田間小道
#01409,道路
#01410,橋
#01411,地板
#01412,洞窟
#01413,大門
#01414,迷宮大門
#01415,室內門_未使用
#01416,市政廳
#01417,敵洞
#01418,=#00001
#01419,碼頭
#01420,港口
#01421,=#00340
#01422,夜晚集會場
#01423,較低的監視塔
#01424,高台
#01425,建材
#01426,倉庫 野草
#01427,倉庫 木材
#01428,倉庫 糧食
#01429,倉庫 礦石
#01430,倉庫 魔石
#01431,倉庫 道具
#01432,倉庫 能量
#01433,倉庫 寶物
#01434,田地
#01435,造林所
#01436,水路
#01437,牧場
#01438,開採 礦石
#01439,開採 魔石
#01440,開採 能量
#01441,防壁 柵欄
#01442,防壁 木製
#01443,強防壁
#01444,城壁
#01445,防壁用大門
#01446,敵方防壁
#01447,看板
#01448,臨時急救設施
#01449,戶外寶箱解析所
#01450,戶外研究所
#01451,貨車停放處
#01452,馬舍
#01453,荒地導覽
#01454,井
#01455,回復之泉
#01456,魔物塑像
#01457,驅魔 寶珠
#01458,驅魔 劍
#01459,驅魔 石碑
#01460,風車
#01461,女神像
#01462,簡易爐灶
#01463,營火
#01464,噴水池
#01465,花壇
#01466,灌木叢
#01467,植樹林
#01468,休憩處
#01469,遠征小屋
#01470,動物飼料
#01471,荊棘陷阱
#01472,長椅
#01473,較硬的床
#01474,床
#01475,國王床
#01476,同居床
#01477,紅色地毯
#01478,鬆軟地毯
#01479,黑色腳踏墊
#01480,室內草放置處
#01481,室內木材放置處
#01482,室內糧食放置處
#01483,室內鐵材放置處
#01484,室內魔石放置處
#01485,收銀台
#01486,貨架
#01487,技能類貨架
#01488,家具類貨架
#01489,寶箱解析所
#01490,=#00878
#01491,=#00879
#01492,飾品工坊
#01493,調理場
#01494,回復場所
#01495,家具製作場
#01496,武器製作場
#01497,防具製作場
#01498,技能製作場
#01499,道具調合場
#01500,=#00867
#01501,訓練場
#01502,射擊訓練場
#01503,魔法訓練場
#01504,礦石精製所
#01505,桌子
#01506,餐桌
#01507,沙發
#01508,椅子
#01509,水壺
#01510,工具精製所
#01511,蠟燭
#01512,育苗場
#01513,鎧甲擺設
#01514,衣櫥
#01515,烹飪臺
#01516,架子
#01517,書櫃
#01518,櫥櫃
#01519,廚房櫥櫃
#01520,花瓶
#01521,動物型擺設
#01522,梳妝台
#01523,爐灶
#01524,暖爐
#01525,窗戶
#01526,浴室
#01527,回復浴室
#01528,閃耀石
#01529,觀葉植物
#01530,=#01071
#01531,花
#01532,三色堇
#01533,書桌
#01534,圓木橋
#01535,寶物出現演出
#01536,龍小屋
#01537,洞穴陷阱
#01538,怪物小屋
#01539,托兒所
#01540,荒蕪的場所
#01541,混沌岩
#01542,歪羅迷宮
#01543,遠征回復所
#01544,=#00254
#01545,好友郵局
#01546,任務指令室
#01547,每週討伐獎勵
#01548,祕寶屋
#01549,怪物牧場
#01550,獎盃室
#01551,排行統計板
#01552,試用好友屋
#01553,職業介紹所
#01554,素材商店
#01555,金幣交換所
#01556,師父的房間
#01557,怪物合成所
#01558,怪物店
#01559,地下鬥技場
#01560,=#00880
#01561,好友床鋪
#01562,觀光客床鋪
#01563,嬰兒床
#01564,怪物房間
#01565,先王雕像
#01566,銅幣箱
#01567,銀幣箱
#01568,金幣箱
#01569,開羅王雕像
#01570,市政廳倉庫
#01571,怪物的飼料
#01572,餐館櫥櫃
#01573,倉庫 蛋
#01574,小屋
#01575,傳說的洞窟
#01576,搬家公司
#01577,開羅的房間
#01578,裝備交換所
#01579,收購所
#01580,約會景點
#01581,上級倉庫 野草
#01582,上級倉庫 木材
#01583,上級倉庫 糧食
#01584,上級倉庫 礦石
#01585,上級倉庫 魔石
#01586,上級倉庫 能量
#01587,上級倉庫 寶物
#01588,上級倉庫 道具
#01589,上級倉庫 蛋
#01590,領地掩埋
#01591,果樹
#01592,繪畫製作場
#01593,調查房
#01594,昆虫景點
#01595,生長水果的樹木
#01596,動物籠子
#01597,藝術台
#01598,水箱
#01599,昆蟲飼育盒
#01600,附帶店員收銀台
#01601,聖誕老人的房間
#01602,裝飾雪橇
#01603,馴鹿小屋
#01604,飛船港
#01605,收集家之屋
#01606,釣魚池
#01607,飛毯
#01608,=#00894
#01609,=#00895
#01610,=#00896
#01611,=#00897
#01612,能量
#01613,道具
#01614,蛋
#01615,寶箱
#01616,收集 <0>個任意種類資源吧
#01617,收集 <0>個銅幣吧
#01618,完成 <0>次洞窟討伐
#01619,收集 <0>個田地種子吧
#01620,收集 <0>個堅固的板子吧
#01621,帶著好友進行 <0>次討伐
#01622,打倒 <0>隻怪物吧
#01623,打倒<0>隻<1>吧
#01624,水晶次郎
#01625,我為了今天<br>可是好好鍛鍊過了。
#01626,走路花
#01627,正好昨天開了花，<br>正是一決勝負的時候！
#01628,金屬柏克
#01629,你好，我是金屬柏克。<br>最近迷上限糖減肥法。
#01630,黑叮可
#01631,哼哼，大家都叫我<br>壓力的妖精喔
#01632,土魚
#01633,喔啦！嘿呀——！<br>我要讓你一敗塗地！
#01634,混混小雞
#01635,欸！看什麼看！<br>想打架是不是！你這傢伙！這傢伙！
#01636,咬人菇
#01637,好啦！放馬郭來！<br>……咬、咬到舌頭了！
#01638,西瓜蟲
#01639,哼哼。因為我一直縮成一團，<br>所以精力十足喔！
#01640,羊駝騎士
#01641,久等了！<br>羊駝騎士登場了！
#01642,土龍
#01643,竟然來到這種地方，<br>你也太愛管閒事了吧！真想打敗你！
#01644,鐵甲剪刀
#01645,這可不是角，是剪刀！<br>看我把你剪成碎片！
#01646,青苔菇
#01647,我才不是壞香菇喔，<br>只是長了青苔而已啦！
#01648,哥布山
#01649,哈～哈哈！<br>我要把你打得滿頭是包！
#01650,憤怒野豬
#01651,哈～哈哈！<br>我一口氣就把你給吹跑！
#01652,石巨人
#01653,我要把你踩扁！<br>唔喔喔喔！
#01654,牛胃象蟲
#01655,我在吃飯，準備變成蛹。<br>不要礙事！
#01656,小草
#01657,你說雜草講話了？<br>我才不是雜草哩！你這傢伙！
#01658,滾滾貓
#01659,俺不好吃，不要吃俺！
#01660,土偶樹
#01661,歡迎歡迎，歡迎來到<br>……你的墳墓！！
#01662,花椰魔人
#01663,來喔來喔，這是剛煮好的<br>美味花椰菜陷阱喔～！
#01664,假蘋果
#01665,哇！突然冒出來了！<br>那就來蘋一下吧。
#01666,迷路蛋
#01667,哈哈！來比比看<br>誰會先破掉吧！
#01668,森之介
#01669,你把我兒子當雜草是吧？<br>我來報仇了！
#01670,尖叫蟲
#01671,我在吃飯，準備化蝶。<br>不要礙事！
#01672,一擊蜂
#01673,嗡～嗡嗡嗡<br>嗡嗡嗡嗡～嗡
#01674,混混鳥
#01675,哼，終於來到我這裡了啊。<br>那就拿出全力一較高下吧！
#01676,人面樹
#01677,你看起來覺得我在笑？<br>這是在生氣啦！
#01678,頭暈蝶
#01679,終於變成蝴蝶了！<br>這次可不會像以前那麼好對付了！
#01680,瓢蟲岩
#01681,這棟岩石殼房子<br>可是我花了30年貸款買來的喔。
#01682,三胞胎岩石
#01683,不要叫我藤壺！
#01684,獨角岩
#01685,看我用我自豪的<br>平常拿來做串燒的角刺穿你！
#01686,毛躁蟲
#01687,讓我們比比看<br>誰更有毅力吧！
#01688,馬赫蝠
#01689,拍拍拍——你好——<br>我來幹掉你了——
#01690,岩石衛門
#01691,你好，<br>廢話少說，放馬過來吧！
#01692,岩石君
#01693,來比力氣吧，<br>放馬過來！
#01694,礦石蟹
#01695,我最近在練習<br>直著走喔。
#01696,尖尖岩
#01697,好耶！快點朝著偶<br>用力衝過來啦！
#01698,獨眼石
#01699,人家說我眼神很兇惡，<br>可是我才沒有瞪人！
#01700,怪獸石拉
#01701,我是從石頭裡生出來的怪獸！<br>很恐怖吧！！
#01702,岩石魔人
#01703,我要“咚”地上了！<br>咚地！來吧開始了！
#01704,猩猩艾姆
#01705,這頂草做的假髮<br>很適合我吧！
#01706,大舌頭Z
#01707,看我把你<br>舔得一乾二淨！！
#01708,椰子魔神
#01709,要不要來顆椰子啊～<br>別這樣，來玩嘛！
#01710,大岩諾夫
#01711,我兒子好像很受你關照嘛，<br>我來把你磨成泥！
#01712,龍五郎
#01713,唔喔喔喔！！<br>看我把你磨成肉餡！
#01714,骨頭海賊
#01715,我生前是個海賊，<br>你也加入我們的行列吧！
#01716,沙蟲
#01717,我在沙漠住了66年，<br>沙漠很讚喔！
#01718,小刺刺
#01719,哎呀！你長得一副<br>很好刺的樣子！讓我刺一下！
#01720,陷阱蜂
#01721,哎呀哎呀，<br>又有無辜的獵物來到我身邊了。
#01722,仙人掌怪
#01723,痛痛痛，讓我把這根針拔起來……<br>刺在你身上！！
#01724,叮阿鰻
#01725,好耶！輪到我出場了！<br>儘管上吧！
#01726,龍獅
#01727,哇！終於……<br>輪到我出場了是吧！
#01728,沙漠之尾
#01729,既然敢進到我的地盤……<br>給我做好心理準備！
#01730,乾魚
#01731,水，給我水……<br>差點就要不小心曬乾了！
#01732,木乃伊之介
#01733,繃帶不夠，<br>繃帶在哪裡！
#01734,沙袋
#01735,我在沙漠住了99年，<br>沙漠很讚喔！
#01736,悍龜
#01737,想騎我？可以啊。<br>只是比烏龜還慢喔！！
#01738,鰻鱺蜉蝣
#01739,……被發現了嗎。<br>既然這樣就把你拖下去。
#01740,刺針衛門
#01741,我想跟更強的人戰鬥，<br>就只有這樣而已！
#01742,女王仙人掌
#01743,呵呵呵，美麗的花朵可是有刺的喔！！
#01744,眼鏡蛇王
#01745,沙漠的夥伴們受你關照啦！<br>看我一口把你吞下去！
#01746,蹦介
#01747,蹦～蹦～<br>蹦蹦～蹦～
#01748,雪人蟲
#01749,呼～今天好冷呢<br>感覺你應該會不小心被我幹掉喔！
#01750,燃雪
#01751,我是大家的怨念集合體，<br>在這裡怨恨你。
#01752,冰凍蟲
#01753,我平常都躲在雪底下，<br>只要獵物來了就像這樣跑出來！
#01754,雪箱
#01755,哇！真的攻過來了！<br>這還真是大事不妙了哩！
#01756,霍汪可
#01757,不要這樣！我不是壞怪物！<br>只是有點超級邪惡而已！
#01758,咕瓦斯
#01759,前幾天終於300歲了。<br>我還要繼續活很久啊！
#01760,冰精
#01761,好耶——！來了——！<br>看我怎麼給你好看！
#01762,咬人屋
#01763,我是雪屋。<br>請隨意進來參觀！！
#01764,咻多羅羅
#01765,嗚嗚……我一個人好寂寞。<br>所以和我一起睡吧……
#01766,冰龍
#01767,你好！<br>來打個一場吧！
#01768,白色寶貝
#01769,好冷，其實我好想冬眠……<br>等打倒你之後就睡！
#01770,雪龍
#01771,竟然有辦法來到這裡！<br>就讓我來誇死你吧！！
#01772,沼蛙
#01773,呱……呱呱<br>呱呱，呱～呱呱！
#01774,寄居卡諾夫
#01775,感覺不像第一次和你見面呢。<br>難道我們前世是男女朋友……應該不會吧！
#01776,半魚人
#01777,我要把你拖進沼澤，<br>來場精心準備的派對！
#01778,蓮魚
#01779,（偷瞄一眼）<br>還沒辦發現嗎！？
#01780,骷顱妹
#01781,呵呵，哎呀你們的骷顱頭<br>看起來好像不錯嘛～！
#01782,肚肚傑克森
#01783,這、這一天終於到了！<br>我好緊張啊！
#01784,小史萊姆
#01785,你好。我一直被人家當成雜魚……<br>我來洗刷這個汙名了！
#01786,水滴君
#01787,這個身體是用了好多<br>富士山腳的純水做成的喔。
#01788,小龜邊
#01789,哎呀哎呀，你要從哪個方向上都行。<br>我沒關係，完全沒關係啦。
#01790,大臭花
#01791,來吧，把臉靠到花的正中央！<br>我來讓你變得香噴噴！
#01792,肚肚蝌蚪
#01793,蹦蹦～<br>我要用這肚子把你彈飛。
#01794,骷髏蟲
#01795,哇！是活人！<br>嚇我一跳！！
#01796,怪鳥薩沙
#01797,我要戳你<br>最痛的地方！
#01798,牛史萊姆
#01799,冰冰涼涼QQ彈彈<br>又濕濕黏黏的喔～！！
#01800,大肚肚蛙
#01801,打肚子的話會爆炸喔！<br>……騙你的呱！
#01802,小火苗
#01803,大家也要小心別玩火哦，<br>一失足成千古恨！
#01804,火山瑚
#01805,啊～～<br>好想噴火～～～
#01806,寶箱怪
#01807,痛死我了……沒辦法從寶箱裡出來……<br>我要發飆了喔！
#01808,瓦斯介
#01809,煙霧瀰漫煙霧瀰漫<br>煙太多了看不到前面！！！
#01810,骨頭船長
#01811,我是從海賊船上下來的。<br>贏了之後還要再回船上！
#01812,積火
#01813,要不要～來點～<br>熱騰騰的岩漿啊～
#01814,岩漿蝙蝠
#01815,前幾天在天上飛的時候，<br>不小心害森林全部燒掉了www。
#01816,火蠑螈
#01817,哇！<br>第一次看到真正的人類耶！好想把你做成標本！
#01818,岩漿魚
#01819,啊哩？！<br>不小心從岩漿裡跑出來了！
#01820,熱騰騰魔人
#01821,轟轟轟轟轟轟，<br>我這次也受邀而來了～！
#01822,黑煙
#01823,噴噴……<br>唉唷……又跑出來了。
#01824,火炎魔手
#01825,好想一把<br>抓住你的心！
#01826,烈火龍
#01827,用火炎吐息把你燒成黑炭！
#01828,火山衛門
#01829,接受我憤怒的噴火吧！
#01830,火焰龍
#01831,敵對……者……全部……殲滅。
#01832,幽靈
#01833,好恨啊～<br>炒飯啊～牛肉飯啊～
#01834,宇佐美兔男
#01835,唷！終於見面了！<br>來啦！一決勝負吧！
#01836,阿布法拉國王
#01837,哎呀，你好。<br>大家都是國王，就快快樂樂打一場吧！
#01838,章魚星人
#01839,我來自火星。<br>我是住在火星的章魚星人。
#01840,貓熊隆史
#01841,你以為我是隻貓熊的話……<br>可是會倒大楣的！
#01842,裏飯廣志
#01843,哎呀，看你臉色不太好呢！<br>再慘白一點應該會更好喔！
#01844,有田馬鹿子
#01845,哎呀。<br>我沒什麼想說的。
#01846,蓮介
#01847,汪汪！<br>我今年16歲！
#01848,佩太郎
#01849,前幾天我第一次吃了鮪魚，<br>所以很有精神！
#01850,QQ豬肉
#01851,噗～<b>噗～
#01852,=#00248
#01853,哎呀，沒想到會在這種地方<br>遇見開羅玩家！
#01854,森野大熊
#01855,你好。我還以為這次沒有出場機會，<br>害我緊張了一下。
#01856,=#00250
#01857,哼哼，是時候讓我的邪惡<br>更進一步了。
#01858,鴨田倫子
#01859,只把我當隻鴨子的話，<br>可是會很慘的嘎——！
#01860,開羅姬
#01861,哎呀，我還以為是金塊……<br>呵呵，原來是個人啊。
#01862,=#00263
#01863,唷，你好。我是開羅君。<br>用我這努力鍛鍊的肉體……一決勝負吧！
#01864,赤井英雄
#01865,唷！記得要玩！<br>出發英雄基地喔！
#01866,佩·片片
#01867,你好。我從百萬進行曲<br>來玩了！
#01868,小荒田部長
#01869,我常被當成無尾熊，<br>這悔恨讓我變強了。
#01870,七色摔跤手
#01871,雞
#01872,豬
#01873,牛
#01874,嚇人魚
#01875,泰塔爾魚
#01876,金屬柏克
#01877,哇喝！<br>被發現了！
#01878,寶物袋
#01879,被塞在袋子裡<br>究竟是美夢還是惡夢呢！給我好好看清楚！
#01880,劍士開羅君
#01881,沒有我的劍斬不斷的東西！<br>上吧！
#01882,魔導士開羅君
#01883,終於是時候解放<br>這代代相傳的魔法了！
#01884,夏威夷開羅君
#01885,阿囉～哈～<br>有沒有遇見一陣好浪啊～
#01886,開羅司令
#01887,我還在打電動耶……<br>快點打倒你繼續玩吧！
#01888,魔道歪羅君
#01889,哼哼……既然不能用金錢解決，<br>那就讓我幹掉你吧。
#01890,戰士歪羅君
#01891,魔王歪羅君
#01892,歪羅坦克
#01893,歪羅大魔王
#01894,哈哈哈！我等好久啦！<br>……害我都燃燒成這樣了！
#01895,雞屁股魔人
#01896,我來把你也弄得……<br>像烤雞一樣吧！！
#01897,禮物子
#01898,聖誕<br>快樂～
#01899,海豹
#01900,浣熊
#01901,犰狳
#01902,鼬鼠
#01903,野豬
#01904,水豚
#01905,龜
#01906,狐狸
#01907,熊
#01908,犀牛
#01909,斑馬
#01910,象
#01911,狸貓
#01912,鶴
#01913,貘
#01914,倉鼠
#01915,刺蝟
#01916,河狸
#01917,貓頭鷹
#01918,飛鼠
#01919,豚鼠
#01920,山羊
#01921,鱷魚
#01922,西園寺
#01923,道明寺
#01924,神宮寺
#01925,豪德寺
#01926,國分寺
#01927,金剛院
#01928,吉祥寺
#01929,佐久間
#01930,坂本
#01931,本田
#01932,武藏
#01933,間瀨
#01934,東鄉
#01935,越前
#01936,飛驒
#01937,肥後
#01938,肥前
#01939,陸奧
#01940,三河
#01941,丹波
#01942,因幡
#01943,出雲
#01944,石見
#01945,岩城
#01946,陸前
#01947,佐渡
#01948,能登
#01949,阿波
#01950,佐藤
#01951,鈴木
#01952,山本
#01953,島
#01954,小
#01955,伊集
#01956,綾野
#01957,小豆
#01958,我孫
#01959,山
#01960,田
#01961,=#00894
#01962,院
#01963,佐助
#01964,保次郎
#01965,麵包太郎
#01966,龍馬
#01967,齊藤
#01968,信長
#01969,吉田
#01970,茂雄
#01971,阿秀
#01972,雷歐
#01973,閃助
#01974,悟
#01975,聰史
#01976,悠人
#01977,晴人
#01978,諾特
#01979,春藏
#01980,番茄
#01981,俊治
#01982,誠次郎
#01983,蜜瓜
#01984,瑪琳
#01985,梅亞莉
#01986,米米卡子
#01987,朱蒂姆
#01988,良子
#01989,茂美
#01990,瑪莉
#01991,十和子
#01992,瑪莉蓮
#01993,右子
#01994,左子
#01995,遙香
#01996,鈴子
#01997,麵包子
#01998,梁子
#01999,透美
#02000,梅莉子
#02001,秀
#02002,瞬
#02003,晴
#02004,真子
#02005,秋
#02006,夏
#02007,冬
#02008,北
#02009,東
#02010,南
#02011,西
#02012,鐵
#02013,銀
#02014,炸
#02015,烏冬
#02016,男
#02017,雄
#02018,彥
#02019,郎
#02020,太
#02021,子
#02022,美
#02023,子
#02024,實
#02025,=#00351
#02026,<po=m>擁有道具<0> <1>以上<br>道具 <2> <3>以上
#02027,=#01131
#02028,=#01136
#02029,=#00352
#02030,=#00371
#02031,=#00372
#02032,=#00401
#02033,=#00402
#02034,=#00415
#02035,=#00416
#02036,=#00417
#02037,=#00425
#02038,=#00426
#02039,=#00427
#02040,=#00375
#02041,=#00376
#02042,=#00377
#02043,=#00486
#02044,=#00487
#02045,=#00431
#02046,=#00432
#02047,=#00379
#02048,=#00380
#02049,=#00381
#02050,=#00382
#02051,=#00420
#02052,=#00421
#02053,=#00422
#02054,=#00435
#02055,=#00436
#02056,=#00437
#02057,=#00385
#02058,=#00386
#02059,=#00387
#02060,=#00440
#02061,=#00441
#02062,=#00442
#02063,=#00391
#02064,=#00392
#02065,=#00404
#02066,=#00405
#02067,=#00406
#02068,=#00407
#02069,=#00445
#02070,=#00446
#02071,=#00447
#02072,=#00355
#02073,=#00356
#02074,=#00357
#02075,=#00450
#02076,=#00451
#02077,=#00452
#02078,=#00489
#02079,=#00490
#02080,=#00491
#02081,=#00492
#02082,=#00494
#02083,=#00495
#02084,=#00496
#02085,=#00497
#02086,=#00455
#02087,=#00456
#02088,=#00457
#02089,=#00460
#02090,=#00461
#02091,=#00462
#02092,=#00500
#02093,=#00501
#02094,=#00502
#02095,=#00465
#02096,=#00466
#02097,=#00467
#02098,=#00470
#02099,=#00471
#02100,=#00472
#02101,=#00360
#02102,=#00361
#02103,=#00362
#02104,=#00474
#02105,=#00475
#02106,=#00476
#02107,=#00477
#02108,=#00409
#02109,=#00410
#02110,=#00411
#02111,=#00412
#02112,=#00365
#02113,=#00366
#02114,=#00367
#02115,=#00479
#02116,=#00480
#02117,=#00481
#02118,=#00482
#02119,=#00396
#02120,=#00397
#02121,=#00516
#02122,=#01132
#02123,=#00517
#02124,=#00518
#02125,=#00519
#02126,=#00522
#02127,=#00523
#02128,=#00524
#02129,=#00525
#02130,=#00526
#02131,=#00527
#02132,=#00528
#02133,=#00529
#02134,=#00530
#02135,=#00531
#02136,=#00540
#02137,=#01133
#02138,=#00541
#02139,=#00543
#02140,=#00544
#02141,=#00545
#02142,=#00546
#02143,=#00547
#02144,=#00549
#02145,=#00550
#02146,=#00551
#02147,=#00554
#02148,=#00555
#02149,=#00556
#02150,=#00557
#02151,=#00558
#02152,=#00559
#02153,=#00560
#02154,=#00561
#02155,=#00582
#02156,=#01134
#02157,=#01137
#02158,=#00583
#02159,=#00584
#02160,=#00585
#02161,=#00586
#02162,=#00587
#02163,=#00588
#02164,=#00589
#02165,=#00590
#02166,=#00592
#02167,=#00593
#02168,=#00594
#02169,=#00595
#02170,=#00596
#02171,=#00597
#02172,=#00598
#02173,=#00599
#02174,=#00600
#02175,=#00603
#02176,=#01135
#02177,=#00604
#02178,=#00605
#02179,=#00606
#02180,=#00607
#02181,=#00608
#02182,=#00610
#02183,=#00611
#02184,=#00613
#02185,=#00614
#02186,=#00616
#02187,=#00617
#02188,=#00618
#02189,=#00619
#02190,=#00620
#02191,=#00621
#02192,=#00622
#02193,=#00623
#02194,=#00624
#02195,=#00625
#02196,=#00629
#02197,=#00630
#02198,=#00631
#02199,=#00632
#02200,=#00633
#02201,=#00634
#02202,=#00635
#02203,=#00636
#02204,=#00637
#02205,=#00638
#02206,=#00639
#02207,=#00640
#02208,=#01404
#02209,研究看看吧
#02210,=#01042
#02211,=#00904
#02212,=#01405
#02213,=#01043
#02214,=#01406
#02215,=#01044
#02216,=#01407
#02217,=#01045
#02218,=#01408
#02219,=#01409
#02220,=#01410
#02221,=#00340
#02222,=#01422
#02223,=#01423
#02224,=#01424
#02225,=#01426
#02226,=#01427
#02227,=#01428
#02228,=#01429
#02229,=#01430
#02230,=#01431
#02231,=#01432
#02232,=#01433
#02233,=#01434
#02234,=#01435
#02235,=#01436
#02236,=#01437
#02237,=#01438
#02238,=#01439
#02239,=#01440
#02240,=#01441
#02241,=#01442
#02242,=#01443
#02243,=#01444
#02244,=#01445
#02245,=#01448
#02246,=#01449
#02247,=#01450
#02248,=#01451
#02249,=#01452
#02250,=#01453
#02251,=#01454
#02252,=#01455
#02253,=#01456
#02254,=#01457
#02255,=#01458
#02256,=#01459
#02257,=#01460
#02258,=#01461
#02259,=#01462
#02260,=#01463
#02261,=#01464
#02262,=#01465
#02263,=#01466
#02264,=#01467
#02265,=#01468
#02266,=#01469
#02267,=#01470
#02268,=#01471
#02269,=#01472
#02270,=#01536
#02271,=#01538
#02272,=#01543
#02273,=#01561
#02274,=#01046
#02275,=#01562
#02276,=#01047
#02277,=#01476
#02278,=#01048
#02279,=#01477
#02280,=#01049
#02281,=#01478
#02282,=#01050
#02283,=#01479
#02284,=#01051
#02285,=#01501
#02286,=#01502
#02287,=#01503
#02288,=#01504
#02289,=#01505
#02290,=#01506
#02291,=#01507
#02292,=#01508
#02293,=#01509
#02294,=#01510
#02295,=#01511
#02296,=#01512
#02297,=#01513
#02298,=#01514
#02299,=#01515
#02300,=#01516
#02301,=#01517
#02302,=#01518
#02303,=#01519
#02304,=#01520
#02305,=#01521
#02306,=#01522
#02307,=#01523
#02308,=#01524
#02309,=#01525
#02310,=#01526
#02311,=#01527
#02312,=#01528
#02313,=#01529
#02314,=#01071
#02315,=#01531
#02316,=#01532
#02317,=#01533
#02318,=#01563
#02319,=#01564
#02320,=#01573
#02321,=#01566
#02322,=#01567
#02323,=#01568
#02324,=#00931
#02325,=#01052
#02326,=#00937
#02327,=#01053
#02328,=#00943
#02329,=#01054
#02330,=#00948
#02331,=#01055
#02332,=#00969
#02333,=#01056
#02334,=#00972
#02335,=#01057
#02336,=#00975
#02337,=#01058
#02338,=#00978
#02339,=#01059
#02340,=#00981
#02341,=#01060
#02342,=#00984
#02343,=#01061
#02344,=#00987
#02345,=#01062
#02346,=#00990
#02347,=#00993
#02348,=#00996
#02349,=#00999
#02350,=#01002
#02351,=#01005
#02352,=#01008
#02353,=#01031
#02354,=#01040
#02355,=#01034
#02356,=#01035
#02357,=#01036
#02358,=#01037
#02359,=#01603
#02360,=#01594
#02361,=#01606
#02362,=#01604
#02363,=#00001
#02364,普通攻擊
#02365,弓箭攻擊
#02366,槍砲攻擊
#02367,暴擊
#02368,弓箭亂射
#02369,裝備弓箭時進行亂射
#02370,炎魔法<0>
#02372,進行魔法攻擊
#02377,冰魔法<0>
#02378,雷魔法<0>
#02379,半反射
#02380,反射對手一半的攻擊
#02381,完全反射
#02382,把對手的攻擊全數奉還
#02383,<0>連擊
#02384,一次攻擊可以攻擊<0>次
#02385,反擊攻擊
#02386,對方攻擊時馬上進行反擊
#02387,格擋
#02388,減輕敵人的攻擊
#02389,完全閃避
#02390,發動時可以巧妙閃避攻擊
#02391,閃避UP
#02392,一段時間內更容易閃避
#02393,暴擊UP
#02394,一段時間內更容易暴擊
#02395,直線攻擊<0>
#02396,攻擊 <0>列直線
#02397,範圍攻擊<0>
#02398,攻擊周遭 <0>列敵人
#02399,多彈頭箭矢
#02400,裝備弓箭時進行範圍攻擊
#02401,<0>回復
#02402,=#01954
#02403,HP回復<0>%
#02404,中
#02405,大
#02406,復活<0>%
#02407,從重傷狀態恢復<0>%HP並復活
#02408,農活
#02409,可以善加利用田地等
#02410,建築工程
#02411,無論建築人數多寡都可進行建造
#02412,偷竊
#02413,攻擊時偶爾能讓寶箱出現
#02414,烹飪
#02415,能在餐館等設施中製作道具
#02416,搬運
#02417,能在城市之間移動資源
#02418,研究
#02419,能夠進行研究
#02420,研究<0>
#02421,研究時間減少 <0>%
#02422,酪農
#02423,能捕捉動物，運用牧場
#02424,寶箱解析
#02425,能取出城市裡的寶箱中的物品
#02426,製作
#02427,能在工坊製作賣給觀光客的商品
#02428,製作<0>
#02429,工坊的製作時間減少 <0> %
#02430,<0>立即完成
#02431,建造
#02432,讓建造立即完成
#02433,工坊
#02434,讓工坊活動立即完成
#02435,瞬間移動
#02436,偶爾會瞬間移動
#02437,拔草
#02438,開採自然工作會立即完成
#02439,寶箱解析會立即完成
#02440,移動速度UP
#02441,走路速度會提升
#02442,全力衝刺
#02443,時刻保持衝刺狀態
#02444,礦山
#02445,能夠在礦山活動
#02446,派遣範圍擴大<0>
#02447,使派遣範圍稍微擴張
#02448,使派遣範圍大幅擴張
#02449,雲攻擊擴大
#02450,消滅雲時的範圍擴大
#02451,經驗值UP<0>
#02452,戰鬥時獲得的經驗值稍微提升
#02453,戰鬥時獲得的經驗值提升
#02454,戰鬥時獲得的經驗值大幅提升
#02455,派遣費用減少<0>
#02456,派遣時所需能量稍微減少
#02457,派遣時所需能量大幅減少
#02458,<0>自動回復
#02459,HP
#02460,移動中會定期<0>
#02461,回復HP
#02462,MP
#02463,回復MP
#02464,活力
#02465,回復活力
#02466,施設<0>回復UP
#02467,使用施設時的HP回復量增加
#02468,使用施設時的活力回復量增加
#02469,使用施設時的MP回復量增加
#02470,毅力
#02471,重傷時消耗自身MP復活
#02472,克服<0>系武器
#02473,劍
#02474,克服<0>系武器的弱點
#02475,杖
#02476,=#00345
#02477,矛
#02478,槌
#02479,棒
#02480,槍
#02481,弓
#02482,書
#02483,克服盾裝備
#02484,盾
#02485,匿蹤
#02486,清除雲時敵人不會出現
#02487,直覺敏銳
#02488,挖掘地面時敵人不會出現
#02489,退怯
#02490,撿拾物品時不會進入戰鬥
#02491,好戰
#02492,派遣時不會撿拾物品
#02493,看家
#02494,速去速回
#02495,在派遣範圍內巡視1圈後返回
#02496,喜歡散步
#02497,喜歡自然
#02498,喜歡遠征
#02499,專心補助
#02500,敵人襲擊時不會進行戰鬥
#02501,整地活動
#02502,以在領地內收集資源為中心活動
#02503,喜歡田地
#02504,準備周詳
#02505,頭陣
#02506,頭目戰等時候會站在最前列
#02507,勇猛果敢
#02508,頭目戰等時候會在站在靠前的位置
#02509,後方支援
#02510,頭目戰等時候會在站在後方
#02511,暴擊UP改
#02512,喜歡製作<0>
#02513,在工坊的活動時間延長
#02514,在工坊的活動時間大幅延長
#02515,破壞護甲<0>
#02516,暫時減低對手的防禦<0>%
#02517,睡眠咒文<0>
#02518,讓對手暫時睡著
#02519,技能
#02520,游擊<0>
#02521,能在城市周圍約<0>格內自由活動
#02522,美術<0>
#02523,能在藝術工坊進行製作
#02524,稍微縮短在藝術工坊的製作時間
#02525,縮短在藝術工坊的製作時間
#02526,大幅縮短在藝術工坊的製作時間
#02527,極大縮短在藝術工坊的製作時間
#02528,捕獲動物
#02529,能捕捉野生動物
#02530,愛講話<0>
#02531,稍微更容易和同居人變得親密
#02532,容易和同居人變得親密
#02533,非常容易和同居人變得親密
#02534,銘謝惠顧
#02535,小獎
#02536,中獎
#02537,大獎
#02538,歷代
#02539,星期
#02540,支援
#02541,託管
#02542,全部
#02543,內容
#02544,預想
#02545,全員返回
#02546,排列順序
#02547,復原
#02548,重設
#02549,決定
#02550,結束
#02551,返回
#02552,是
#02553,否
#02554,確認
#02555,儲存
#02556,選單
#02557,自己
#02558,前
#02559,網站
#02560,階層
#02561,密碼
#02562,改名
#02563,回轉
#02564,移除
#02565,切換
#02566,中止
#02567,繼續
#02568,關閉
#02569,履歷
#02570,追蹤
#02574,劍士開羅君的挑戰（初級）
#02575,打倒我，得到寶物吧
#02576,劍士開羅君的挑戰（中級）
#02577,劍士開羅君的挑戰（上級）
#02578,劍士開羅君的挑戰（超級）
#02579,魔導士開羅君的挑戰（初級）
#02580,魔導士開羅君的挑戰（中級）
#02581,魔導士開羅君的挑戰（上級）
#02582,魔導士開羅君的挑戰（超級）
#02583,夏威夷開羅君的挑戰（初級）
#02584,夏威夷開羅君的挑戰（中級）
#02585,夏威夷開羅君的挑戰（上級）
#02586,夏威夷開羅君的挑戰（超級）
#02587,開羅司令的挑戰（初級）
#02588,開羅司令的挑戰（中級）
#02589,開羅司令的挑戰（上級）
#02590,開羅司令的挑戰（超級）
#02591,突擊！游擊歪羅迷宮
#02592,哼哼，來得好
#02593,逆襲的戰士歪羅君
#02594,戰慄的魔王歪羅君
#02595,決戰！歪羅坦克
#02596,調查 <0>上級倉庫設計圖的傳聞
#02603,=#00001
#02604,調查 寶物上級倉庫設計圖的傳聞
#02605,調查 道具上級倉庫設計圖的傳聞
#02606,調查 蛋上級倉庫設計圖的傳聞
#02607,調查 領地掩埋設計圖的傳聞
#02608,調查 混沌岩的傳聞
#02609,調查 尋找<0>資源
#02610,調查 尋找大量<0>資源
#02611,調查 尋找水果 <0>
#02612,初級
#02613,中級
#02614,上級
#02615,超上級
#02616,調查 尋找藥物 <0>
#02617,調查 尋找蔬菜 <0>
#02618,調查 尋找海產 <0>
#02619,調查 尋找工具 <0>
#02620,調查 尋找裝備本源 <0>
#02621,調查 尋找銅幣 <0>
#02622,調查 尋找開羅系列 <0>
#02628,調查 未使用
#02629,調查 附帶店員收銀台的傳聞
#02630,調查 飼養龍的方法的傳聞
#02631,調查 技能書籍的傳聞<0>
#02634,調查 智者的傳聞
#02635,初次見面。<br>我是協助您建國的<br>丸濱川羊。
,和國民同心協力，一起將這個……<br>繼承自前任國王的國家，發展成一個<br>讓全世界都羨慕的美好國家吧！
,雖然是這麼說……<br>不過這裡還只是一片什麼都沒有的荒地。
,首先就……<br>來建造作為城市中心的<br>「市政廳」吧。
#02636,=#00001
#02637,初次見面。<br>我是在附近對王國很熟悉的同行。
,我聽說有個勇敢的猛士<br>在這被魔物摧殘的土地上挺身而出，今天特地來拜訪看看。
,我看看，不錯不錯……<br>你長得就像是會改變未來的樣子呢。<br>我看得出來，真的真的，<br>不騙你的。
,作為初次見面的問候，<br>我就把這不小心剩下的能量<br>分給你吧。
#02638,你好。<br>聽國民們都在說<br>這個王國級別已經到達5了，
,所以我視察時，就順便來看看了。<br>光是看起來……就已經成長了許多，前途無量呢。
,已經快要追上……我的王國級別了呢。我要跟我的部下拉爾夫商量一下對策了。
,喔，對了。<br>這次也分你一點能量吧。<br>希望你能好好活用。
#02639,你好。<br>好久不見了呢。
,從上次之後，我為了不要<br>讓你追過我的王國級別，<br>不斷努力升級，前幾天終於
,初次到達7級了！<br>想說這下子終於可以暫時保持領先，<br>所以今天特別來炫耀一下。
,……呃？<br>7級……？<br>咦？已經……追上了？
,……我要快點回去<br>取消慶功宴了。<br>老樣子，這是伴手禮……
#02640,好久不見了。<br>我聽說了<br>你越來越活躍的表現。
,即使我耳朵里塞著耳機<br>也都聽得一清二楚。<br>哎呀，真是不得了。
,那麼就照老樣子，<br>送給你能量吧……<br>請好好活用。
#02641,你好。<br>好久不見了呢。
,因為貴國的努力奮鬥，身為鄰國的我國的怪物也跟著減少，安全度提高了許多！
,然後我變得閒得沒事做，<br>最近正一面看電視一面學習如何不在社群網站上被罵的方法。
,從今以後也希望你能<br>為了我們的和平安穩繼續奮鬥。<br>那麼今天也是老樣子<br>把多餘的能量分給你……
#02642,好久不見了。<br>我通過飛箭傳書收到了<br>你愈來愈精彩的活躍表現。
,前幾天射過來的箭文<br>差點刺到我的頭，<br>還好因為剛巧是USB的部分才大難不死。
,最近的箭原來是<br>用USB送過來的啊。<br>這也是因為你有在<br>好好治理這個王國的緣故。
,為了世界文明的發展，<br>希望今後你也能繼續奮鬥。<br>那麼這次也是老樣子<br>把能量分給你……
#02643,你好。<br>好久不見了呢。
,託了貴國的福，<br>我現在每天都能悠哉地待在家裡。<br>已經不知道幾年沒有出門了呢……
,為了我的家裡蹲生活，<br>今後希望你也能繼續奮鬥。<br>那麼這次也是老樣子<br>把能量分給你……
#02644,你好！<br>貴國那像異次元一樣的級別<br>讓我國全國上下都驚歎不已呢。
,身為鄰居<br>實在是太安心了。
,期待你今後的活躍表現。<br>那麼這次也是老樣子，把能量分給你……
#02645,那麼，<br>讓我們不久後再見吧。
#02646,似乎並沒有<br>持有<0>。
#02647,無法裝備<br><0>。
#02648,<0><br>……已經裝備了呢。
#02649,因為倉庫建成，<br>城市的資源容量增加了。
#02650,<pic=money>似乎不足。
#02651,<pic=grass>似乎不足。
#02652,<pic=wood>似乎不足。
#02653,<pic=food>似乎不足。
#02654,<pic=iron>似乎不足。
#02655,<pic=magic>似乎不足。
#02656,現在並沒有<br>可以領取的報酬。
#02657,和<0><br>道別了。
,裝備和技能<br>似乎退還回來了。
#02658,現在……<br>似乎不能道別。
,請在居民空閒狀況下，<br>稍待一會後再度嘗試。
#02659,會導致無人能夠<br>治理這個國家。
#02660,似乎還沒有發現。
#02661,<pic=stamina>似乎不足。
#02662,現在的城市級別……<br>無法再繼續增加。<br>倉庫數量已經到達上限。
#02663,道具似乎不足。
#02664,似乎沒有雇用權利。
#02665,終、終於……<br>讓所有的區域都<br>恢復了和平……
,完全取回了<br>過去的王國！
,全體國民都很高興！<br>恭喜您！
#02666,哎呀！<br>似乎交了很多朋友呢。
,來自香蕉王國的<br>賀禮送達了喔。
#02667,如果好友增加，<br>在討伐時也能更加有利，<br>所以請一起暢玩吧。
,那麼告辭。
#02668,哎呀！<br>這個島上好像還有<br>未開拓的土地的樣子！
#02669,從建造選單中<br>選擇建造市政廳吧。<br>可以在範圍內自由選擇位置。
#02670,決定城市的範圍了呢。
,這個地方以後將會有民家和倉庫林列，<br>朝向和上一代一樣的美好國家……<br>這個目標一步一腳印前進吧！
,接下來……就建造「土地」<br>重新讓這地方活絡起來吧！
#02671,這次為了建設國王房間，<br>先設為國王的土地吧。
#02672,唉唷，都忘記募集<br>城市的居民了。
,現在的級別最多能夠添加<br>3個居民。<br>試著選擇市政廳吧。
#02673,我也會真心祈禱<br>派遣能夠成功。
,只要向周圍覆蓋的雲進行派遣，<br>世界似乎就會不斷擴展開來喔。
,說到這個，<br>就把我手中的<br>上一代的秘密道具交給你吧。
,您可以自由「長按」<br>來進行快進。
#02674,要離開城市，<br>必須要穿越外壁呢。
,我覺得好像有個入口……<br>會比較方便。
,那麼就馬上來<br>設置看看吧！
#02675,完成了呢！<br>那麼就來派遣出發尋寶吧。
,……或許能找到<br>撥散四周的雲的方法呢！
,那麼就請選擇派遣吧。
#02676,之後應該會需要<br>儲藏各種物品的倉庫。
,試著在市政廳附近<br>建築2間倉庫吧。
#02677,為了儲存更多<pic=grass>，<br>請建造新的倉庫吧。
#02678,為了儲存更多<pic=food>，<br>請建造新的倉庫吧。
#02679,為了儲存更多<pic=wood>，<br>請建造新的倉庫吧。
#02680,為了儲存更多<pic=iron>，<br>請建造新的倉庫吧。
#02681,為了儲存更多<pic=magic>，<br>請建造新的倉庫吧。
#02682,派遣和討伐需要<pic=stamina>呢。
,雖然隨著時間經過能在市政廳獲得一點點……
,但看樣子還是需要<br>更完善的設備呢。
,我回想著上一代時候的能量設施，<br>畫出設計圖了，請您活用。
#02683,看樣子稍微變更一下派遣目的地會比較好。
,我有種預感，<br>被雲覆蓋的地方對王國發展會有幫助。
#02684,為了進行研究……<br>來建造設施吧！
,建造完成之後，<br>請為研究設施指定負責人。
#02685,研究能夠使用各種資源發現對建國有益的東西，果然是很重要的呢！
,研究所也完成了，<br>馬上前進吧！
#02686,得到令人在意的寶物了呢！
,但是……因為還沒打開的關係，<br>不知道內容物是什麼呢。
,鎮民有打開寶箱的技術，準備地方來開封吧！
,放在倉庫附近應該不錯。
#02687,國家發展上軌道了呢。<br>從今以後也要小心謹慎喔。
#02688,有洞窟出現在城市外了呢！
,如果忽略不管的話，<br>會有怪物大量出現……做好準備後，<br>就派人前往討伐吧！
,請試著點擊洞窟。
#02689,似乎發現了<br>讓雲產生的頭目！
,為了奪回世界，<br>做好準備後<br>就派人前往討伐吧！
,請點擊頭目看看。<br><br>……啊，在那之前<br>請收下這個。
#02690,頭目戰開始之後，<br>遇到危急情況時請使用它吧！
#02691,發現了能夠<br>強化夥伴的道具！
,馬上就對夥伴使用吧！
#02692,從居民清單選擇夥伴，<br>就能看見裝備選單。
,把武器和防具交給<br>進行戰鬥的夥伴吧。
#02693,由於派遣夥伴的努力，<br>累積了級別點數！
,馬上就來<br>選擇市政廳，<br>提升王國級別吧！
#02694,據說<pic=grass><br>能夠定期在田裡採收。<br>馬上就來研究看看吧！
#02695,另外，我從家裡的櫃子裡找到的道具<br>也送給你吧。
#02696,據說<pic=wood><br>能夠定期在造林所取得。<br>馬上就來研究看看吧！
#02697,竟然得到新的<br>市政廳了呢。
,既然安全的土地<br>已經擴張了不少……就找個寬廣的地方<br>建立新的城市吧！
#02698,有馬舍的話，<br>派遣的時候就能讓<br>1個人的移動速度提升喔。
,把它蓋在出發前往派遣的<br>出入口處，似乎就會有效果了。
#02699,可以在港口邀請<br>鄰國的船前來拜訪。
,會有像是商人或冒險者前來……<br>但是如果他們不認路的話，<br>就有可能無法到達。
,所以，就一路搭看板<br>到城市的出入口吧！
#02700,請注意配置時的範圍，<br>要配置得可以連在一起喔。
,啊，附帶一提，<br>鄰國送來了賀禮，請收下吧。
#02701,將看板一路搭到<br>出入口之後，
,就選擇港口，邀請船只前來吧。<br>如果城市裡有商店的話，<br>收入也會跟著提升喔！
#02702,新的房間似乎是能和<br>同居人一起居住的樣式。
,機會難得，<br>請放置專用的床鋪，設定夥伴吧！
#02703,雖然各種職業<br>有裝備著各自的技能……
,不過學會新的技能時，<br>就選擇同伴，<br>從「裝備技能」授予技能吧。
,有些技能似乎能在戰鬥中<br>或是城市裡派上用場。<br>請試試看各種搭配吧。
#02704,城市受到攻擊<br>設施似乎被破壞了。
,我有聽過傳聞……<br>據說滿月的夜晚<br>怪物可能會來到城市。
,請收下能夠叫醒<br>睡著的居民<br>或是召回派遣中的同伴的道具吧。
,請在受到大量怪物襲擊時<br>活用看看。
#02705,有夥伴在戰鬥中<br>受了傷呢……
,似乎需要可以進行回復的設施。<br>馬上就來建造吧！
#02706,城市發展到一定的階段了呢。
,我想今後……<br>敵對的怪物們<br>也會變得更加強大。
,請選擇各種建設好的設施，<br>考慮對它們<br>進行升級。
#02707,研究需要某個<br>重要的「職業」。
,我把認識的人介紹給您，<br>請務必予以雇用。
#02708,為了找到新的夥伴……<br>接受介紹如何呢？
,讓人介紹希望移居到<br>新城市的居民和冒險者們吧！
#02709,看著和上一代國王的紀念照片，<br>我想起了這個城市<br>其實是有一口井的。
,進行研究吧！
#02710,看著和上一代國王的珍貴相簿，<br>我想起了這個城市<br>其實是有一座爐灶的。
,進行研究吧！
#02711,看著上一代國王送的自拍照片<br>我想起了這個城市<br>其實是有休憩處。
,進行研究吧！
#02712,看著上一代國王畫的風景畫，<br>我想起了這個城市<br>其實是有長椅的。
,進行研究吧！
#02713,期待的第2個城市……<br>終於完成了呢！
,昨天全國上下一起慶祝，<br>度過了一段很快樂的時光。
,愈來愈靠近未開拓的土地了，<br>它或許能夠成為征服<br>更為強力的土地時的理想據點！
,為了今後的發展<br>可能會需要更多各種東西，
,我也略盡棉薄之力，<br>把我為了這一天準備的<br>東西送給你吧。
#02714,來建設<br>美好的城市吧！
#02715,對了，城市之間<br>似乎可以進行物資往來。
,在這個設施建在兩個城市中，<br>選擇要運送的物資吧。
#02716,請收下上一代國王交給我的<br>特別物品吧。
,能讓施工馬上完成喔！
#02717,請帶著此物品，<br>在房間裡各自選擇。
#02718,在級別提升施工時<br>會出現各種必要的素材。
,從今以後也藉由派遣收集寶物，<br>努力升級吧！
,那麼，因為剛才<br>我坐的椅子壞掉了，<br>請使用這些材料吧。
#02719,和上一代國王的朋友聊天的時候，<br>我發現這座城市<br>似乎鋪設了田間小道。
,進行研究吧！
#02720,為了增加安全的土地……<br>把覆蓋在城市周遭的雲都給撥散吧！
,所以，似乎改變一下<br>派遣的目的地<br>會比較好呢。
,試著從派遣<br>重新選擇地點吧！
#02721,道具倉庫在各方面都很重要呢。<br>為了今後，應該趕快通過研究獲得比較好呢！
,馬上進行研究吧！
#02722,如果寶物庫滿了的話……<br>難得得到的寶物也就浪費掉了。
,為了今後，還是應該趕快通過研究<br>獲得道具倉庫比較好呢！
#02723,哎呀！<br>得到了讓人超高興的銅幣了呢！
,雖然有時候會出現在寶物裡……
,不過主要還是藉由<br>搭船來的觀光客得到。
,雖然也能暫時保管在道具倉庫……<br>不過還有專用的存錢筒，<br>就來配置看看吧！
#02724,喔喔！！<br>終於得到銀幣了！
,銀幣號稱有著銅幣的<br>數倍以上的價值。
,因為是很重要的東西，<br>趕快配置專用的存錢筒吧！
#02725,喔喔喔～！！<br>竟然得到金幣了！<br>我也是第一次看見……
,金幣號稱有著銀幣的<br>數倍以上的價值……<br>我也是第一次看見……
,因為是很重要的東西，<br>就來配置專用的存錢筒吧！<br>我也是第一次看見……
#02726,雖然能夠得到<pic=food><br>的設施並不多……
,但聽說增加酪農家，就能建設牧場，發揮實力的樣子。
,在城市建設牧場吧！
#02727,<pic=food>所剩不多呢。
,派遣人手前往結果實的樹<br>或許能比較容易得到。
,將來如果能招募酪農家，<br>經營牧場就好了。<br>這次請收下這些物品。
#02728,<pic=iron>所剩不多呢。
,派遣人手前往有岩石的地方<br>或許能比較容易得到。
,總有一天如果能在附近建設礦山就好了……<br>但是據說相當難以發現。
,這次就請收下<br>這些東西吧。
#02729,<pic=magic>所剩不多呢。
,派遣人手前往<br>有發出紅色光芒的岩石的地方<br>或許能比較容易得到喔。
,總有一天如果能建設魔石礦山就好了……<br>但是據說相當難以發現。
,這次就請收下<br>這些東西吧。
#02730,雖然牧場完成了，<br>但是卻沒有動物呢……
,接下來，為了把動物引誘來，<br>試著在城外配置飼料吧！
#02731,怪物掉下了<br>蛋呢！
,這……或許是能讓怪物<br>成為同伴的機會！
,總之就先搭建<br>能夠在城市裡存放它的倉庫吧！
#02732,那麼就來<br>讓蛋孵化吧！
,有在室內飼養，以及在戶外飼養<br>2種類的設施。
,就從你想要的那一種<br>開始研究吧！
#02733,商店能夠製造商品<br>並在貨架上販售。
,由於商品的數量不能超過貨架，<br>或許有必要擴充店內的空間。
,馬上就來配置貨架，<br>讓商品有地方放吧。
#02734,得到能夠開採<br><pic=iron>的設施了呢！
,配置之後……<br>需要讓同伴持有「技能」<br>才能正常運作。
,也請將這個技能<br>交給負責人吧。
#02735,得到能夠開採<br><pic=magic>的設施了呢！
,配置之後……<br>需要讓同伴持有「技能」<br>才能正常運作。
,也請將這個技能<br>交給負責人吧。
#02736,好友增加了呢！
,在討伐等時候能夠得到好友的協助……<br>可以說是建國時的強力援軍呢。
,然後，如果在城裡配置<br>特別的床鋪的話，<br>就可以讓好友暫時停留在此喔。
,馬上就來研究吧。
#02737,將剛才得到的荒地導覽<br>配置在城市周遭，<br>就會發揮效果。
,如果放在荒地附近，<br>居民們就會<br>前往修補。
,試著放在城市外面看看吧。
#02738,將剛才得到的遠征小屋<br>配置在城市周遭，<br>就會發揮效果。
,如果放在自然附近，<br>居民們就會<br>前往收穫。
,試著放在城市外面看看吧。
#02739,使用剛才得到的<br>育苗場，偶爾會……
,得到能在田地使用的種子喔。
,試著放在家裡看看吧。
#02740,使用剛才得到的<br>工具精製所，偶爾會……
,得到像是木板之類的<br>建材或工具喔。
,試著放在家裡看看吧。
#02741,使用剛才得到的<br>礦石精製所，偶爾會……
,得到像是礦石之類的<br>建材或工具喔。
,試著放在家裡看看吧。
#02742,使用剛才得到的<br>烹飪臺，偶爾會……<br>得到料理喔。
,而且如果有餐館的話，或許就能得到更多種類的料理。
,試著放在家裡看看吧。
#02743,試著在城市裡<br>設置剛才得到的<br>魔物塑像吧。
,它有能夠吸引前來襲擊的敵人的效果。
,盡量放在離像是倉庫之類的<br>重要設施遠一點的地方吧。
#02744,試著在城市裡<br>設置剛才得到的<br>驅魔 寶珠吧。
,它有能夠吸引前來襲擊的敵人的效果。
,盡量放在離像是倉庫之類的<br>重要設施遠一點的地方吧。
#02745,試著在城市裡<br>設置剛才得到的<br>驅魔 劍吧。
,它有能夠吸引前來襲擊的敵人的效果。
,盡量放在離像是倉庫之類的<br>重要設施遠一點的地方吧。
#02746,試著在城市裡<br>設置剛才得到的<br>驅魔 石碑吧。
,它有能夠吸引前來襲擊的敵人的效果。
,盡量放在離像是倉庫之類的<br>重要設施遠一點的地方吧。
#02747,如果城裡居住著<br>多名擁有同樣職業的居民，<br>有時就會讓生活變得更方便舒適呢。
,我來多介紹一點認識的人吧。
#02748,想要重視戰鬥的時候，<br>就多招募一些<br>擅長戰鬥的職業吧！
#02749,武器店完成了呢！<br>請好好活用吧！
#02750,防具店完成了呢！<br>請好好活用吧！
#02751,道具店完成了呢！<br>請好好活用吧！
#02752,家具店完成了呢！<br>請好好活用吧！
#02753,技能店完成了呢！<br>請好好活用吧！
#02754,旅館完成了呢！<br>如果觀光船來了的話<br>應該就會派上用場了！
,請好好活用吧！
#02755,餐館完成了呢！<br>請好好活用吧！
#02756,飾品店完成了呢！<br>請好好活用吧！
#02757,回復之間完成了呢！<br>請好好活用吧！
#02758,解析之間完成了呢！<br>請好好活用吧！
#02759,研究所完成了呢！<br>請好好活用吧！
#02760,醫院完成了呢！<br>請好好活用吧！
#02761,教會完成了呢！<br>請好好活用吧！
#02762,日期更新了。<br>現在是建國開始以來 第<0>天喔。
#02763,昨天登錄的戰鬥點數<br>結果揭曉了！<br>究竟排行第幾呢……我們來看看吧！
#02764,已經超過登錄的戰鬥點數報酬的領取期限了。
,請記得在登錄的第二天……<br>進行確認喔。
#02765,喔，似乎成功達成<br>挑戰的任務了！
#02766,昨天挑戰的任務<br>已經截止了……
,重新挑戰<br>今天的任務吧！
#02767,為了成為師父<br>需要提升任何一種能力。
,將等級升至「5級」以上吧。
#02768,這分享的英姿真棒！<br>請收下獎勵。
#02769,這分享的英姿真棒！<br>真的嚇死偶了啦。
#02770,感謝您的評論。<br>我會將其活用在<br>今後我國的發展上。
#02771,目前似乎無法使用<br>該道具。
#02772,似乎無法裝備多個<br>和該技能同一種類的技能。
#02773,呵呵。你好。<br>我聽說有位認真經營王國的國王，所以特地前來拜訪了。
,我學會了擴張領域的魔法，<br>因此想試著使用看看。
,雖然昨天練習的時候毀壞了3座城市，不過今天應該能一次就成功。各種意義上。<br>那麼……嗯哼。
,嘰耶————！！！！！
#02774,呵呵。你好。<br>我聽說有位真摯經營王國的國王，所以特地前來拜訪了。
,我學會了擴張領域的魔法，<br>因此想試著使用看看。
,雖然昨天練習的時候把旁邊的黃色機器人炸飛到宇宙的盡頭了，不過今天應該能成功。各種意義上。那麼……嗯哼。
,嘰耶————！！！！！
#02775,呵呵。你好。<br>我聽說有位出色地經營王國的國王，所以特地前來拜訪了。
,我學會了擴張領域的魔法，<br>因此想試著使用看看。
,雖然我才剛學會，只對朋友用過而已，不過特別對你用用看喔！<br>那麼，嗯哼！
,嘰耶————！！！！！
#02776,呵呵。你好。<br>我聽說有位拼命經營王國的國王，所以特地前來拜訪了。
,我學會了擴張領域的魔法，<br>因此想試著使用看看。
,昨天想說要試試看的時候，發現附近有一折限時大拍賣，就跑去買了很多衣服。<br>所以這是直接上陣！！
,那麼……
,嘰耶————！！！！！
#02777,呵呵。你好。<br>我聽說有位專心經營王國的國王，所以特地前來拜訪了。
,我學會了擴張領域的魔法，<br>因此想試著使用看看。
,雖然昨天練習的時候好像有種神秘的恐怖大魔王復活了的感覺，不過我覺得那應該只是錯覺，今天也來挑戰吧！那麼，嗯哼
,嘰耶————！！！！！
#02778,呵呵。你好。<br>我聽說有位健全地經營王國的國王，所以特地前來拜訪了。
,我學會了擴張領域的魔法，<br>因此想試著使用看看。
,雖然昨天練習的時候發生了許多災害，不過我想應該和我的魔法是沒有關係的才對。應該啦。那麼……嗯哼。
,喔啦啊啊啊啊啊～～！！！！
#02779,呵呵。你好。<br>我聽說有位華麗地經營王國的國王，所以特地前來拜訪了。
,由於我學會了擴張領域的魔法<br>想試著使用看看。
,雖然昨天練習的時候附近的大陸沉到海底了，不過我覺得今天應該會成功。真的啦。<br>那麼……嗯哼。
,哼呀啊啊啊啊啊～～～！！！！
#02780,呵呵。成功了呢。<br>那麼下次再會吧。
#02781,哎呀，收到了每5級合計一次的<br>王國的最高得分。
,究竟取得了<br>多高的得分呢……
#02782,似乎不是能夠<br>裝備該技能的職業。
#02783,哎呀，這裝備好像是<br>女性專用呢。
#02784,如果要拆除這個設施的話，<br>請先拆除範圍內的……<br>其他設施。
#02785,哎呀！<br>好像又發現了些什麼！
#02786,真是太棒了！<br>這下子就可以建設新的城市了呢。
,馬上就在寬廣的地方<br>建造市政廳吧！
#02787,如果把道具拖拽到<br>這裡的鎖定按鈕上……
,就能成功鎖定，<br>不會不小心弄錯<br>把道具用掉了！
,想要解除鎖定的時候<br>請再次拖拽道具喔。
#02788,喔喔。<br>您要在商店留下評論嗎！
,謝謝您。<br>在您寫完評論之後，<br>請記得回到遊戲喔。
,那麼請小心慢走
#02789,哎呀……<br>城裡已經<br>連一個鎮民都沒有了呢……
,如果城裡沒有留下<br>至少1個鎮民的話，<br>就沒辦法打開寶箱了呢。
,我透過認識的人<br>介紹了新人過來，<br>請雇用看看吧。
#02790,話是這麼說，<br>解析寶物也可以用技能做到，<br>所以讓誰裝備在身上也可以喔。
,那麼就來<br>雇用鎮民吧。
#02791,現在正在進行作業，<br>無法卸除技能。
#02792,這是民眾居住的地方。<br>請在城市裡建造相應的數量。
#02793,這個市政廳<br>能夠雇用居民，以及將一部分作為倉庫使用，<br>是城市運作上重要的設施。
,敵人攻打進來的時候，<br>守住這裡也是很重要的。<br>為了提升城市的機能，<br>希望能盡量讓它升級呢。
,啊，不小心說得太快了……
,現在你只要明白<br>這個設施很重要就行了。
#02794,這是派遣時，居民會經過的大門。<br>據說放在人們經常通行的地方比較好。
#02795,城市的範圍擴張了。<br>這是能讓領地擴張的特別設施。
#02796,城市的範圍擴張了。<br>這是能讓領地擴張的特別設施。
,另外，指定人員負責的話，<br>當敵人攻打過來的時候，防禦起來就會更方便。
#02797,這裡能夠保管<br>收集來的道具。
,各個城市所保管的物品<br>可以使用在該城市的夥伴身上。
,好想快點收集<br>大量道具呢！
#02798,這裡能夠保管<br>收集來的能量。
,只要累積愈多<br>就能進行愈多次派遣和討伐。
,繼續奮鬥，<br>創造出能夠<br>收集更多能源的基礎設施吧。
#02799,這裡能夠保管<br>收集來的寶箱。
,請鎮民打開寶箱吧。
#02800,城市裡有了流水，<br>有氣氛多了呢。
#02801,這裡可以定期<br>收穫<pic=grass>。
,不過需要道具「田地種子」，<br>請努力收集吧。
#02802,這裡可以定期<br>收穫<pic=wood>。
,不過需要道具「樹木種子」，<br>請努力收集吧。
#02803,這裡可以定期<br>收穫<pic=food>。
,但是，需要從城外<br>捕捉動物。
,請酪農家去捕捉動物吧。
#02804,這裡可以定期<br>收穫<pic=iron>。
,但是需要……<br>送貨員的技能
,請對擁有技能的同伴<br>設定職務吧。
#02805,這裡可以定期<br>收穫<pic=magic>。
,但是需要……<br>送貨員的技能
,請對擁有技能的同伴<br>設定職務吧。
#02806,這是隨著時間經過<br>能夠收穫能量的設施。<br>沒有在遊玩時也能夠累積。
,如果配置多個該設施，<br>派遣和討伐時就不會能量不足，<br>能夠順利地進行建國呢。
#02807,使用水井時能夠<br>回復HP和活力。
,如果設置在城裡，<br>受傷的同伴們應該就會去利用。
#02808,觀光客們會<br>順著看板來訪。
,為了能引導他們到城市入口，<br>妥善地設置吧。
,此外，為了讓觀光客光顧商店，<br>也在城裡設置看板吧。
#02809,如果有空閒的居民，<br>他們就會通過這個設施<br>逐漸修整周圍的荒地。
,建在有許多荒地的地方<br>會更加有效。
,要讓荒地恢復需要一段時間，<br>請耐心等候。
#02810,能夠在派遣時<br>騎馬迅速移動的設施。
,由於只能為1人提供1匹，<br>如果能盡量配置多一點馬舍<br>應該比較好。
#02811,只要有這個設施<br>就能在城市之間移動資源。
,想要移動什麼呢……<br>請再度選擇設施吧。
#02812,這是能讓鎮民<br>發揮力量開封寶箱的設施。
,當寶物送到時鎮民就會開始行動，請稍作等待。
#02813,這是受傷的同伴可以藉由睡眠<br>進行回復的設施。
,每個城市都至少需要一幢呢。
#02814,雖然可以在這裡研究……<br>但現在沒有設定研究員。
,請再度選擇戶外研究所，<br>設定研究家。
#02815,希望居民們<br>能夠善加利用！
#02816,希望居民們<br>能夠善加利用！
,如果餐館做了新的料理，<br>或許也能在這裡做也說不定！
#02817,這是<br>敵人襲擊時……容易受到攻擊<br>的設施。
,為了受到襲擊時避免倉庫等重要的設施遭到攻擊，事先配置這類的設施吧。
#02818,花圃讓城市<br>更熱鬧了呢。<br>讓我想起了以前。
#02819,灌木叢能讓人感覺自然氣息，<br>我真是高興。
#02820,果然一個完善的城市<br>就是需要一點綠色呢。
,繼續打拼，<br>建設一個很棒的城市吧。
#02821,對受傷同伴的療養<br>應該會很有幫助。
,我也想要找個機會<br>來泡泡看的說。
#02822,會有哪些動物被吸引過來呢……<br>真是期待。
,根據配置的地形不同，可能會有些差異也說不定。
,只要動物出現，<br>待機的酪農家就會自由前往捕獲。<br>請稍作等待吧。
#02823,如果有空閒的居民，<br>他們就會通過這個設施<br>去周邊的自然中尋找有沒有寶物。
,放在自然較多的地方<br>效果更佳。
,居民前往需要耗費時間，<br>請耐心等待吧。
#02824,製作商品時需要<br>這個資源放置場。
,可以定期擺放資源，<br>活用於商店的商品製作。
#02825,在一天結束時使用，<br>HP和活力就會回復。
#02826,可以讓夥伴<br>居住在和家主不同的房間。
,請再次選擇，<br>選取入住的夥伴。
#02827,如果觀光客乘船來訪，<br>在這邊消費時就會支付銅幣。
,為了能夠活用商店，<br>努力收集資源吧。
#02828,商店會製作商品……<br>之後，在貨架上上架。
,等所有商品賣完後<br>就會補充新的商品。<br>希望能夠吸引到觀光客呢。
,有個傳聞說<br>如果提升工坊等級，<br>就能發現新的商品喔。
#02829,似乎是個能治癒使用的居民<br>所受的傷的家具呢。
#02830,國王可以在這裡<br>偶爾炫耀一下，<br>或是和觀光客說話。
,對國王來說<br>是最好的休憩地點。
#02831,在房間裡也能進行研究了。<br>請期待進一步的活躍表現。
#02832,這是能夠助於回復的設施。<br>能為受傷的夥伴們<br>提供強力的回復。
#02833,飾品在這邊製作。
,提升設施等級<br>或提升負責人的腦力的話，<br>似乎就有可能發明新的商品。
#02834,食物在這邊製作。
,提升設施等級<br>或提升負責人的腦力的話，<br>似乎就有可能發明新的商品。
#02835,這裡也能夠解析寶物，<br>據說解析起來能夠比普通的場所更加快速。
#02836,家具在這邊製作。
,提升設施等級<br>或提升負責人的腦力的話，<br>似乎就有可能發明新的商品。
#02837,武器在這邊製作。
,提升設施等級<br>或提升負責人的腦力的話，<br>似乎就有可能發明新的商品。
#02838,防具在這邊製作。
,提升設施等級<br>或提升負責人的腦力的話，<br>似乎就有可能發明新的商品。
#02839,技能在這邊製作。
,提升設施等級<br>或提升負責人的腦力的話，<br>似乎就有可能發明新的商品。
#02840,道具在這邊製作。
,提升設施等級<br>或提升負責人的腦力的話，<br>似乎就有可能發明新的商品。
#02841,居民使用這種家具<br>似乎可以從中獲取成長。
#02842,如果居民能製作美味的料理就好了。
#02843,在這裡……偶爾能夠<br>製作出用來提升級別的<br>「工具、建材」。
,建議配置在<br>能夠方便人們使用的地方。
#02844,只要有這種床鋪，<br>好友就能暫時<br>停留在城市裡。
,再度點擊，<br>選擇好友吧。
#02845,這是搭船過來的冒險者<br>在城市停留時需要的家具。
,家具的數量有多少，<br>就能供多少冒險者住宿。
#02846,如果結婚的夫妻<br>親密度提高，<br>這張床或許能派上用場。
,停留在房間的時間<br>似乎愈長愈好。
#02847,如果有怪物的蛋，<br>請放在這裡吧。
,孵化成功後<br>就能夠陪同屋主一起前往討伐。
#02848,好像說……當有居民<br>壽命結束時，會以天之力<br>讓他復活還是什麼的……
,總之有備無患呢。
#02849,好像說如果在派遣前使用，<br>就能夠騎著龍<br>在天上飛之類的……
,我真是期待<br>在天空翱翔的那一天！
#02850,如果有怪物的蛋，<br>請放在這裡吧。
,如果孵化成功的話，<br>牠在敵人襲擊的時候，<br>就會自動上前對抗喔。
#02851,派遣中的居民會為了回復<br>順路經過的設施。
,在方便小憩的距離範圍內<br>進行設置的話，似乎會有很好的效果。
#02852,你好！<br>頭上突然被雲覆蓋，讓我手足無措了。<br>幸好有你們的幫助。
,如果需要的話……<br>我能幫你強化任意裝備！
,有興趣的話記得來喔！
#02853,初次見面！<br>這裡聯繫著全國的國王，<br>可以在此對好友進行管理。
,首先請先登錄<br>作為自己代表的……<br>最能夠信任的居民。
,由於這能夠幫助到他人的王國，請盡量選擇強一點的同伴。
,那麼我會一面盡情地大吃香蕉，一面祈禱你可以結交更多好友。
#02854,呵呵呵。<br>感謝你救了被埋住的我。
,突然被雲圍住變得動彈不得，<br>害我嚇了一跳。<br>只好一面吃著年糕片在這裡等人來救。<br>謝謝你救了我。
,這恩情我一輩子都不會忘記。<br>雖然我想給你一點謝禮，<br>不過直接交給你好像也不太好玩，
,你每成功完成一個我出的題目，我就把謝禮交給你。請務必來挑戰喔。
#02855,你好。<br>我在找油田，<br>不過不小心迷路了。<br>謝謝你救了我。
,作為謝禮……<br>如果你能完成我隨興出的題目，<br>我就送你超棒的報酬。
,如果有好友幫忙，<br>或許能夠更簡單過關喔。
,請再點擊一次<br>確認內容吧。
#02856,唉唷，得救了。<br>因為才剛開店就被雲給包圍住，<br>我就不知不覺睡起了午覺。
,這裡販賣的是<br>對城市發展有幫助的物品。
,由於是和您持有的獎盃作為交換，<br>做好準備之後請再度光臨。
#02857,呼……<br>得救了！
,這裡是負責寄放<br>可愛怪物的設施。
,雖然以前有很多怪物在這裡，但是被雲包圍的時候全部逃走了。<br>不知道牠們現在好不好呢……
,因為現在有很多空間，<br>想寄放怪物的時候<br>請和我說一聲。
#02858,哎呀！你好！<br>我是獎盃王！
,我的工作就是<br>周遊各個王國<br>努力拼命地誇獎大家喔。
,那麼……<br>目前看起來，可以窺視到<br>這王國的繁榮景象呢。
,機會難得，我就把這個<br>準備好的獎盃送給你，<br>請收下吧。
#02859,哎呀，這裡是<br>每次戰鬥時會累積點數的……<br>戰鬥點數的告示牌呢！
,聽說是能和全國的玩家們競爭名次的地方！<br>只要登錄點數的話隔天就會看到結果！
,好像可以得到豪華獎品的樣子，<br>如果有累積點數的話，請試著登錄看看吧！
#02860,這是先王的雕像。<br>雕像看起來非常雄偉，<br>先王實際上也是個偉大的人物。
,沒想到竟然會發生那種事……<br>哎呀，說漏嘴了……
,那麼就繼續進行<br>建國的工作吧。
#02861,銅幣會集中在這裡。<br>居民們的技術很好，<br>所以放在哪裡他們都丟得進去。
#02862,銀幣會集中在這裡。<br>居民們的技術很好，<br>所以放在哪裡他們都丟得進去。
#02863,金幣會集中在這裡。<br>居民們的技術很好，<br>所以放在哪裡他們都丟得進去。
#02864,好、好像有種<br>偉大的雕像……<br>一樣的氣氛呢！
#02865,這裡可以暫時保管<br>道具和寶物。
,希望總有一天城裡能有<br>更專用的倉庫呢。
#02866,這裡偶爾能夠生成<br>可以在田地使用的「種子」。
,建議配置在<br>能夠方便人們使用的地方。
#02867,這擺設的氣氛<br>真的很不錯呢。
,看著看著感覺就能<br>不知不覺地取得經驗值了！
#02868,你好。<br>籠罩在我家附近的雲終於放晴了……<br>真是幫了我好大的忙！
,那麼
,如果找不到好友，<br>想要向什麼人發出申請的話，<br>就請來找我吧。
#02869,哼哼哼……<br>來得好……
,哼哼哼……<br>因為我最近也開了一間店……
,如果有興趣的話<br>歡迎過來看看。
#02870,你好。<br>哎呀，雲突然都散了呢。
,這次我賣的是<br>城市發展不可或缺的道具。
,持有銅幣的時候<br>歡迎來看看。
#02871,哎呀。<br>你好。
,我在這裡開了一間<br>可以用銅幣交換金幣和銀幣的<br>超棒商店。
,想要銀幣或金幣的時候<br>歡迎過來看看。
#02872,得救了！<br>雖然我本來是在顧鬥技場門口的，<br>不過因為太可怕了只好一直躲起來。
,這下子終於可以<br>安心戰鬥了呢！
,這裡是能和全國的玩家<br>對戰較勁的鬥技場！
,只要一直獲勝，級別就會提升，<br>還能得到精美的獎品喔！<br>請務必挑戰看看。
#02873,你好！<br>真是幫了我一個大忙！
,這裡是可以登錄<br>培育完成的居民……<br>讓其擔任師父職責的房間。
,師父雖然無法回到城市……<br>但可以將經驗傳承，<br>協助鍛鍊其他夥伴。
,如果有想要傳承的夥伴，<br>就試著將他登錄為師父吧。
#02874,店家能夠製作料理……<br>然後放在貨架上販售。
,等所有商品賣完後<br>就會補充新的商品。<br>希望能夠吸引到觀光客呢。
,有個傳聞說<br>如果提升工坊等級<br>就能發現新的料理喔。
#02875,初次見面！<br>呵呵，雲層居然厚到讓人無法動彈，害我都笑出來了。
,呵呵呵。<br>得救了，謝謝你呢。
,這裡是能組合所持有的怪物，將怪物培育得更強的設施。
,如果覺得有多餘的怪物……請務必過來看看喔。
#02876,你好！<br>這裡將以親民的價格<br>提供我們捕捉的怪物喔。
,販賣清單偶爾會變化<br>所以請定期來看看喔！
#02877,哎呀！<br>被發現了呢。
,這裡可以享受我準備的<br>特別戰鬥喔！<br>不過每週只有特定的日子才會舉辦。
,有舉辦的時候，<br>就盡情挑戰吧！
#02878,這裡能夠保管<br>怪物的蛋。
#02879,啊！<br>太好了！
,怪物和雲突然<br>一口氣全部都冒出來，<br>害我都不知道該怎麼辦，真是得救了。
,這可能說不上是謝禮……<br>作為禮物，我們會在力所能及的範圍內準備商品。
,因為要花一點時間準備，<br>如果你能3天後再來一次……<br>準備應該就能完成了。
,那麼期待你的光臨。
#02880,你好。<br>我是主掌在城市之間<br>搬遷的神。
,如果你有兩個以上的城市，<br>想將居民移動到別的城市的話，<br>就來我這邊……
,跟我說一聲吧！<br>期待你的到來。
#02881,哎呀……<br>這是……
,我聽先王說過……<br>在這個島上的某處，<br>有一個深不見底的洞窟。
,小心謹慎地<br>去看看吧！
#02882,喔，歡迎啊
#02883,你好。<br>關於好友的事宜<br>請在這裡諮詢。
#02884,呵呵。<br>要挑戰今天的任務嗎？
#02885,你好。<br>請看清單。
#02886,歡迎光臨。<br>這些都是對王國發展<br>有幫助的東西喔。
#02887,你好。<br>如果怪物變多了的話，就寄放在這裡吧。
#02888,來得好。<br>來看看可以達成的內容吧。
#02889,如果刷新了最高得分，<br>就來登錄吧。
#02890,如果看見了中意的好友，<br>就試著申請看看吧！
#02891,哼哼。<br>歡迎光臨。<br>我能為你介紹同伴吧。
#02892,歡迎光臨。<br>有什麼需要嗎？
#02893,來得好。<br>今天要來點什麼呢？
#02894,歡迎回來。
#02895,這是今天的<br>對戰對手。<br>請問你意下如何如何？
#02896,你好！<br>我一直有在替你加油喔！
#02897,可以挑戰<br>怪物合成喔。
#02898,正在販賣<br>怪物。
#02899,歡迎光臨！ <br>是想要挑戰特別迷宮吧！
#02900,對不起……<br>我通知錯了上次的<br>協作討伐結束時刻，
,不小心提早結束了。<br>為了表達歉意，我帶來了上次的物品<br>請你收下。
#02901,唉唷，你好啊。
,因為開放了<br>新的地點……<br>我的商店的突破上限方法<br>也跟著改變了。
,於是趕緊來通知，<br>帶來了問候禮。
#02902,那麼，<br>來強化武器嗎！
#02903,這裡……<br>似乎可以交換夢幻武器。
,如果手上有多餘的裝備<br>請務必試試看。
#02904,這裡……<br>似乎可以用各種多餘的物品<br>交換成銅幣！
,如果有多餘的道具或技能<br>就拿來交換銅幣吧！
#02905,這好像是……<br>每晚怪物都會聚集過來的<br>謎之岩石呢。
,如果派遣來這裡<br>或許對同伴的升級會有幫助！
,首先為了補給<br>選擇所屬的城市吧。
#02906,喔喔！<br>我散步的時候<br>想到了新的住所的靈感了。
,這種房屋能讓高級別的鎮民、木匠、送貨員、<br>酪農家和農民派上用場……
,派遣時……<br>還可以基於傳聞進行調查。
,總而言之<br>馬上就來給<br>非戰鬥系職業的人一個家吧！
#02907,調查隊室很快就完成了呢！
,把屋主送出派遣的話，<br>就會在該地點進行調查！
,馬上試著派遣看看吧！
#02908,馬上把調查隊室的居民<br>送出派遣吧！
#02909,哎呀……得到了<br>令人很感興趣的設施了呢。
,根據說明書，好像是<br>只要放在領地外面，就會定期有怪物出現，<br>就像是甲蟲跟樹汁一樣的關係。
,請注意，一經配置，<br>拆除時需要耗費鑽石。
,那麼就來配置在……<br>能夠戰勝的等級區域吧。
#02910,喔喔！<br>得到能把領地內的<br>水邊填平的設計圖了！
,雖然數量有限，<br>不過就積極利用，<br>盡量填平想弄成地面的地方吧！
#02911,喔喔……<br>得到相當大容量的<br>新倉庫了！
,似乎對打造緊密的<br>城市構造會很有幫助！
,馬上來設置看看吧！
#02912,級別提升了呢！<br>這下子就算說是<br>相當的強國也不為過。
,幾乎恢復到了<br>和過往的王國一樣富強了！
,但是，如果想要提升到<br>更高的級別……<br>就會需要某種「秘寶」。
,前往保管秘寶的地方，<br>目標提升上限！
#02913,能夠把結賬工作交給店員，<br>自己集中在其他<br>作業上了！
,這下子就能夠放心<br>在工坊製作商品了呢。
#02914,發現了新的<br>住所的種類了！
,為高級別的農民建設房屋<br>就會逐漸增加喔！
#02915,喔喔。<br>得到附帶店員收銀台了。
,這樣似乎就能把<br>結帳工作交給負責人，<br>自己專心在其他工作上了！
,用它來覆蓋<br>既有的收銀台吧！
#02916,聖誕老人<br>來到這個王國了！
,增加了新種類的住所，<br>馬上就來建造看看吧！
#02917,聖誕屋也完成了，<br>如果有麋鹿的話<br>或許也不錯呢。
,馬上就來研究看看吧！
#02918,從聖誕老人的國家……<br>送來了精美的武器，<br>作為禮物給我國了！
,馬上就來裝備看看吧！
#02919,好像有種……<br>有什麼要從天上掉下來的預感……
,根據某種說法，<br>據說會有帶著銀幣的<br>客人前來拜訪，
,所以……<br>需要能讓他們花費銀幣的<br>娛樂設施。
,來尋找<br>新的房間吧！
#02920,如果有像是在城裡等地方<br>找到特別的收集品的話，<br>可以全都拿來這裡喔。
,帶進來的東西，<br>在領地裡準備一個<br>「可以展示的房間」應該也不錯喔！
,為了在城裡建設博物館和動物園<br>去尋找看看吧。
,不過在那之前……<br>可能會先找到<br>收集品呢。
#02921,似乎可以釣魚呢。<br>
,據說根據配置的地點不同，<br>出現的魚的種類<br>也會有所不同。
,住在水族館的居民<br>似乎會前往捕捉。
#02922,你好……<br>看樣子還沒見過的職業<br>因為各種錯誤<br>被送到了你這裡。
,請讓我用鑽石<br>回收你的職業權利……<br>這次真是非常抱歉。
,還留在城市裡的人物<br>已經清醒過來，變成了鎮民或衛兵……<br>不好意思，麻煩你讓其退場吧。
,敬請期待<br>該職業正確地送到你手中的一天。
#02923,哎呀……<br>居民的親密度開始提高了呢。
,如果交情變好……<br>城裡就會需要教會喔！
,當親密度有進展時<br>就去教會看看吧！
#02924,真是一場美好的婚禮！
,因為今後可能會有<br>小寶寶誕生，<br>請設置這個吧！
#02925,趕快為迎接新生兒做準備，<br>設置嬰兒床吧！
#02926,這麼說來……<br>先王養育國王的時候……<br>使用過某種設施。
,也把這個進行設置吧！
#02927,為了讓孩子們能健康地成長，<br>來建設托兒所吧！
#02928,城裡竟然<br>迎來了第2代降生的時代呢。
,其他國家<br>也發來了祝賀喔！
#02929,呵呵。<br>聽說有新的生命誕生，<br>我特別來到這裡表達恭喜之意。
,另外，希望以後<br>可以用我國發明的飛船<br>來進行特別的觀光。
,請務必建設<br>作為起降地點的飛船港吧。
#02930,收到了這個！
#02931,似乎好像會有<br>特別的客人前來造訪喔！
,馬上來建設<br>飛船港吧！
#02932,為了讓特別的客人滿足<br>可能需要新的物品喔！
,首先先來設置<br>收集新的物品的場所吧！
#02933,在城市附近建設收集家之屋，<br>把物品運進去吧。
#02934,追加新的職業了！
,遊擊兵可以藉由特殊的技能<br>自由在城市外探索<br>以及進行戰鬥。
#02935,追加新的職業了！
,似乎是對魔法和打擊<br>兩方都有自信的職業。
#02936,追加新的職業了！
,狂戰士似乎是<br>擅長戰鬥的職業。
#02937,追加新的職業了！
,擁有藝術工坊，<br>擅長藝術工作的職業。
#02938,追加新的職業了！
,似乎可以開張<br>面向飛船旅客的商店。<br>開一間令人驚豔的商店吧！
#02939,追加新的職業了！
,和動物適性很好的職業。<br>或許能夠發現<br>新的動物也說不定。
#02940,哎呀……<br>王之子終於初次登台了呢。
,就算說其一定會對<br>城市帶來進一步的發展<br>也絕不為過呢！
#02941,藝術工坊完工了。<br>做出藝術品……<br>送往收集家之屋吧。
,再加上……如果有博物館的話<br>應該也能讓特別的客人滿足！
#02942,昆蟲館完工了。<br>如果有昆蟲景點的話……<br>或許能捕捉到展示品也說不定！
,根據配置的地形不同<br>似乎會有些不一樣的地方……
,首先就來任意配置在<br>喜歡的地方吧。
#02943,水族館完工了。<br>如果有釣魚池的話……<br>或許能捕捉到展示品也說不定！
,根據配置的地形不同<br>似乎會有些不一樣的地方……
,首先就來任意配置在<br>喜歡的地方吧。
#02944,動物園完工了。
,或許可以從飼料中<br>找到能吸引牛和豬以外的動物的飼料。
,試著注意動物飼料的內容吧！
#02945,博物館完工了。<br>能夠展示藝術品。
,如果有藝術工坊……<br>或許就能發現新的藝術品。
,收集藝術品<br>讓博物館更加充實吧。
#02946,似乎可以採集昆蟲呢。
,據說根據配置的地點不同，<br>出現的昆蟲種類<br>也會有所不同。
,住在昆蟲館的居民<br>似乎會前往捕捉。
#02947,孩子們出生後，<br>在長大成人之前<br>都會在這裡生活和學習。
,夫婦之間的親密度要提高到相當的程度……才會有小孩子誕生。
,等孩子長大之後，<br>就能將其配屬在城市裡。
#02948,哎呀，<br>似乎發現了一個<br>非常適合約會的地點呢。
,據說在這個像華麗的城堡<br>一樣的空間裡，光是一起逛逛<br>感情就會變好。
,如果有想要令他們變得親密的人，<br>就試著選擇看看吧。
#02949,=#02484
#02950,衣服
#02951,頭部
#02952,飾品
#02953,武器
#02954,經驗量
#02955,回復量
#02956,耐久上限
#02957,仇恨度
#02958,=#02401
#02959,目標成本
#02960,耐久度
#02961,雜務系
#02962,戰鬥系
#02963,商店系
#02964,<0>個組合
#02965,怪物
#02966,資源
#02967,=#02418
#02968,裝備
#02969,設施
#02970,技能
#02971,職業
#02972,發現特別的寶箱了。
#02973,得到<2>次<0>「<1>」的權利
#02974,得到<2>個<0>「<1>」
#02975,發現新的區域了。
#02976,未開拓地
#02977,撤退
#02978,平均Lv
#02979,成員
#02980,放棄／t復活（還有<0>次）
#02981,立刻開始
#02982,取消
#02983,發現頭目了。
#02984,正在討伐其他頭目。
#02985,這個位置可以嗎
#02986,施工
#02987,無法通行
#02988,要鋪設到哪裡為止
#02989,要從哪裡開始鋪設
#02990,<co=ff0000>附近沒有看板
#02991,<co=ff0000>附近沒有防壁大門
#02992,已達施工數上限
#02993,正在鑽石商店中販賣
#02994,初次擊破！
#02995,報酬
#02996,升級中無法拆除
#02997,研究中無法拆除
#02998,請先解除負責人
#02999,有複數個城市
#03000,城市的居民0人（搬遷等）
#03001,城市的擴張設施已拆除
#03002,城市設施沒有在升級
#03003,城市之間沒有物資正在移動
#03004,城市裡沒有需要施工的設施
#03005,沒有受到怪物襲擊
#03006,市政廳拆除條件
#03007,請事先對銅幣箱和<br>夥伴怪物也做好避難措施。
#03008,要拆除到哪裡為止呢？
#03009,要拆除什麼？
#03010,<po=m>要拆除<0>嗎？<br>※拆除後將失去
#03011,拆除\t<po=lm><si=9><bo=fefefe>收起</bo></si>&<po=rm><pic=money><0>
#03012,拆除<0><br>與所有設施
#03013,重建時，城市級別<br>並不會維持
#03014,已在調查中
#03015,派遣目的地
#03016,派遣<0><br>請選擇場所
#03017,請選擇地圖中<br>明亮的位置
#03018,要變更<0>的<br>派遣內容嗎？
#03019,返回\t變更場所
#03020,<0>即將返回。
#03021,參加 <0>人
#03022,上限
#03023,低
#03024,高
#03025,洞窟出現了
#03026,正在研究
#03027,達成 / 下次再說
#03028,登錄今天的部分
#03029,達成<0>件
#03030,<po=m>可以招待好友<br>尋找好友吧
#03031,要招待好友嗎
#03032,沒有可以招待的對象
#03033,超出城市範圍
#03034,<0>不足
#03035,呼叫觀光船吧
#03036,擅長的地形！
#03037,要拆除<0>嗎？
#03038,要中斷今天的任務嗎？
#03039,是\t否
#03040,=#01954
#03041,=#02404
#03042,=#02405
#03043,特大
#03044,給予土地
#03045,拆除
#03046,建設大門
#03047,要拆除土地嗎？
#03048,<0>去怪物牧場了
#03049,<0>回歸自然了
#03050,進行對戰
#03051,<pic=stamina>已滿
#03052,將<0>回復到最大
#03053,<0> 調查完成
#03054,<0><br>將立刻完成
#03055,調查
#03056,<0> 級別點數蓄滿！
#03057,第<0>座城市
#03058,該怎麼做呢
#03059,級別提升
#03060,冒險者
#03061,停留
#03062,觀光客數量已經到達最大。
#03063,附近需要設置看板
#03064,<po=m>開羅樂園<br>得到鑽石
#03065,<po=m>Tapjoy<br>獲得鑽石
#03066,<po=m>藉由攝影<br>獲得鑽石
#03067,<po=m>藉由影片<br>獲得鑽石
#03068,<po=m>國王的<br>諮詢室
#03069,國王太郎
#03070,國王花子
#03071,環境
#03072, 資源
#03073, 設備
#03074, 室內
#03075, 中
#03076, 高
#03077, 無
#03078,簡單
#03079,普通
#03080,困難
#03081,最強
#03082,一般
#03083,良好
#03084,豪華
#03085,充值
#03086,=#00891
#03087,點數
#03088,特別道具（全體用）
#03089,特別道具（單體用）
#03090,較高
#03091,較低
#03092,經驗值2倍機會！
#03093,寶箱掉落激增機會！
#03094,經過我努力調查發現……
#03095,經過我興高采烈地調查發現
#03096,經過我狀態良好地調查發現
#03097,經過我積極調查發現……
#03098,早上占卜的結果是凶……但沒想到
#03099,經過我精力充沛地調查發現……
#03100,經過我偶爾一面倒立一面調查發現
#03101,就在我正要放棄準備回家的時候……沒想到
#03102,接連不斷發生奇蹟……
#03103,沒想到才剛出門就
#03104,竟然會有這種事……
#03105,第一次遇到這種奇跡……
#03106,成功了！
#03107,經過我一鼓作氣出門調查發現……
#03108,全力以赴調查發現
#03109,我本來拿出了幹勁，但鞋帶卻鬆了……
#03110,經過我途中手指吃蘿蔔乾調查發現……
#03111,經過我興奮不已的調查發現……
#03112,在我說了大話一定會成功！出門後……
#03113,我途中從懸崖掉下去後……
#03114,當我回過神來發現還躺在床上……
#03115,睡眠不足就前往挑戰的結果……
#03116,就在我正要放棄回家的時候……
#03117,因為鞋子左右穿錯了
#03118,仔細一看發現跑錯了地方
#03119,沒吃早餐就出門的結果
#03120,沒想到！
#03121,我相當努力之後……
#03122,雖然本人還不想承認……
#03123,麻煩的是……
#03124,因為點心時間到了……
#03125,放置動物的飼料來尋找吧
#03126,放置釣魚池來尋找吧
#03127,放置藝術工坊來尋找吧
#03128,放置昆蟲景點來尋找吧
#03129,=#00142
#03130,回來了
#03131,玩得很開心！
#03132,很順利！
#03133,大獲成功呢
#03134,<po=m>立即提升級別<br>剩餘 <0>
#03135,<po=m>升級時會從所屬的城市<br>扣除費用。<br>等級上限以所屬市政廳為準。
#03136,拆除設施
#03137,替換設施
#03138,把影片看完<br>就可以得到鑽石喔！
#03139,<po=m>我在王都創世物語打造王國喔。一起冒險吧。<br>#Kairosoft<br>
#03140,拍下王國的照片<br>分享到社群網站上吧
#03141,<po=m>要放棄戰鬥撤退嗎<br>※無法獲得寶箱
#03142,<po=m>每天登錄戰鬥點數<br>挑戰排行榜上位吧！<br>只要打倒怪物就能累積點數喔！<br>※結果於將第二天發表。
#03143,造成傷害點數會提升，<br>受到傷害點數會降低，<br>巧妙地應戰目標得到高分吧。<br>第二天請記得領取報酬。
#03144,<po=m>要讓全員復活<br>從中途再度挑戰嗎<br><pic=money><0>
#03145,<po=m>能夠和好友分享討伐數。<br>打倒所有怪獸得到獎品吧。
#03146,<po=m>請選擇要把取得的道具交給哪個城市。<br>道具會收藏在道具倉庫裡。<br>請注意超出上限的部分將無法取得。
#03147,<po=m>要取消負責人嗎<br>※累積的點數將會消失
#03148,負責中的研究將會重設。<br>確定要進行操作嗎？
#03149,<0>  擊破洞窟！
#03150,<0>  於洞窟敗北……
#03151,<po=m>和其他玩家成為好友，<br>便能請對方支援討伐喔。<br>去「好友郵局」看看吧！
#03152,確定要<br>拒絕對戰嗎？
#03153,繼承<0>%經驗值。<br>若是相同職業則有<1>%加成
#03154,<po=m>能力和經驗將會交給其他居民。<br>一旦設定後便無法回到城市。
#03155,<po=m>設定為師父。<br>※將無法回到城市。
#03156,<0><br>消失在荒野之中了
#03157,<po=m>超值鑽石
#03158,<po=m>資源和道具可以藉由<br>重複派遣和討伐得到
#03159,冒險者 <0> 結束停留，出發歸國
#03160,冒險者 <0> 力竭了……
#03161,<po=m>要使用<pic=money><0><br>回復計量表嗎？
#03162,歪羅迷宮出現了
#03163,歪羅迷宮消失了
#03164,參加怪物獲得經驗值 <0> ！
#03165,要取消派遣嗎？
#03166,<po=m>現在王都創世物語！<br>正有歪羅迷宮出現！<br>趁現在！<br>#Kairosoft<br>
#03167,<po=m>分享螢幕截圖<br>能夠回復<pic=stamina>1次。<br>分享給朋友們吧
#03168,要讓 <0><br>進入怪物牧場嗎？
#03169,一旦設定之後，將從城市里消失，<br>直到將其呼叫到其他城市
#03170,呼叫時請選擇<br>有空位的市政廳
#03171,<po=m>要封鎖這個區域的頭目嗎？<br>區域會再度被雲覆蓋。
#03172,收集各種裝備進行交換吧
#03173,一星期中每天職業都會不同。
#03174,襲擊結束了。
#03175,技能裝備欄位會隨著級別增加
#03176,<po=m>需要更新App<br>請不要卸載遊戲
#03177,<po=m>要追加 <0> 個欄位嗎<br><pic=money><1>
#03178,<po=m>已追加 <0> 個欄位<br>現在 上限 <1>
#03179,長大後的第二世代居民<br>無法再回到托兒所。
#03180,額外提升<0>%！
#03181,<0>天
#03182,<0>小時
#03183,<0>分
#03184,<0>秒
#03185,<0>連接至Kairo公園
#03186,結束遊戲<br>
#03187,讀取失敗<br>要回到前一個存檔嗎？
#03188,請重新啟動App
#03189,好友ID：「<0>」
#03190,讀取中({0:f2}%)
#03191,請稍後片刻
#03192,在除錯模式下不會確認時間標記。
#03193,App情報有誤。<br>請從商店重新安裝。
#03194,照相
#03195,改變道具倉庫顯示
#03196,萬
#03197,萬日元
#03198,顯示自己的名次
#03199,顯示排行
#03200,1星期
#03201,=#02538
#03202,現在的遊玩點數
#03203,要閱覽
#03204,什麼時候的排行？
#03205,[以前的分數]
#03206,發生錯誤
#03207,<0>的排行
#03208,第<0>名
#03209,（未登錄）
#03210,第---名/第---名
#03211,從上次提升了<0> ！
#03212,從上次降低了<0> ！
#03213,第<0>名/第<1>名
#03214,平均等級
#03215,攻擊
#03216,防禦
#03217,級別
#03218,喜愛
#03219,職種
#03220,發送諮詢數據
#03221,輸入客服碼
#03222,錯誤內容
#03223,※除錯※
#03225,全部一起送出
#03226,<po=m>將發送諮詢數據<br>個人資料並不會被送出
#03227,<po=m>感謝您發送數據。<br>在完成調查前可能會花費一些時間。<br><br>※請在商店確認最新版本。<br>※請勿刪除App。
#03228,<po=m>發送完成。<br>感謝您的協助。<br>也請您進行<br>對支援的聯絡。
#03229,錯誤
#03230,數據不相容
#03231,要覆蓋系統數據嗎
#03232,要覆蓋好友ID以外的數據嗎
#03233,失敗
#03234,找不到文件。
#03235,已經完成接收。<0>
#03236,<br>即將關閉App
#03237,沒有對應的數據。
#03238,正在接收數據
#03239,清單
#03240,貿易
#03241,商店
#03242,攻擊型
#03243,守備型
#03244,平均型
#03245,特殊
#03246,解析度
#03247,人
#03248,夜間演出
#03249,畫質
#03250,自動存檔
#03251,螢幕
#03252,縮放
#03253,對話框ON
#03254,對話框OFF
#03255,較多
#03256,較少
#03257,全部
#03258,普通
#03259,父親的職業
#03260,組合職業
#03261,母親的職業
#03262,購買履歷
#03263,增減狀況
#03264,沒有購買履歷
#03265,沒有增減狀況
#03266,遊戲中
#03267,關於連線方面
#03268,商店
#03269,啟動獎勵
#03270,已超過有效期限
#03271,動物
#03272,魚
#03273,美術品
#03274,蟲
#03275,派遣
#03276,討伐
#03277,初次出發
#03278,頭
#03279,防具
#03280,頭
#03281,飾品
#03282,回復
#03283,夥伴的數量
#03284,範圍（格數）
#03285,敗北回數
#03286,市政廳收納資源
#03287,能量收穫
#03288,能量收穫時間
#03289,全体用道具
#03290,歡迎來到怪物牧場
#03291,請選擇要帶走的怪物
#03292,請選擇要合成的怪物
#03293,請選擇要強化的怪物
#03294,=#01613
#03295,替換居民
#03296,要派遣的居民
#03297,選擇負責人
#03298,討伐成員
#03299,協作好友
#03300,選擇同居人
#03301,選擇出場者
#03302,搬遷候補
#03303,由大到小
#03304,由小到大
#03305,告別
#03306,=#00870
#03307,裝備店
#03308,=#00871
#03309,=#00872
#03310,尋找新的
#03311,已取得
#03312,蘊藏量
#03313,回復時間
#03314,採掘量
#03315,採掘時間
#03316,否\t是
#03317,<po=m>這是<0>。<br>無法拆除
#03318,正在調查
#03319,正在約會
#03320,回收\t<pic=money><0>
#03321,以通常方式尋找
#03322,從搬家公司尋找
#03323,從托兒所尋找
#03324,設置蛋
#03325,召喚怪物
#03326,※需要<0>
#03327,送進牧場
#03328,<po=m>送進牧場<br><0>/<1>
#03329,培養
#03330,合成<br>
#03331,告別
#03332,HP全部回復
#03333,=#02461
#03334,購買每日怪物
#03335,給予<0>
#03336,<0> → <1>
#03337,<po=m><0><br>還能讓<1>隻休息
#03338,適性◎
#03339,拖曳到裝備品上吧
#03340,此裝備品已經<br>強化到極限了。
#03341,用<0>個解除
#03342,持有數
#03343,<pic=money> <0> 解鎖
#03344,請選擇解鎖的方式
#03345,<po=m>將和<0><br>告別
#03346,<po=m><0>的<br>HP回復了！
#03347,<po=m>要使用道具<br>提升<0>嗎
#03348,販售級別
#03349,販售等級
#03350,<0>棟
#03351,討伐數：<0>隻
#03352,如果好友增加<br>或許討伐就會更輕鬆
#03353,達成本週的討伐了！
#03354,食物
#03355,食物以外
#03356,<0>和<br><1><br>的孩子長大……
#03357,成為大人的時候到了！
#03358,成為<0>級<br>職業  <1>  了！
#03359,<po=m><0>和<br><1><br>的第<2>個孩子出生了！
#03360,以<0>確認詳細資訊
#03361,哎呀……？國王的樣子好像……
#03362,成為<0>級了！
#03363,決定研究負責人
#03364,要讓誰來研究呢
#03365,<po=m>沒有能夠研究的人<br>招募職業「<0>」來到城市吧
#03366,研究中會無法進行其他工作。
#03367,發現新的研究！
#03368,找不到試用好友。
#03369,發現有興趣的玩家<br>就試著積極送出申請吧
#03370,申請
#03371,忙碌……
#03372,出門
#03373,要購買幾個呢？
#03374,<pic=money>不足
#03375,增加鑽石
#03376,如果要增加新的居民<br>就藉由貿易<co=20f0f0>得到職業</co>吧。
#03377,得到 <0>枚 硬幣了！
#03378,培養怪物
#03379,可以投入倉庫中的蛋
#03380,沒有蛋
#03381,以未滿同等級的同色蛋提升等級上限1
#03382,給予
#03383,簡介
#03384,級別
#03385,被攻打時會協助防衛
#03386,會跟著屋主前往討伐
#03387,培養
#03388,技能一覽
#03389,空
#03390,追加
#03391,解放了一個區域！
#03392,對戰履歷
#03393,所有戰績
#03394,<0>戰<1>勝<2>敗
#03395,被挑戰的戰績
#03396,挑戰他人的戰績
#03397,沒有對戰履歷。
#03398,履歷最多保存<0>件
#03399,◎勝利
#03400,×敗北
#03401,還剩<0>小時<1>分
#03402,重新挑戰
#03403,戰鬥級別
#03404,戰鬥Pt
#03405,<0>勝<1>敗
#03406,被挑戰的戰績　<0>戰<1>勝<2>敗
#03407,<po=m>重新挑戰成功！<br>×<0>
#03408,級別降低
#03409,下次再說
#03410,申請好友
#03411,贏得勝利了
#03412,戰敗了……
#03413,得到<0>了！
#03414,對戰對手
#03415,<po=m>出場<br>成員<br><0>/<1>
#03416,變更對手
#03417,拒絕
#03418,戰鬥pt +<0>
#03419,歷史分數
#03420,最高
#03421,未登錄
#03422,沒有已發送的最高得分
#03423,登錄
#03424,等待結果發表
#03425,超過期限
#03426,重新取得
#03427,<0>級報酬
#03428,昨天的點數
#03429,<0>人中
#03430,今天的分數
#03431,今天的點數
#03432,0時前後的10分鐘之間無法登錄
#03433,今天尚未獲得點數
#03434,發送
#03435,已登錄 ： <0>
#03436,重新登錄
#03437,選擇所屬城市
#03438,沒有所屬
#03439,要分配給哪個城市呢
#03440,尚未被發現……
#03441,要建造哪個呢
#03442,<po=m><0>完成！！<br>收納上限增加<1>！
#03443,建築一覽
#03444,設置數
#03445,住所
#03446,沒有建築
#03447,<po=m>以銅幣1枚交換。<br>請選擇城市。
#03448,更新
#03449,剩下
#03450,好友討伐狀況
#03451,<0>的討伐數
#03452,本次報酬
#03453,查看內容
#03454,達成
#03455,剩下<0>隻
#03456,<po=m>打倒<1>隻<br><0>！
#03457,你
#03458,好友
#03459,討伐獎勵
#03460,貨車設定
#03461,從其他城市得到資源
#03462,要努力了
#03463,負責人
#03464,目的地
#03465,運送的資源
#03466,休止
#03467,選擇職業
#03468,請選擇職業
#03469,雙親愈強，孩子可能也會愈強
#03470,×<0>
#03471,會從付費<0>開始使用
#03472,購買的<0>的有效期限為<1>天
#03473,有效期限已過
#03474,已使用
#03475,還剩 <0>個
#03476,有效期限 <0>天
#03477,付費
#03478,免費
#03479,<0>⇒<1>
#03480,新手支援
#03481,超值活動
#03482,超值特賣
#03483,每月僅限1次！
#03484,每登入5天的超值特賣
#03485,購買的鑽石有效期限為180天
#03486,販賣結束：<0>
#03487,限時超值鑽石增量特賣
#03488,已購買
#03489,購買
#03490,鑽石商店
#03491,持有
#03492,<0>枚
#03493,購買的鑽石有效期限為180天
#03494,￥9,999
#03495,金幣商店
#03496,請先選擇收納金幣的城市<br>再選擇交換。
#03497,進行交換
#03498,收集清單
#03499,最高紀錄 B<0>F
#03500,出發討伐
#03501,選擇成員出發吧
#03502,選擇出擊成員
#03503,選擇好友
#03504,挑戰
#03505,居民 <0>人
#03506,取消
#03507,暫時<br>封鎖
#03508,適性 <0>
#03509,回家
#03510,親密度提升 <0>%！
#03511,約會景點
#03512,還剩<0>組
#03513,需要 <0>小時
#03514,或許會變得親密
#03515,出發後將會暫時不在城中
#03516,=#01539
#03517,成長後就能配屬在城市裡
#03518,離成長還有
#03519,長大成人
#03520,平均等級
#03521,我也要去！
#03522,<0><br><1>先出發了！
#03523,「無法更新的情況」
#03524,培養蛋
#03525,孵化 <0>
#03526, -<0>分
#03527,還能投入
#03528,投入道具
#03529,蛋一覽
#03530,城市名 <0>
#03531,沒有可以選擇的蛋
#03532,請選擇要培養的蛋
#03533,嗚……
#03534,<0>的<1>
#03535,壽命耗盡了……
#03536,=#01578
#03537,現在沒有可交換的物品。
#03538,鎖定
#03539,屬性
#03540,各<0>個
#03541,裝備 <0>/<1>
#03542,不擅長
#03543,變更技能
#03544,<po=m>只有<br>戰鬥系
#03545,全員
#03546,好友似乎會<br>暫時停留！
#03547,<po=m><0><br><1>
#03548,搬家到<br><0>了
#03549,和 <0> 交換
#03550,獲得經驗值了
#03551,周圍效果
#03552,蓄滿
#03553,<0>家
#03554,展示品
#03555,價值
#03556,閱覽數
#03557,販賣的商品
#03558,王
#03559,容量
#03560,升級
#03561,級別提升完成！
#03562,升級完成！
#03563,需要銅幣箱
#03564,解鎖
#03565,需要
#03566,正設定為<br>喜愛
#03567,<po=m>已取消<br>喜愛
#03568,發現！
#03569,可以從下次開始招募。
#03570,新的職業
#03571,<0>回到自己的王國了
#03572,好友　<0>/<1>
#03573,請好友協助討伐吧！
#03574,更新好友清單
#03575,收到來自好友的禮物
#03576,新規
#03577,<0>件
#03578,達成<0>件！！
#03579,接著達成 <0>件可得到獎勵
#03580,贈送好友謝禮
#03581,好友 <0>
#03582,對<0><br>傳達了謝意
#03583,傳達謝意
#03584,這次什麼都不做
#03585,結果
#03586,<0>級
#03587,都是託了好友的福呢
#03588,被介紹了<0>
#03589,<0>次
#03590,介紹
#03591,確認持有數
#03592,來抽取<0>次
#03593,<0>出現一覽
#03594,從下列清單裡抽選出現
#03595,<0> 級
#03596,幾率<0>%
#03597,S級出現中
#03598,貿易中心
#03599,取得稀有物品吧
#03600,清單
#03601,=#01577
#03602,<po=m>今天沒有舉辦喔。<br>請改天再來吧。
#03603,<0>限定
#03604,歪羅迷宮
#03605,出現游擊
#03606,難度  <0>
#03607,報酬  <0>
#03608,已過關
#03609,<po=m>通過分享<bo=1e1e1e></bo><br><bo=1e1e1e>回復</bo><pic=stamina>
#03610,級別 <0> 最高得分
#03611,合計點數
#03612,挑戰更高的境界吧！
#03613,分數
#03614,<po=m>登錄<br>排行
#03615,進行<br>分享
#03616,住所方針
#03617,要選擇哪種風格的房屋呢
#03618,級別：<0>
#03619,正在繼承
#03620,正在傳承能力<0>
#03621,<po=m>繼承了能力，<br>數值上升了！
#03622,師父<0><br>完成了所有使命，<br>靜靜地離開了。
#03623,=#01556
#03624,可以繼承師父的能力
#03625,還剩<0>次
#03626,指定師父
#03627,選擇城市
#03628,取得道具
#03629,要給哪個城市呢
#03630,道具倉庫
#03631,歡迎來到鍛造屋<br>在這裡能夠將裝備組合進行強化
#03632,要強化哪件裝備呢
#03633,<po=m>投入種類 ：<0>/<1><br>投入數   ： <2>/<3>
#03634,裝備中
#03635,女性用
#03636,無法使用
#03637,職業權利數
#03638,可以在能呼喚城市居民時使用
#03639,持有x
#03640,無法選擇
#03641,無
#03642,<0>級
#03643,<0>級別
#03644,目前沒有正在販賣的商品。
#03645,再度進貨 +<0>
#03646,遊玩時間
#03647,和平度
#03648,國王級別提升！
#03649,設定看守
#03650,設定看守以專心防衛
#03651,儲存的資源減少了一半……
#03653,體驗版
#03654,結婚
#03655,=#00880
#03656,哪位要結婚呢
#03657,住在同一個房間裡親密度就會提升
#03658,若是親密度較高費用就會降低
#03659,<po=m>將<1>個<0><br>收進了道具倉庫
#03660,=#01554
#03661,請先選擇有<0>的城市<br>再選擇<1>。
#03662,購買的素材
#03663,剩下<0>
#03664,持有 <0>
#03665,戰鬥級別 ： <0>
#03666,設定礦工
#03667,在礦山採掘資源吧
#03668,今天的任務
#03669,現在沒有任務
#03670,達成後能夠得到 <0> <co=2020f0><1></co>！
#03671,還剩 <0>件
#03672,離截止 還剩<0>
#03673,今日任務已達成
#03674,<po=m>誕生！<br><0>
#03675,預測內容物
#03676,似乎會誕生清單中的<br>其中一種怪物
#03677,怪物牧場 <0>/<1>
#03678,沒有寄放的怪物
#03679,怪物合成
#03680,請選擇想要合成的怪物
#03681,培養的怪物
#03682,素材怪物
#03683,從怪物身上得到經驗值
#03684,合成
#03685,怪物圖鑑
#03686,<0>隻
#03687,=#01558
#03688,怪物
#03689,開新遊戲
#03690,創建角色
#03691,國王的名字：
#03692,也請選擇性別喔
#03693,建國開始
#03694,新的夥伴
#03695,變更名字
#03696,採用！
#03697,要讓誰成為夥伴呢
#03698,第<0>人
#03699,尋找職業
#03700,權利
#03701,尚未被發現
#03702,招募為夥伴
#03703,新的市政廳
#03704,替城市取名字吧
#03705,名字：
#03706,替城市取名字
#03707,覺醒！！
#03708,第<0>次
#03709,等級上限提升 <0>！
#03710,恭喜！
#03711,得到<0>
#03712,追加<0>人
#03713,=#01576
#03714,請選擇要搬到其他城市的居民
#03715,<po=m>搬家公司 +<0>個擴張<br><pic=money><1>
#03716,設定研究員
#03717,讓持有研究技能的人擔任吧。
#03718,來自研究室的告知
#03719,啊，完成了！
#03720,負責人： <0>/<1>
#03721,未發現
#03722,發現條件
#03723,研究 復活還需
#03724,選擇負責人
#03725,覺醒 <0>次
#03726,拖拽給夥伴吧
#03727,還有<0>人
#03728,沒有符合的居民……
#03729,全員繼續
#03730,要派遣誰呢
#03731,現在有<0>人<br>被派遣到了這裡
#03732,請選擇討伐成員<br>最大<0>人
#03733,<po=m>誰要繼承呢<br>※1人只能<0>次
#03734,無法選擇不同城市的成員。
#03735,請選擇出場成員<br>最大<0>人
#03736,請選擇<br>預定搬遷的人員
#03737,請選擇想要<br>變更裝備的居民
#03738,攻
#03739,不能出擊
#03740,繼承次數
#03741,已有住宅
#03742,壽命
#03744,覺醒
#03745,空欄
#03746,排序條件
#03747,排序設定
#03748,條件<0>
#03749,<po=m>可以設定排序順序。<br>以上方的條件為優先。
#03750,親密前3名
#03751,準備中
#03752,只有屋主的親密度會提升
#03753,第<0>個孩子
#03754,前往其他的島了
#03755,使用<0>
#03756,選擇登錄角色
#03757,=#00653
#03758,告別
#03759,繼承
#03760,設為師父
#03761,夥伴選單
#03762,結婚對象
#03763,不見了
#03764,第2代無法結婚
#03765,還沒有
#03766,調查完成
#03767,我回來了
#03768,<0>結束調查<br>回來了
#03769,<po=m>壽命+<0><br><br><pic=money><1>
#03770,放棄
#03771,<0>復活了！
#03772,城市裡的店
#03773,要去哪間店呢
#03774,要設定什麼呢
#03775,空欄
#03776,發動率
#03777,變更技能<0>/<1>
#03778,設定技能吧
#03779,請選擇技能
#03780,空餘　<0>欄
#03781,遠離人群的民家
#03782,現在重設的話就會失去今天的成果。
#03783,到下一欄 還需登入<0>天
#03784,歡迎再來喔。
#03785,獲得禮物
#03786,打得真不錯！
#03787,太精采了！
#03788,下次敬請期待
#03789,我為你加油！
#03790,=#00137
#03791,好厲害！
#03792,停止
#03793,建國開始！
#03794,我會努力的！
#03795,調查結果
#03796,<0>返回
#03797,進行調查
#03798,共<0>分
#03799,城裡的商店
#03800,寶箱裡面是……
#03801,寶箱裡面還……
#03802,有<1>次<0>的權利！
#03803,有<1>個<0>！
#03804,王國看來會更加發展呢
#03805,=#01552
#03806,介紹<0>人
#03807,還剩<0>次 免費
#03808,為您介紹可能會<br>成為好友的玩家
#03809,獎盃
#03810,領取了副獎
#03811,現在：<0>
#03812,得到！
#03813,購買祕寶
#03814,購買
#03815,夢幻祕寶 <0>種
#03816,得到夢幻秘寶 <0>種
#03817,現在沒有祕寶。
#03818,<po=m><bo=1e1e1e>恭喜<br>稱霸全區域！</bo>
#03819,職業介紹
#03820,裝備介紹
#03821,設施介紹
#03822,道具介紹
#03823,好友獎勵
#03824,正在派遣到當前地點的居民
#03825,<0><br>限定
#03826,<po=m><0>級以上<br><1><br>限定
#03827,已登錄
#03828,沒有正在舉辦中的討伐活動。
#03829,<po=m>取得情報失敗。<br>請重新打開商店。
#03830,設施情報
#03831,能夠使用<0>了！！
#03832,<0> +<1> 成為 <2> 了
#03833,～使用時的效果提升了～
#03834,能量的開採量增加了
#03835,～搭船來的客人似乎會增加～
#03836,工坊的製作內容提升了
#03837,世界和平度
#03838,討伐敵人數
#03839,所有點數合計
#03840,居民的合計能力
#03841,城市級別
#03842,居民數
#03843,發現的裝備品數量
#03844,發現的道具數量
#03845,發現的家具數量
#03846,級別 <0>
#03847,設施數
#03848,土地數
#03849,夥伴人數
#03850,發現的技能
#03851,最高城市級別
#03852,城市的名稱1
#03853,居民一覽
#03854,王國情報
#03855,祕寶
#03856,變更名稱
#03857,聊天頻道
#03858,前往官網
#03859,怪物圖鑑
#03860,結束遊戲
#03861,設施中沒有怪物
#03862,可惜失敗了！
#03863,沒有消耗鑽石
#03864,<po=m>要消耗<0>個鑽石<br>縮短時間嗎？
#03865,已達成
#03866,現在
#03867,正在挑戰
#03868,可能性<0><1>
#03869,<po=m>怪物牧場<br>+<0>個擴張<br><pic=money><1>
#03870,討伐數
#03871,初次
#03872,城市<0>人
#03873,已鎖定
#03874,已解鎖
#03875,<po=m>這是高級別的裝備<br>要消耗掉嗎？
#03876,達到上限了
#03877,裝備變更完成
#03878,技能變更完成
#03879,<po=m>找不到對戰對手。<br>請稍後再試
#03880,孩子的名字
#03881,居民的名字
#03882,(全形<0>字)
#03883,=MID(#03852,1,-1)&''
#03884,得到寶物！
#03885,要以<0> 獲得嗎
#03886,調查失敗！
#03887,+<0>分
#03888,幾率 <0>%
#03889,分
#03890,秒
#03891,還有<0><1>即可調查
#03892,已達到等級上限
#03893,無法變更初期技能
#03894,裝備了<br><0> <1>。
#03895,要追加技能裝備欄位嗎？
#03896,追加了 <0>個技能裝備欄位。
#03897,無法卸除初期技能
#03898,請選擇出場成員
#03899,名次獎勵
#03900,要登錄現在的點數嗎？
#03901,<po=m>完成登錄。<br>結果會在明天發表
#03902,<po=m>得到<1>枚<0><br>合計<2>枚
#03903,=#00904
#03904,城市裡沒有銅幣箱
#03905,從今以後<br>不再顯示嗎？
#03906,<0>沒有空位。
#03907,=#01568
#03908,=#00906
#03909,否\t封鎖
#03910,還有<0>回家
#03911,以<0>短縮
#03912,<po=m>要取消嗎？<br><co=d94646>※親密度不會上升
#03913,約會
#03914,=#01580
#03915,出發了！
#03916,<po=m><0>們<br><1>先出發了！
#03917,成人前的成長
#03918,投入超過最大數量了
#03919,道具投入尚未完成<br>要返回嗎
#03920,<po=m>得到1個<0><br>合計<1>個
#03921,<po=m>消耗<1>個<0><br>解除鎖定<br>持有數剩下<2>個
#03922,<po=m>消耗<1>個<0><br>解除鎖定
#03923,<0>分後能夠選擇
#03924,<po=m><0>不足。<br>回復到最大為止。
#03925,<0>不足
#03926,達到最大人數
#03927,<po=m>費用不足。<br>要以<1>個<0>作為謝禮嗎？
#03928,否\t<pic=money><0>
#03929,<po=m>更新最高得分！<br><0>pt
#03930,要使用<br>道具嗎？
#03931,要對夥伴使用<br>食物道具嗎？
#03932,要把裝備<br>交給夥伴嗎？
#03933,要把技能<br>交給夥伴嗎？
#03934,使用\t取消
#03935,投入數到達最大
#03936,投入種類到達最大
#03937,再度進貨了<0><br><1>次
#03938,<0><br>不足
#03939,倉庫沒有空位，無法追加。
#03940,牧場滿了。
#03941,購買<0><br>並寄放在怪物牧場了。
#03942,國王的名字
#03943,要消耗<br><0>個鑽石嗎？
#03944,否\t + <po=lm><pic=money><0>&<po=rm><bo=fefefe><1></bo>
#03945,使用
#03946,請投入資源
#03947,研究所無法運作
#03948,<po=m>將<0><br>立即復活
#03949,<po=m>令<0><br>繼承<br><1>的經驗值
#03950,<po=m>全員繼續<br><0>的派遣<br><pic=stamina> <1>/<2>
#03951,繼續
#03952,讓派遣中的人全員返回
#03953,取消\t返回
#03954,<po=m>和<0><br>告別<br><co=d94646>※告別後不會再回來
#03955,設定成功
#03956,和<0><br>告別
#03957,存檔失敗了【<0>】<1>
#03958,<po=m>離開城市時<br>裝備中的技能會消失。<br>※可以替換技能。
#03959,<po=m>要使用<0><br>獲得報酬嗎？
#03960,看影片\t關閉
#03961,將 <0> 放入倉庫了。
#03962,<po=m>購買了 <0>。<br>現在擁有 <1>個
#03963,購買\t取消
#03964,<po=m>以<1>個<0><br>購買<2>
#03965,要回到王國嗎？
#03966,耐久
#03967,敵人會定期出現
#03968,使用者 <0>
#03969,蓄滿 <0>
#03970,達成任務！
#03971,領取報酬
#03972,<po=m><co=ff0000><0></co><br>遭到了攻擊！
#03973,個人頁面
#03974,重新登入
#03975,重設
#03976,退會
#03977,開羅帳號
#03978,已登入
#03979,已退會。
#03980,每天
#03981,星期日
#03982,星期一
#03983,星期二
#03984,星期三
#03985,星期四
#03986,星期五
#03987,星期六
#03988,億
#03989,回到城市了……
#03990,投資計劃書
#03991,<0>似乎不足。
#03992,TAPJOY\t商店
#03993,時間
#03994,個
#03995,<po=m>無法啟動。<br>權限：請允許訪問儲存空間後並再次啟動。<br>※儲存遊戲時需要。
#03996,<po=m>發生錯誤<br>可以請你發送錯誤訊息來協助我們解決問題嗎？<br>（※不會送出你的個人資料）
#03997,=#00893
#03998,=#00894
#03999,=#00895
#04000,=#00896
#04001,=#00897
#04002,=#01612
#04003,=#01615
#04004,=#01614
#04005,=#02464
#04006,速度
#04007,運氣
#04008,頭腦
#04009,靈巧
#04010,採集
#04011,移動
#04012,心
#04013,生命力
#04014,能量儲藏量
#04015,使用回數
#04016,=#00905
#04017,繼承數
#04018,硬幣
#04019,食
#04020,魔
#04021,體力
#04022,寶
#04023,活
#04024,防
#04025,速
#04026,巧
#04027,採
#04028,移
#04029,愛
#04030,體力儲藏
#04031,蘊藏
#04032,使用
#04033,金
#04034,銀
#04035,=#01047
#04036,繼承
#04037,攻型
#04038,守型
#04039,平均
#04040,移動土地
#04041,拆除土地
#04042,居民清單
#04043,增加大門
#04044,開始存檔
#04045,鑽石|個|個組合包
#04046,資料已更新。
#04047,購買手續並未正常完成。
#04048,伺服器維護中。
#04049,<po=m>伺服器維護中。<br><br>一段時間之後<br>商品會以以下方式送達。<br><br>‧由購買履歷復原<br>‧重新啟動App
#04050,服務ID不存在：<0>
#04051,其他
#04052,還原
#04053,繼承
#04054,安裝獎勵
#04055,=#02540
#04056,通知
#04057,購買時的注意事項
#04058,鑽石|個
#04059,<0><1>個
#04060,<0> <1>次
#04061,遊玩時間 +<0>分
#04062,推播通知<br>送來了獎勵
#04063,過去的購買履歷
#04064,現在的購買狀態
#04065,確認網路並同意連線後請重新啟動遊戲。
#04066,請確認是否已解除鎖機設定等部分。
#04067,兒童i-mode模式下會有部分功能無法使用。
#04068,正在讀取
#04069,正在獲取時間
#04070,即將到達
#04071,～羊先生的提示日誌～
#04072,發送好友申請
#04073,申請\t放棄
#04074,有來自其他玩家的好友申請！
#04075,同意\t拒絕
#04076,暱稱
#04077,好友的ID 
#04078,<po=m>找不到好友。<br>&請確認輸入內容
#04079,<po=m>附帶一提，<co=ff0000>請不要刪除App</co>。刪除的話好友會一併消失而無法復原。
#04080,申請清單
#04081,好友郵局
#04082,登錄角色
#04083,離獲得獎勵還剩 <0>人
#04084,尋找朋友發送申請吧
#04085,申請 <0>件
#04086,查看
#04087,從開羅樂園的<br>好友中尋找
#04088,確認自己的角色
#04089,要選擇哪一個呢
#04090,在遊戲之前……
#04091,確認使用規約
#04092,輸入暱稱
#04093,※之後可以變更
#04094,同意規約
#04095,停留中
#04096,尋找
#04097,<po=m>最多可登錄<br><0>位全國用戶<br>作為好友。<br>根據好友的合計遊戲時間<br>啟動遊戲時<br>可以獲得獎勵。打聽ID<br>並申請好友吧。
#04098,<po=m>和全國的用戶們成為好友<br>就能互相協助。<br><br>首先登錄自己的角色吧。
#04099,<po=m>原先設定的角色消失了。<br>請設定新的角色。
#04100,也可能對方已達到上限
#04101,無法使用 , % \
#04102,開始轉移遊戲數據
#04103,接收數據
#04104,輸入代碼
#04105,<po=m>最終更新[<0>]<br>發現與開羅帳號綁定的遊戲數據。<br>請問要以該數據進行復原嗎？
#04106,請輸入數據代碼
#04107,數據代碼
#04108,<po=m><co=3c64c8>◆ 遊戲數據的轉移方式 ◆
#04109,不同平台
#04110,<po=m>① 在目前遊玩的裝置上<br>選擇「傳送遊戲數據」，<br>並記下所顯示的數據代碼。<br><br>② 在欲轉移的裝置上啟動遊戲<br>選擇「接收遊戲數據」，<br>輸入密碼並下載。<br><br><co=ff4000>數據代碼的有效期限為1週。<br>轉移後原本的裝置將無法進行遊戲。<br>無法從<0>轉移數據至<1>
#04111,傳送遊戲數據
#04112,接收遊戲數據
#04113,<po=m>數據移動完成。<br>請重新啟動App。
#04114,<0> <1>個
#04115,貨幣特賣<br>開始了！
#04116,接下來將顯示廣告資訊喔
#04117,<po=m>使用Tapjoy的機能時，<br>解除追蹤型廣告的限制，並重新啟動APP。<br>APP設定 > 隱私權 > 廣告 > 追蹤型廣告限制
#04118,好友申請 王都創世物語
#04119,我在王都創世物語\n送出好友申請了喔！\n請同意吧。
#04120,請安裝王都創世物語，\n搜尋好友\nID：「<0>」吧。\n\n從這裡可以下載喔\n
#04121,好友申請　住宅夢物語
#04122,在住宅夢物語 安卓版<br>送出好友申請了喔！<br>請同意吧。
#04123,<po=m>請安裝住宅夢物語 安卓版，<br>搜尋好友<br>ID：「<0>」吧。<br><br>從這裡可以下載喔<br>
#04124,<0>獲得了<0>0&訊息&鑽石
#04125,<po=m>請啟動想要轉移的裝置，<br>輸入數據代碼。<br><br>數據代碼『<co=ffff00><0></co>』
#04126,<po=m>成功轉移數據。<br>請移除此設備上的APP。<br>數據代碼『<0>』。
#04127,停止數據轉移
#04128,好友轉蛋
#04129,建材袋
#04130,野草袋
#04131,蔬菜袋
#04132,種子袋
#04133,木箱
#04134,黃金木桶
#04135,水果袋
#04136,肉類袋
#04137,海產袋
#04138,料理
#04139,肉
#04140,商品
#04141,地面_寶
#04142,草原_寶
#04143,沙漠_寶
#04144,岩場_寶
#04145,火山_寶
#04146,雪地_寶
#04147,沼澤_寶
#04148,水_寶
#04149,特殊_寶
#04150,=#01615
#04151,藍色寶箱
#04152,黑色寶箱
#04153,金色寶箱
#04154,星期日　排行獎勵
#04155,星期一　排行獎勵
#04156,星期二　排行獎勵
#04157,星期三　排行獎勵
#04158,星期四　排行獎勵
#04159,星期五　排行獎勵
#04160,星期六　排行獎勵
#04161,戰鬥獎勵
#04162,寶物箱
#04163,調查背包
#04164,遊戲時間達到 <0>小時以上
#04165,募集居民 <0>人
#04166,發現　<0>種職業
#04167,建設<0>棟設施
#04168,達到級別 <0>以上
#04169,解放 <0>個區域
#04170,完成<0>件任務
#04171,找到<0>種全體道具吧
#04172,找到 <0>種道具吧
#04173,擊破 <0>種怪物吧
#04174,清除 <0>個迷途之雲吧
#04175,建設<0>棟市政廳
#04176,派遣<0>次到城外
#04177,保管<0>個道具吧
#04178,登錄<0>個好友吧
#04179,解析 <0>個寶箱吧
#04180,進行 <0>次研究吧
#04181,給予<0>人住所吧
#04182,保管 <0>個寶箱吧
#04183,找到 <0>個技能吧
#04184,擊破 <0>個洞窟吧
#04185,孵化 <0>隻怪物吧
#04186,讓 <0>隻怪物成為夥伴吧
#04187,收集<0>隻昆蟲吧
#04188,收集<0>條魚吧
#04189,收集<0>個美術品吧
#04190,收集<0>隻動物吧
#04191,收集<0>枚金幣吧
#04192,誕生<0>個孩子
#04193,初次見面。<br>我是先王時代<br>就開始服侍王室的顧問。
#04194,進行建築後來查看情報吧。
#04195,接著再<br>配置這個吧。
#04196,試著建設土地吧。
#04197,這土地相當不錯呢。<br>給予國王吧。
#04198,把土地給予國王吧。
#04199,接著來設置<br>收集寶物的地方如何
#04200,試著建造2棟倉庫吧。
#04201,建築工程……<br>會需要人手呢！<br>請看這個。
#04202,雇用3位居民吧
#04203,用這個<br>完成工程如何
#04204,完成倉庫和國王房間吧
#04205,為了讓國王房間運作<br>還需要這些東西。
#04206,請點擊國王房間的家具吧。
#04207,接下來應該會需要<br>通往外面的門。
#04208,來建造一扇門吧
#04209,城市外面或許會有<br>沉睡的寶物也說不定。
#04210,試著派遣衛兵看看吧。
#04211,稍微來觀望一會兒吧。<br>有推薦給你的東西喔
#04212,試著讓時間前進<br>或許也不錯。
#04213,哎呀！級別點數<br>似乎滿了呢！
#04214,來提升級別吧
#04215,突然有種「研究」對國家發展<br>非常重要的感覺。
#04216,試著招募「研究家」吧。
#04217,終於得到第2棟<br>市政廳了呢！
#04218,來建造市政廳吧。
#04219,得到的寶箱<br>不開封可不行呢
#04220,來建造寶箱的解析所吧。
#04221,似乎還需要<br>更多用於研究的設施。
#04222,來設置研究所吧。
#04223,準備似乎完成了。<br>馬上就來開始研究吧。
#04224,試著研究看看吧。
#04225,需要新的居民呢……<br>請人介紹冒險者吧
#04226,請人介紹冒險者吧。
#04227,似乎有居民的<br>HP所剩無幾了……
#04228,來建造HP回復設施吧
#04229,就來拿出幹勁<br>培養居民吧。
#04230,來培養居民吧。
#04231,得到食物了。<br>馬上就來使用看看吧。
#04232,讓居民成長吧
#04233,在城外似乎發現了……<br>危險的洞窟。
#04234,選擇洞窟進行討伐吧。
#04235,在派遣目的地……<br>發現了疑似頭目的身影！
#04236,派出精銳討伐頭目吧。
#04237,派遣中的居民<br>正在等待指示。
#04238,請重新派遣到新的地點吧。
#04239,似乎得到馬舍了。
#04240,請建造馬舍吧。
#04241,哇，新的區域<br>有港口呢
#04242,朝著城市一路建造5～6個看板吧
#04243,準備完成了<br>試著呼喚船隻吧
#04244,呼喚船隻，吸引觀光客吧
#04245,現在的房間似乎也能<br>讓其他居民居住喔
#04246,配置同居床鋪吧
#04247,城市被襲擊了呢……
#04248,是時候強化城壁了呢。
#04249,第二座城市完成了！
#04250,讓兩座城市持續發展吧
#04251,在兩座城市之間來往吧
#04252,在兩個王國之間來往吧
#04253,提升級別開始<br>需要道具了呢。
#04254,收集各種道具吧
#04255,似乎有必要為了<br>今後被攻打時做好準備。
#04256,努力為城壁升級吧
#04257,<pic=grass>累積愈來愈多了呢<br>或許會需要倉庫
#04258,來研究<pic=grass>的倉庫吧
#04259,<pic=food>累積愈來愈多了呢<br>或許會需要倉庫
#04260,來研究<pic=food>的倉庫吧
#04261,<pic=wood>累積愈來愈多了呢<br>或許會需要倉庫
#04262,來研究<pic=wood>的倉庫吧
#04263,<pic=iron>累積愈來愈多了呢<br>或許會需要倉庫
#04264,來研究<pic=iron>的倉庫吧
#04265,<pic=magic>累積愈來愈多了呢<br>或許會需要倉庫
#04266,來研究<pic=magic>的倉庫吧
#04267,能量不太足夠呢<br>用這些設施如何呢
#04268,研究能量泵和倉庫吧
#04269,我靈光一閃<br>想到新的研究內容了。
#04270,研究道路吧
#04271,研究水井吧
#04272,研究爐灶吧
#04273,研究休憩處吧
#04274,研究長椅吧
#04275,看樣子需要<br>更多寶物倉庫。
#04276,研究寶物庫吧
#04277,看樣子需要<br>更多道具倉庫。
#04278,研究道具倉庫吧
#04279,<pic=grass>不夠呢
#04280,研究田地吧
#04281,<pic=wood>不夠呢
#04282,研究造林所吧
#04283,藉由派遣來消除<br>四處瀰漫的雲吧
#04284,換個派遣地點或許比較好
#04285,得到銅幣了呢。
#04286,配置銅幣箱吧。
#04287,得到銀幣了呢。
#04288,配置銀幣箱吧。
#04289,得到金幣了呢。
#04290,配置金幣箱吧。
#04291,王國裡的武器<br>愈來愈多了呢。
#04292,替夥伴打理裝備吧。
#04293,得到了<br>新的技能呢。
#04294,重新搭配技能裝備狀況吧。
#04295,酪農家<br>成為同伴了呢。
#04296,建造牧場吧。
#04297,牧場完成了呢。
#04298,把飼料放在城市外面吧。
#04299,唉唷？<br>怪物好像<br>掉了什麼東西呢。
#04300,來準備蛋倉庫吧。
#04301,發現蛋了呢。<br>努力在城裡孵化吧。
#04302,研究怪物房間吧
#04303,或許在商店裡<br>增加些貨架也不錯。
#04304,增加商店貨架吧
#04305,<pic=food>不夠呢
#04306,藉由派遣尋找<pic=food>吧
#04307,<pic=iron>不夠呢
#04308,藉由派遣尋找<pic=iron>吧
#04309,<pic=magic>不夠呢
#04310,藉由派遣尋找<pic=magic>吧
#04311,得到礦山了呢。
#04312,裝備技能活用礦山吧
#04313,似乎得到魔石礦山了呢。
#04314,裝備技能活用魔石礦山吧
#04315,好友增加了呢！
#04316,準備讓好友<br>停留的床鋪吧。
#04317,似乎得到荒地導覽了呢。
#04318,建造荒地導覽吧。
#04319,似乎得到遠征小屋了呢。
#04320,建造遠征小屋吧。
#04321,似乎得到育苗場了呢。
#04322,建造育苗場吧。
#04323,似乎得到工具精製所了呢。
#04324,建造工具精製所吧。
#04325,似乎得到礦石精製所了呢。
#04326,建造礦石精製所吧。
#04327,似乎得到烹飪臺了呢。
#04328,建造烹飪臺吧。
#04329,似乎得到魔物塑像了呢。
#04330,建造魔物塑像吧。
#04331,似乎得到驅魔 寶珠了呢。
#04332,建造驅魔 寶珠吧。
#04333,似乎得到驅魔 劍了呢。
#04334,建造驅魔 劍吧。
#04335,似乎得到驅魔 石碑了呢。
#04336,建造驅魔 石碑吧。
#04337,我國終於有了<br>武器店了呢。
#04338,武器店完成了呢。
#04339,我國終於有了<br>防具店了呢。
#04340,防具店完成了呢。
#04341,我國終於有了<br>道具店了呢。
#04342,道具店完成了呢。
#04343,我國終於有了<br>家具店了呢。
#04344,家具店完成了呢。
#04345,我國終於有了<br>技能店了呢。
#04346,技能店完成了呢。
#04347,我國終於有了<br>旅館了呢。
#04348,旅館完成了呢。
#04349,我國終於有了<br>餐館了呢。
#04350,餐館完成了呢。
#04351,我國終於有了<br>飾品店了呢。
#04352,飾品店完成了呢。
#04353,我國終於有了<br>回復之間了呢。
#04354,回復之間完成了呢。
#04355,我國終於有了<br>解析之間了呢。
#04356,解析之間完成了呢。
#04357,我國終於有了<br>研究所了呢。
#04358,研究所完成了呢。
#04359,我國終於有了<br>醫院了呢。
#04360,病院完成了呢。
#04361,我國終於有了<br>教會了呢。
#04362,教會完成了呢。
#04363,關於重要職業……城裡有多幾個人應該也不錯呢
#04364,有餘力的話就多雇用幾個吧
#04365,好像發現了……<br>新的區域呢！
#04366,讓周遭各地<br>更加和平吧！
#04367,好像發現了……<br>新的住所類型！
#04368,委託木匠和送貨員<br>來蓋房子吧。
#04369,我國終於有了<br>調查隊室了呢。
#04370,調查隊室完成了呢。
#04371,似乎得到了<br>混沌岩呢。
#04372,來設置混沌岩看看吧
#04373,似乎得到了<br>填平領內工具呢。
#04374,把領地內的水邊填平吧
#04375,哇！得到<br>上級倉庫 野草了呢
#04376,建造新的倉庫吧！
#04377,哇！得到<br>上級倉庫 木材了呢
#04378,哇！得到<br>上級倉庫 糧食了呢
#04379,哇！得到<br>上級倉庫 礦石了呢
#04380,哇！得到<br>上級倉庫 魔石了呢
#04381,哇！得到<br>上級倉庫 能量了呢
#04382,哇！得到<br>上級倉庫 寶物了呢
#04383,哇！得到<br>上級倉庫 道具了呢
#04384,哇！得到<br>上級倉庫 蛋了呢
#04385,級別已經提升到<br>相當高了呢
#04386,來尋找提升<br>級別上限的祕寶吧
#04387,為高級別的農民<br>建造房屋吧。
#04388,似乎得到新的<br>收銀台了呢。
#04389,更換成附帶店員收銀台吧
#04390,哇！終於有聖誕老人<br>來到我國了。
#04391,來為聖誕老人打造一個家吧
#04392,既然聖誕老人的家完成了<br>接著就是馴鹿了吧
#04393,研究馴鹿吧
#04394,湊齊了三頭馴鹿<br>因而收到了禮物！
#04395,來確認新的裝備吧！
#04396,好像發現了……<br>非常強大的區域呢！
#04397,前往的時候請注意安全……！
#04398,喔……<br>好像有親密度提高的居民呢
#04399,來建造教堂吧！
#04400,結婚的居民好像<br>產生了某種變化。
#04401,建造嬰兒床吧
#04402,小孩子出生後<br>還需要幫助孩子成長的設施
#04403,建造托兒所吧
#04404,第2代終於<br>在城市里裡現身了！
#04405,建造飛船港口吧
#04406,與眾不同的旅客<br>似乎喜歡收集品
#04407,建造收集家之屋吧
#04408,增加了新的職業呢
#04409,期待今後的活躍表現。
#04410,王之子<br>終於在城裡誕生了。
#04411,藝術工坊完成了呢！
#04412,昆蟲館完成了呢！
#04413,水族館完成了呢！
#04414,動物園完成了呢！
#04415,博物館完成了呢！
#04416,生命的聖水 #1
#04417,全體居民的HP增加10
#04418,=MID(#04416,1,-1)&'2'
#04419,=MID(#04416,1,-1)&'3'
#04420,=MID(#04416,1,-1)&'4'
#04421,=MID(#04416,1,-1)&'5'
#04422,=MID(#04416,1,-1)&'6'
#04423,=MID(#04416,1,-1)&'7'
#04424,=MID(#04416,1,-1)&'8'
#04425,=MID(#04416,1,-1)&'9'
#04426,=MID(#04416,1,-1)&'10'
#04427,=MID(#04416,1,-1)&'11'
#04428,=MID(#04416,1,-1)&'12'
#04429,=MID(#04416,1,-1)&'13'
#04430,=MID(#04416,1,-1)&'14'
#04431,=MID(#04416,1,-1)&'15'
#04432,=MID(#04416,1,-1)&'16'
#04433,=MID(#04416,1,-1)&'17'
#04434,=MID(#04416,1,-1)&'18'
#04435,=MID(#04416,1,-1)&'19'
#04436,=MID(#04416,1,-1)&'20'
#04437,智慧的聖水 #1
#04438,全體居民的MP增加10
#04439,=MID(#04437,1,-1)&'2'
#04440,=MID(#04437,1,-1)&'3'
#04441,=MID(#04437,1,-1)&'4'
#04442,=MID(#04437,1,-1)&'5'
#04443,=MID(#04437,1,-1)&'6'
#04444,=MID(#04437,1,-1)&'7'
#04445,=MID(#04437,1,-1)&'8'
#04446,=MID(#04437,1,-1)&'9'
#04447,=MID(#04437,1,-1)&'10'
#04448,=MID(#04437,1,-1)&'11'
#04449,=MID(#04437,1,-1)&'12'
#04450,=MID(#04437,1,-1)&'13'
#04451,=MID(#04437,1,-1)&'14'
#04452,=MID(#04437,1,-1)&'15'
#04453,=MID(#04437,1,-1)&'16'
#04454,=MID(#04437,1,-1)&'17'
#04455,=MID(#04437,1,-1)&'18'
#04456,=MID(#04437,1,-1)&'19'
#04457,=MID(#04437,1,-1)&'20'
#04458,活力的聖水 #1
#04459,全體居民的活力增加10
#04460,=MID(#04458,1,-1)&'2'
#04461,=MID(#04458,1,-1)&'3'
#04462,=MID(#04458,1,-1)&'4'
#04463,=MID(#04458,1,-1)&'5'
#04464,=MID(#04458,1,-1)&'6'
#04465,=MID(#04458,1,-1)&'7'
#04466,=MID(#04458,1,-1)&'8'
#04467,=MID(#04458,1,-1)&'9'
#04468,=MID(#04458,1,-1)&'10'
#04469,=MID(#04458,1,-1)&'11'
#04470,=MID(#04458,1,-1)&'12'
#04471,=MID(#04458,1,-1)&'13'
#04472,=MID(#04458,1,-1)&'14'
#04473,=MID(#04458,1,-1)&'15'
#04474,=MID(#04458,1,-1)&'16'
#04475,=MID(#04458,1,-1)&'17'
#04476,=MID(#04458,1,-1)&'18'
#04477,=MID(#04458,1,-1)&'19'
#04478,=MID(#04458,1,-1)&'20'
#04479,力量的聖水 #1
#04480,全體居民的攻擊力增加10
#04481,=MID(#04479,1,-1)&'2'
#04482,=MID(#04479,1,-1)&'3'
#04483,=MID(#04479,1,-1)&'4'
#04484,=MID(#04479,1,-1)&'5'
#04485,=MID(#04479,1,-1)&'6'
#04486,=MID(#04479,1,-1)&'7'
#04487,=MID(#04479,1,-1)&'8'
#04488,=MID(#04479,1,-1)&'9'
#04489,=MID(#04479,1,-1)&'10'
#04490,=MID(#04479,1,-1)&'11'
#04491,=MID(#04479,1,-1)&'12'
#04492,=MID(#04479,1,-1)&'13'
#04493,=MID(#04479,1,-1)&'14'
#04494,=MID(#04479,1,-1)&'15'
#04495,=MID(#04479,1,-1)&'16'
#04496,=MID(#04479,1,-1)&'17'
#04497,=MID(#04479,1,-1)&'18'
#04498,=MID(#04479,1,-1)&'19'
#04499,=MID(#04479,1,-1)&'20'
#04500,守備的聖水 #1
#04501,全體居民的防禦力增加10
#04502,=MID(#04500,1,-1)&'2'
#04503,=MID(#04500,1,-1)&'3'
#04504,=MID(#04500,1,-1)&'4'
#04505,=MID(#04500,1,-1)&'5'
#04506,=MID(#04500,1,-1)&'6'
#04507,=MID(#04500,1,-1)&'7'
#04508,=MID(#04500,1,-1)&'8'
#04509,=MID(#04500,1,-1)&'9'
#04510,=MID(#04500,1,-1)&'10'
#04511,=MID(#04500,1,-1)&'11'
#04512,=MID(#04500,1,-1)&'12'
#04513,=MID(#04500,1,-1)&'13'
#04514,=MID(#04500,1,-1)&'14'
#04515,=MID(#04500,1,-1)&'15'
#04516,=MID(#04500,1,-1)&'16'
#04517,=MID(#04500,1,-1)&'17'
#04518,=MID(#04500,1,-1)&'18'
#04519,=MID(#04500,1,-1)&'19'
#04520,=MID(#04500,1,-1)&'20'
#04521,古代設計圖 #1 
#04522,全設施的最大耐久度增加10
#04523,古代設計圖 #2
#04524,=MID(#04523,1,-1)&'3'
#04525,=MID(#04523,1,-1)&'4'
#04526,=MID(#04523,1,-1)&'5'
#04527,=MID(#04523,1,-1)&'6'
#04528,=MID(#04523,1,-1)&'7'
#04529,=MID(#04523,1,-1)&'8'
#04530,=MID(#04523,1,-1)&'9'
#04531,=MID(#04523,1,-1)&'10'
#04532,=MID(#04523,1,-1)&'11'
#04533,=MID(#04523,1,-1)&'12'
#04534,=MID(#04523,1,-1)&'13'
#04535,=MID(#04523,1,-1)&'14'
#04536,=MID(#04523,1,-1)&'15'
#04537,=MID(#04523,1,-1)&'16'
#04538,=MID(#04523,1,-1)&'17'
#04539,=MID(#04523,1,-1)&'18'
#04540,=MID(#04523,1,-1)&'19'
#04541,=MID(#04523,1,-1)&'20'
#04542,=MID(#04523,1,-1)&'21'
#04543,=MID(#04523,1,-1)&'22'
#04544,=MID(#04523,1,-1)&'23'
#04545,前人的地圖 #1
#04546,派遣時的費用減少5%
#04547,=MID(#04545,1,-1)&'2'
#04548,=MID(#04545,1,-1)&'3'
#04549,=MID(#04545,1,-1)&'4'
#04550,=MID(#04545,1,-1)&'5'
#04551,=MID(#04545,1,-1)&'6'
#04552,秘密道具 #1
#04553,建造時的費用減少5%
#04554,=MID(#04552,1,-1)&'2'
#04555,=MID(#04552,1,-1)&'3'
#04556,=MID(#04552,1,-1)&'4'
#04557,=MID(#04552,1,-1)&'5'
#04558,=MID(#04552,1,-1)&'6'
#04559,王國業界誌 #1
#04560,研究和升級的時間減少5%
#04561,=MID(#04559,1,-1)&'2'
#04562,=MID(#04559,1,-1)&'3'
#04563,=MID(#04559,1,-1)&'4'
#04564,=MID(#04559,1,-1)&'5'
#04565,=MID(#04559,1,-1)&'6'
#04566,鑽石之書 #1
#04567,消費鑽石時的費用減少2%
#04568,=MID(#04566,1,-1)&'2'
#04569,=MID(#04566,1,-1)&'3'
#04570,=MID(#04566,1,-1)&'4'
#04571,=MID(#04566,1,-1)&'5'
#04572,覺醒之書 #1
#04573,全員的覺醒上限增加5
#04574,=MID(#04572,1,-1)&'2'
#04575,=MID(#04572,1,-1)&'3'
#04576,=MID(#04572,1,-1)&'4'
#04577,=MID(#04572,1,-1)&'5'
#04578,城建指南書 #1
#04579,城市級別的上限增加5
#04580,=MID(#04578,1,-1)&'2'
#04581,=MID(#04578,1,-1)&'3'
#04582,=MID(#04578,1,-1)&'4'
#04583,=MID(#04578,1,-1)&'5'
#04584,=MID(#04578,1,-1)&'6'
#04585,=MID(#04578,1,-1)&'7'
#04586,=MID(#04578,1,-1)&'8'
#04587,=MID(#04578,1,-1)&'9'
#04588,=MID(#04578,1,-1)&'10'
#04589,=MID(#04578,1,-1)&'11'
#04590,=MID(#04578,1,-1)&'12'
#04591,=MID(#04578,1,-1)&'13'
#04592,=MID(#04578,1,-1)&'14'
#04593,兵法書 #1
#04594,增加頭目戰和線上對戰的討伐人數
#04595,=MID(#04593,1,-1)&'2'
#04596,=MID(#04593,1,-1)&'3'
#04597,=MID(#04593,1,-1)&'4'
#04598,=MID(#04593,1,-1)&'5'
#04599,=MID(#04593,1,-1)&'6'
#04600,=MID(#04593,1,-1)&'7'
#04601,=MID(#04593,1,-1)&'8'
#04602,=MID(#04593,1,-1)&'9'
#04603,=MID(#04593,1,-1)&'10'
#04604,=MID(#04593,1,-1)&'11'
#04605,=MID(#04593,1,-1)&'12'
#04606,=MID(#04593,1,-1)&'13'
#04607,=MID(#04593,1,-1)&'14'
#04608,=MID(#04593,1,-1)&'15'
#04609,=MID(#04593,1,-1)&'16'
#04610,=MID(#04593,1,-1)&'17'
#04611,=MID(#04593,1,-1)&'18'
#04612,=MID(#04593,1,-1)&'19'
#04613,=MID(#04593,1,-1)&'20'
#04614,=MID(#04593,1,-1)&'21'
#04615,=MID(#04593,1,-1)&'22'
#04616,=MID(#04593,1,-1)&'23'
#04617,=MID(#04593,1,-1)&'24'
#04618,=MID(#04593,1,-1)&'25'
#04619,=MID(#04593,1,-1)&'26'
#04620,=MID(#04593,1,-1)&'27'
#04621,=MID(#04593,1,-1)&'28'
#04622,夢幻探險地圖 #1
#04623,增加洞窟的討伐人數
#04624,=MID(#04622,1,-1)&'2'
#04625,=MID(#04622,1,-1)&'3'
#04626,=MID(#04622,1,-1)&'4'
#04627,=MID(#04622,1,-1)&'5'
#04628,=MID(#04622,1,-1)&'6'
#04629,=MID(#04622,1,-1)&'7'
#04630,=MID(#04622,1,-1)&'8'
#04631,=MID(#04622,1,-1)&'9'
#04632,=MID(#04622,1,-1)&'10'
#04633,=MID(#04622,1,-1)&'11'
#04634,=MID(#04622,1,-1)&'12'
#04635,=MID(#04622,1,-1)&'13'
#04636,=MID(#04622,1,-1)&'14'
#04637,=MID(#04622,1,-1)&'15'
#04638,=MID(#04622,1,-1)&'16'
#04639,=MID(#04622,1,-1)&'17'
#04640,=MID(#04622,1,-1)&'18'
#04641,鐵鎚的極致 #1
#04642,增加可同時施工數
#04643,=MID(#04641,1,-1)&'2'
#04644,=MID(#04641,1,-1)&'3'
#04645,=MID(#04641,1,-1)&'4'
#04646,=MID(#04641,1,-1)&'5'
#04647,=MID(#04641,1,-1)&'6'
#04648,=MID(#04641,1,-1)&'7'
#04649,=MID(#04641,1,-1)&'8'
#04650,=MID(#04641,1,-1)&'9'
#04651,=MID(#04641,1,-1)&'10'
#04652,=MID(#04641,1,-1)&'11'
#04653,=MID(#04641,1,-1)&'12'
#04654,=MID(#04641,1,-1)&'13'
#04655,=MID(#04641,1,-1)&'14'
#04656,=MID(#04641,1,-1)&'15'
#04657,=MID(#04641,1,-1)&'16'
#04658,=MID(#04572,1,-1)&'6'
#04659,全員的覺醒上限增加1
#04660,<po=c>畫面會變寬，<br>而且變得<br>可以<co=60,100,200>橫向旋轉</co>了！
#04661,好像順利解除廣告顯示了呢！
#04662,而且也支援畫面橫向旋轉了！！在選單「系統」─「設定變更」處可以開關橫向旋轉功能。
#04663,畫面改變了，就用煥然一新的<br>心情繼續經營吧！
#04664,請在可以連線的環境下確認訊號後再次啟動。\n無法連線的場合下會出現無法使用部分功能的狀況。
#04665,訊息
#04666,訊息
#04667,連線中
#04668,了解
#04669,歡迎光臨
#04670,售完
#04671,呵呵呵。\n要哪一個呢
#04672,連線失敗
#04673,購買道具
#04674,閱讀使用規約(必讀)
#04675,同意規約並前往商店
#04676,購買之後重開遊戲便能獲得
#04677,前往購買
#04678,同意規約並前往購買
#04679,報告
#04680,道具已\n安全寄達
#04681,要在哪裡開店呢
#04682,阿南商會
#04683,獎券商店
#04684,唉呀……<br>和本部之間<co=60,100,200>連線失敗</co>了
#04685,請確認訊號和連線狀態後<br>再次來店……
#04686,就能看到優質商品陳列出來。
#04687,所以……<br>恭候您的再次光臨。
#04688,這裡是世界上超稀有的<br>販賣「獎券」的店家喔。
#04689,價格高昂，購買前請考慮清楚喔。
#04690,呵呵呵。
#04691,呵呵呵，<br>歡迎光臨。
#04692,啊──很可惜<br>該商品<co=60,100,200>已售完</co>。<br>請看看其他商品。
#04693,獎券超過最大張數<0>。
#04694,唉呀，您眼光真好。
#04695,這是<co=60,100,200>用現實金錢購買</co>的優質商品。
#04696,小孩子要在<co=60,100,200>監護人</co>確認之後才可購買，呵呵呵。
#04697,這家店會一直開著的，歡迎經常光臨喔。
#04698,呵呵呵<br>歡迎再次光臨。
#04699,<0>
#04700,遊戲時間 <0>小時<1>分
#04701,申請看看
#04702,最多可登錄<br><0>位全國用戶<br>作為好友。<br>根據好友的合計遊戲時間<br>啟動遊戲時<br>可以獲得獎勵。打聽ID<br>並申請好友吧。
#04703,暱稱
#04704,=#04076
#04705,請輸入暱稱
#04706,請勿留下空白
#04707,存在無法使用的文字
#04708,好友ID
#04709,=#04077
#04710,請輸入好友ID
#04711,恭喜！<br>登錄了新的<co=60,100,200>好友</co>並獲得獎勵！
#04712,一起遊玩的話今後也能獲得獎勵喔！
#04713,另外，<co=255,0,0>請勿刪除App</co>。刪除後好友將全部被清空而無法恢復。
#04714,進行遊戲前
#04715,請輸入您的暱稱
#04716,點擊這裡
#04717,※之後可以變更※
#04718,OK
#04719,請輸入新的暱稱
#04720,<0>  <1>小時 <2>分
#04721,上次啟動時
#04722,累計
#04723,<0>小時<1>分
#04724,送來申請。
#04725,其他<0>件
#04726,尋找好友
#04727,好友說明
#04728,告知ID
#04729,您的ID在此(請點擊)
#04730,在此搜尋
#04731,在此輸入
#04732,搜尋
#04733,=#02554
#04734,得到認可前需要耐心等候
#04735,進行申請
#04736,取消
#04737,已申請。
#04738,獲得許可前請耐心等候。
#04739,通知好友
#04740,=#02568
#04741,生效需要花費一段時間。
#04742,承認
#04743,拒絕
#04744,承認好友
#04745,增加好友
#04746,已承認<br><co=0070FF><0></co>。
#04747,進行遊戲有機會獲得獎勵
#04748,※不會通知對方※
#04749,刪除
#04750,返回
#04751,要刪除<0><br>嗎?
#04752,關於好友
#04753,好友獎勵(每<0>分)
#04754,從好友那邊取得 <co=254,233,1><0></co>小時<co=254,233,1><1></co>分
#04755,(最大)
#04756,領取
#04757,下次再說
#04758,獲得好友獎勵
#04759,獲得<br><co=0070FF><0>張獎券</co>。
#04760,好友獎勵
#04761,好友增加<co=254,233,1><0>人</co>！
#04762,<co=0,128,255><0></co><br>成為好友了！
#04763,無法連線。請|確認設定並稍後片刻|再進行挑戰。&最多可以登錄<friend_max>個好友
#04764,請輸入支援專用\n商店碼。
#04765,商店碼
#04766,接收存檔數據
#04767,請輸入支援專用\n客服碼。
#04768,客服碼
#04769,推薦App情報
#04770,返回標題畫面
#04771,介紹朋友此App
#04772,0P無法登錄
#04773,無法登錄<0>
#04774,將進行App版本更新
#04775,認證失敗。請設定購買時的帳號，並確認訊號狀態。
#04776,請設定購買時的帳號，並確認訊號狀態。
#04777,橫式畫面
#04778,可在正式版當中使用！！
#04779,由於系統緣故，無法使用 <0>
#04780,請輸入<0>
#04781,遊戲啟動中
#04782,讀取失敗
#04783,開始
#04784,儲存格
#04785,從中斷處繼續遊戲
#04786,讀取存檔數據
#04787,沒有中斷數據
#04788,未用儲存格
#04789,<0>年
#04790,<0>月 <1>週
#04791,由於系統緣故，無法使用 / | < > \
#04792,請選擇數據
#04793,沒有存檔數據
#04794,關於本遊戲
#04795,最高過關點數
#04796,沒有記錄
#04797,不存在
#04798,正式版
#04799,最高得分<br>可在正式版使用！！
#04800,辛苦您了。<br>Lite版的內容於此結束。
#04801,之後可以連接到正式版網站。
#04802,那麼我們以後再見吧。
#04803,<0>最新號<br>發售了
#04804,=#02552
#04805,=#02553
#04806,系統
#04807,=#02555
#04808,變更設定
#04809,遊戲方式
#04810,最高得分
#04811,結束遊戲
#04812,繼續遊玩
#04813,開始新遊戲
#04814,=#02431
#04815,情報
#04816,道具
#04817,回標題畫面
#04818,小計 <0>P
#04819,合計 <0>P ！！
#04820,<0>個
#04821,<0>種
#04822,<0>人
#04823,遊戲儲存中
#04824,對話框
#04825,=#00655
#04826,設定
#04827,畫面
#04828,速度
#04829,BGM
#04830,效果音
#04831,轉動畫面
#04832,畫質優先
#04833,速度優先
#04834,高速
#04835,普通
#04836,自動
#04837,固定
#04838,設為速度優先後將會刪除
#04839,一部分的演出和顯示
#04840,變更遊戲的運作速度
#04841,遊戲通關後可以變更
#04842,設定遊戲畫面
#04843,配合裝置的擺放來轉動
#04844,設定遊戲中的
#04845,音量
#04846,前往Kairo公園
#04847,(C) Kairosoft Co., Ltd.
#04848,過關點數
#04849,計算過關點數
#04850,=#02567
#04851,維持/月
#04852,基本
#04853,獎勵
#04854,合計
#04855,獎勵
#04856,男士
#04857,女士
#04858,<0>月
#04859,維持費
#04860,<0>/月
#04861,未設定
#04862,價格
#04863,庫存
#04864,持有數量
#04865,完成
#04866,進行中
#04867,完成 <0>個
#04868,<0>　<1>月號
#04869,道具一覽
#04870,持有
#04871,道具一覽
#04872,使用次數
#04873,<0> 次
#04874,『<0>』
#04875,概要
#04876,期間
#04877,費用
#04878,名稱
#04879,名次
#04880,設施一覽
#04881,全部
#04882,全部設施
#04883,一覽
#04884,會覆蓋掉<br>目前這個存檔數據
#04885,會刪除掉<br>目前這個存檔數據
#04886,遊戲儲存完畢
#04887,拖曳畫面並選擇想要建造的場所。按住建築物來移動的話可以進行更細微的調整。
#04888,已經設定
#04889,金錢不足
#04890,獲得臨時收入 <co=000080><0></co>
#04891,開始追蹤該人。<br>之後再點擊一次該人物就可以看到詳細情報。
#04892,正在建造<0>
#04893,拆除『<0>』
#04894,要拆除到哪裡？
#04895,要從哪開始鋪設<0>？
#04896,要鋪設到哪裡？
#04897,春
#04898,夏
#04899,秋
#04900,冬
#04901,『<co=008000><0></co>』完成
#04902,支付<0> 維持費
#04903,Kairo新聞
#04904,前往Kairo公園
#04905,前往App介紹頁面
#04906,結束遊戲並
#04907,連線至Kairo公園
#04908,連線至App介紹頁面
#04909,前往官網
#04910,結束遊戲
#04911,遊戲的最新情報
#04912,可在Kairo公園獲得
#04913,貨幣單位
#04914,日元
#04915,美金
#04916,可以變更金錢的顯示
#04917,匯率為\\100 = $1
#04918,從此前往Kairo公園
#04919,認證中
#04920,請輸入名稱
#04921,限制於全形<0>字以內
#04922,<0>年<1>月<2>週
#04923,讀取失敗
#04924,讀取失敗。
#04925,請在可以連線的環境下確認訊號狀態。
#04926,請在可連線的環境下<br>確認訊號狀態。
#04927,認證失敗。
#04928,伺服器發生錯誤。
#04929,發生數據錯誤。<br>請重新安裝App。
#04930,啟動失敗，請重新啟動App。
#04931,遊戲開始失敗
#04932,中斷存檔<0>
#04933,存檔數據<0>
#04934,發送所有存檔
#04935,顯示錯誤內容
#04936,即將發送所有的存檔
#04937,發送中斷存檔<0>
#04938,發送存檔數據<0>
#04939,已完成發送<br>感謝用戶的配合。<br>今後也請多多關照Kairo公園。
#04940,發生錯誤<br>是否再次嘗試？
#04941,發送存檔數據
#04942,請選擇要發送的內容
#04943,正在發送
#04944,請勿按下電源鍵。
#04945,錯誤
#04946,Lite版
#04947,發生錯誤。
#04948,=#02549
#04949,請在App的設定畫面將「App權限」全部打開後再次啟動遊戲。
#04950,=#03191
#04951,權限：允許訪問存儲空間後並再次啟動。<br>※儲存遊戲時必要。
#04952,無法啟動。
#04953,請縮短內容
#04954,利用Tapjoy的機能時\n解除追蹤型廣告的限制，並重新啟動APP。\nAPP設定 > 隱私權 > 廣告 > 追蹤型廣告限制
#04955,廣告讀取中
#04956,接下來將顯示廣告影片喔
#04957,=#04116
#04958,貨幣特賣\n開始了！
#04959,=#04103
#04960,=#04104
#04961,最終更新[<0>]<br>發現與開羅帳號綁定的遊戲數據。<br>請問要以該數據進行復原嗎？
#04962,從開羅樂園的<br>好友中尋找
#04963,按下＋按鈕會啟動游標模式。<br>以左側的類比搖桿與<br>十字鍵移動游標，<br>可做出與使用Ｙ‧Ａ按鈕點擊時相同的操作。<br>再按一次　＋按鈕則恢復原本操作方式。
#04964,請重新啟動遊戲。
#04965,體驗版
#04966,感謝您的遊玩。<br>體驗版內容在此告一個段落。
#04967,=#02549
#04968,=#02550
#04969,=#02551
#04970,=#02554
#04971,=#02556
#04972,地圖
#04973,一般
#04974,出發
#04975,幫助
#04976,=#02557
#04977,=#02558
#04978,=#02559
#04979,人氣
#04980,開始
#04981,編輯
#04982,適性
#04983,=#02563
#04984,稱號
#04985,報告書
#04986,輸出
#04987,提示
#04988,順序
#04989,捕捉
#04990,初始化
#04991,退還
#04992,標準
#04993,解除
#04994,出售
#04995,=#02562
#04996,詳細
#04997,辭典
#04998,反轉
#04999,=#02566
#05000,=#02560
#05001,說明
#05002,自動
#05003,=#02565
#05004,=#02564
#05005,省略
#05006,地圖
#05007,屬性
#05008,部隊
#05009,棄權
#05010,作戰
#05011,分類
#05012,診斷
#05013,儲存
#05014,選單
#05015,補充
#05016,=#04826
#05017,往下
#05018,往上
#05019,清算
#05020,合成
#05021,夥伴
#05022,=#02570
#05023,最大
#05024,獎勵
#05025,往船
#05026,監牢
#05027,職業
#05028,=#02561
#05029,獲得！！
#05030,推薦
#05031,=#02568
#05032,行動
#05033,倉庫
#05034,效果
#05035,同意
#05036,規約
#05037,洗牌
#05038,停止
#05039,=#02569
#05040,投入
#05041,=#00051
#05042,開除
#05043,=#02519
#05044,南瓜
#05045,=#01402
#05046,購買
#05047,售出
#05048,LVUP
#05049,縮放
#05050,=#04815
#05051,=#02547
#05052,僅限今日 24種職業S級登場中!
#05053,▼王都創世物語<br>　這是要一款建設發展自己王國的模擬遊戲。召集強大可靠的同伴，一起重建和平王都吧。<br><br>還可以和全國玩家比賽，目標是稱霸世界排行！
#05054,▼遊戲流程<br>　首先建設一個據點市政廳吧。準備好資源倉庫和住宅，召集夥伴。一邊培育同伴，一邊掃蕩王國周圍的神秘陰雲吧。為了不被突然來襲的怪物攻擊，強化避難設施，擴充豐富商店，讓自己的王國興旺發展蒸蒸日上吧。
#05055,▼每日流程<br>　早晨居民們會傾向於使用自家的設施，午後則比較喜歡外出。<br>　中午，活力充沛的居民們會以通常的速度展開行動。當體力耗盡時，他們的行動速度便會減慢。夜晚他們便會進入睡眠。然而，怪物們的行動則通常較為活躍。滿月是怪物們最可能發動進攻的日子，還請多多注意。
#05056,▼關於資源<br>　對於發展都市，資源是不可或缺的。有時調查一下草木周邊，說不定會有什麼新發現。植物越多的地方新發現就會越多。田地也可以帶來一些收穫，積極設置吧。
#05057,▼關於同伴<br>　為了維護和平，強大可靠的同伴是非常重要的。收集武器和防具，裝備給你的同伴們吧。對於一個王國的建設來說，各種各樣的職業和分野的發展是十分重要的，所以積極召集並培養同伴吧。他們會在有限的生命中認真工作。
#05058,▼關於屬性<br>HP　…耗盡後便無法行動<br>MP　…可以使用技能<br>活力…耗盡後動作會變緩慢<br>攻擊…能給敵人造成的傷害<br>防禦…能抵抗敵人攻擊<br>速度…影響攻擊頻度<br>運氣　…影響打出暴擊的機率<br>在戰鬥中，裝備和技能至關重要。<br>使用道具<br>調整裝備吧。
#05059,▼關於壽命<br>頭腦…可靈活使用工坊<br>靈巧…更精於工事<br>採集…擅長採集自然物<br>移動…一次能夠搬運的物品量<br>幸運…掃蕩陰雲時的氣魄<br><br>壽命…如果在無法行動期間沒能及時得到救助的話就會扣掉1點。全部耗盡後將會從城市裡永遠消失。
#05060,▼關於職業<br>・擅長戰鬥的職業<br>・能在市裡開店的職業<br>・能夠解析研究寶物的職業<br>・擅長搬運貨物的職業<br>・擅長回覆的職業<br><br>有各種各樣的豐富職業<br>可按自己喜好，收集各種個性同伴，建造只屬於自己的王國吧。
#05061,▼關於覺醒<br>　同伴們的等級到一定程度後便會抵達上限。為了突破上限，便需要覺醒。<br>為了覺醒，需要在“培養”中賦予同職種的權利。達到一定數值後便可覺醒突破等級上限。
#05062,▼關於技能<br>　一些技能可以讓居民擅長不同領域，一些則屬於職業與生俱來的自帶技能。<br>　同樣也有很多能在戰鬥中給己方帶來優勢的技能。<br>　還有一些技能可以讓人使用原本無法裝備的武具或能力。<br　>但不是所有職業都可以裝備魔法。
#05063,▼擴大區域<br>　派遣同伴去陰雲附近可以掃蕩陰雲，陰雲被掃蕩後便可擴大區域，積極指派同伴吧。<br>　在新的區域說不定能發現珍奇寶物。<br>　當然，陰雲中也可能會出現敵人，不要怕，打敗它們吧。根據職業和距離的不同，派遣費用也不一樣。
#05064,▼制霸洞窟<br>　滿月時偶爾會出現洞窟。消費能量，便可前往討伐。<br><br>　在洞窟裡可以找到貴重的寶箱等物品，所以一旦出現，還請積極前往討伐吧！<br>　洞窟附近也將會湧出大量敵人，因此同時也是升級的好機會。
#05065,▼收集寶箱<br>　被派遣的同伴可以在自然物附近找到埋藏的寶物。很多物品可以用在建築研究或是設施升級中，一定要多多收集哦。<br><br>　收集到的寶物可以經由市民解析成資源。
#05066,▼收集道具<br>　可以通過打倒敵人獲取經驗值，或者是使用道具來培養同伴使其升級。<br><br>　一部分設施的升級也需要道具，所以積極收集不同種類的道具吧。<br>　為了不被入侵的敵人搶走道具，切記鞏固你的防壁。
#05067,▼收集裝備<br>　解放新的區域後，一定機率可以從稀有的寶箱中找到裝備。都市裡有商店後便可以製作新的商品，獲得銅幣後便可購買裝備。購買自己心儀的商品吧。也可以從每日戰鬥點數和特別的設施排行中獲得裝備。
#05068,▼收集蛋<br>　雖然很罕見，但有時也許能在市外遇到閃閃發光的怪物，打倒它後有一定機率獲得神奇的蛋。<br>把蛋放置在可孵育的設施中，便可孵化出怪物，孵化出的怪物將會成為我方同伴。<br>不同種類設施可孵化出<br>・被襲擊時發揮作用的防禦專攻<br>・討伐時會追隨家主<br>以上兩種不同的行動模式。
#05069,▼給蛋投入道具<br>　孵化過程中給蛋投入道具的話，說不定會誕生出不同種類的怪物。提升怪物蛋的4種數值，獲取強大的怪物同伴吧。
#05070,▼建造不同城市<br>　隨著冒險的進行，可以建造新的市政廳，建立多個城市。城市增加後，可以去開拓更遠的區域，也可以增加更多居民，全面發展自己的王國。<br>　城市之間可以互相流通資源促進共同發展。
#05071,▼吸引遊客<br>　擴大區域後，便可復興港灣，吸引外地的觀光遊覽船。這是獲取銅幣的重要途徑。<br>　在港口設置招牌的話，遊客便會來訪市裡。為了做好引導路線，記得合理設置招牌。市裡如果沒有商店的話，遊客便會失望而歸。為了讓他們不虛此行，多多開設商店吧。
#05072,▼關於商店 1<br>　將土地分給同伴後，不同職業的人會開設不同種類的商店。也可以開設面向遊客的商店。提升工坊等級的話，說不定還可以發現新的商品哦。<br>　在有招牌的城市多多開設商店吧。
#05073,▼關於商店 2<br>　除了遊客以外，以戰鬥任務為主的同伴停留在市區時，也會活用各類商店。<br>不僅能收穫銅幣，他們所裝備的武器和防具也能從商店中獲得經驗值。<br>　根據售賣的商品的等級，所能獲取的經驗值也會不同。
#05074,▼關於土地面積<br>　土地面積將決定其上方可設置的設施上限。且不同類型的住所也會影響可設置物品的上限。<br><br>　比如床、書架、怪物小屋等，能夠設置的設施是有限的，儘量將住所安排在面積較大的土地吧。
#05075,▼關於荒地<br>　派遣的居民如果長期持續挖掘，周圍便會受其影響變為荒地，這種情況下將會很難再找到寶物或資源。<br>　為了修復荒地，需要在其周圍設置特別的設施，設施完畢後居民們便會定期前往修復荒地，使其恢復健康自然狀態。積極尋找修復荒地的設施吧。
#05076,▼關於討伐<br>　敵人頭目會偶爾突然出現在區域中央，前往擊退它吧。為了打倒頭目需要發動特別的戰鬥。屆時國王也必將親自參戰。<br>　而住宿中的冒險者、好友、還有住在市內的怪物都會自動加入我方一起戰鬥。好好思考如何安排參戰成員，一起攻略頭目吧。
#05077,▼能夠擴大領地的設施<br>　在所有設施當中，有一些可以為王國擴大領地。在遠離市政廳的位置建設指定設施，儘可能積極地擴大領地吧。城市的等級提升後，在特定時機下領地也可能會自動擴大。積極活用新的領地，展開新的冒險吧。
#05078,▼關於水域<br>　有一部分寶箱或頭目會被包圍在水域中。請放心，只需派遣居民前往水域附近，他們便會搭建簡易的渡橋。獲得橋後，就可以在喜歡的地方自由搭建橋了。
#05079,▼關於國王<br>　城市等級上升時，國王的等級也會同步進化。<br>　只要努力提升城市等級，國王也自會越來越強大。<br><br>　也許你認為國王會漸漸遠離戰場，但其實他會在意想不到的時候突然進化變得更為強大，放手去培養他吧。
#05080,▼關於好友<br>　和其他玩家成為好友後<br>・頭領/洞窟討伐戰<br>・期間限定的討伐活動<br>・<br>在上述活動中可以為我方協力。<br>設置好友床鋪後，好友便會留下，還會幫助進行派遣或農業等工作。
#05081,▼關於旅館的冒險者<br>　招攬觀光船後，偶爾也會有冒險者來訪。如果市裡有旅館的話，他們便會入住。冒險者們會在頭目討伐戰中出一分力。<br><br>　提高港口的等級，冒險者們的能力也會隨之上升。
#05082,▼關於全體型道具<br>　與培養和升級時所需的道具不同，全體型道具是指可以給全體居民使用的道具。比如一次回覆全體成員的HP，或者一次給與全體成員經驗值，恢復全資源等，擁有各種各樣的效果。如果手裡有的話，就看準時機積極使用吧。
#05083,▼關於研究<br>　為了獲取新的設施、武器或道具，研究是非常有必要的。如果有可以研究的職業，或是擁有具備研究技能的同伴，給他安排住宿或相應設施後便可開始研究。<br><br>　有充足的資源時便積極進行研究吧。如果收集到特定的道具和銅幣後，說不定可以發現新的研究內容。
#05084,▼關於敵人的襲擊<br>　滿月之夜，周邊可能會有敵人來襲。先讓居民們恢復好體力，然後再前往擊退敵人吧。<br>　敵人會按自己的喜好順序對市裡的設施進行攻擊。為了保衛好倉庫和能量設施等重要的據點，切記一定要把它們設置在儘量遠離容易受攻擊的位置。
#05085,▼關於結婚生子<br>　住在同一房間的男女親密度會隨著時間而增高。如果市裡有教堂的話，就可以使年輕男女喜結連理。<br>當擁有三座城市後，夫婦之間便可孕育新的生命。<br>　孩子說不定會結合父母雙方的職業從而產生新的職業。父母的契合度也會影響孩子所能夠繼承的能力值。
#05086,▼收集收藏品<br>　城市裡有小孩後，擁有銀幣的特別客人便會來訪。建造動物園、博物館等，舉辦特別展會，就能入手銀幣。只要發現特別職業後，就可建造展示室了。積極在各處尋找可以展示的物品，賺取更多銀幣吧。
#05087,▼與全國玩家比賽<br>　每升5級，便會發佈一次高分排行榜，除此之外還有角色之間的地下竟技場，在竟技中取勝獲得優勝點數參與全國排行等。一邊增加好友，一邊走向稱霸全國之路吧。
#05088,▼其他<br>　想要重新開始遊戲的話，需要先卸載遊戲，或是刪除本地保存的記錄。<br>※卸載後所有存檔將被全部刪除。<br><br>　如果遇到遊戲內部道具購買問題或網絡連接問題等，請參考FAQ並聯繫客服郵箱。
#05089,(關於這個遊戲)
#05090,是否下載'save.bin'？
#05091,王都創世物語
#05092,截止日
#05093,消費<0> 實行
#05094,紀錄
#05095,=#02459
#05096,=#02462
#05097,ON
#05098,OFF
#05099,Lv.<0>
#05100,Lv<0>
#05101,Lv.<0>/<1>
#05102,MP <0>
#05103,Lv
#05104,GET
#05105,<0>pt
#05106,EXP
#05107,<0>UP!
#05108,=#00642
#05109,Press <btn=10> Button to enter Cursor Mode.<br>Move the cursor with <btn=16,1>/<btn=4,0> and press<br> <btn=3>/<btn=0> as an alternative to tapping the touch screen.<br>Press the <btn=10> Button again to exit this mode.
#05110,Preparing system...
#05111,Save data is corrupted. <br>Try to restore it?
#05112,Restore failed.
#05113,Delete the corrupted data and<br>start a new game?
#05114,Please close the g